[2026-04-29 07:53:17] local.ERROR: Command "make:" is ambiguous.
Did you mean one of these?
    make:cache-table         Create a migration for the cache database table
    make:cast                Create a new custom Eloquent cast class
    make:channel             Create a new channel class
    make:class               Create a new class
    make:component           Create a new view component class
    make:config              Create a new configuration file
    make:command             Create a new Artisan command
    make:controller          Create a new controller class
    make:enum                Create a new enum
    make:event               Create a new event class
    make:exception           Create a new custom exception class
    make:factory             Create a new model factory
    make:interface           Create a new interface
    make:job                 Create a new job class
    make:job-middleware      Create a new job middleware class
    make:listener            Create a new event listener class
    make:mail                Create a new email class
    make:middleware          Create a new HTTP middleware class
    make:model               Create a new Eloquent model class
    make:notification        Create a new notification class
    make:notifications-table Create a migration for the notifications table
    make:observer            Create a new observer class
    make:policy              Create a new policy class
    make:provider            Create a new service provider class
    make:queue-failed-table  Create a migration for the failed queue jobs database table
    make:queue-table         Create a migration for the queue jobs database table
    make:queue-batches-table Create a migration for the batches database table
    make:request             Create a new form request class
    make:resource            Create a new resource
    make:rule                Create a new validation rule
    make:scope               Create a new scope class
    make:seeder              Create a new seeder class
    make:session-table       Create a migration for the session database table
    make:test                Create a new test class
    make:trait               Create a new trait
    make:view                Create a new view
    make:migration           Create a new migration file. {"exception":"[object] (Symfony\\Component\\Console\\Exception\\CommandNotFoundException(code: 0): Command \"make:\" is ambiguous.
Did you mean one of these?
    make:cache-table         Create a migration for the cache database table
    make:cast                Create a new custom Eloquent cast class
    make:channel             Create a new channel class
    make:class               Create a new class
    make:component           Create a new view component class
    make:config              Create a new configuration file
    make:command             Create a new Artisan command
    make:controller          Create a new controller class
    make:enum                Create a new enum
    make:event               Create a new event class
    make:exception           Create a new custom exception class
    make:factory             Create a new model factory
    make:interface           Create a new interface
    make:job                 Create a new job class
    make:job-middleware      Create a new job middleware class
    make:listener            Create a new event listener class
    make:mail                Create a new email class
    make:middleware          Create a new HTTP middleware class
    make:model               Create a new Eloquent model class
    make:notification        Create a new notification class
    make:notifications-table Create a migration for the notifications table
    make:observer            Create a new observer class
    make:policy              Create a new policy class
    make:provider            Create a new service provider class
    make:queue-failed-table  Create a migration for the failed queue jobs database table
    make:queue-table         Create a migration for the queue jobs database table
    make:queue-batches-table Create a migration for the batches database table
    make:request             Create a new form request class
    make:resource            Create a new resource
    make:rule                Create a new validation rule
    make:scope               Create a new scope class
    make:seeder              Create a new seeder class
    make:session-table       Create a migration for the session database table
    make:test                Create a new test class
    make:trait               Create a new trait
    make:view                Create a new view
    make:migration           Create a new migration file. at Z:/laragon/www/Praktikum_SIWEB_WEEK8/vendor/symfony/console/Application.php:815)
[stacktrace]
#0 Z:/laragon/www/Praktikum_SIWEB_WEEK8/vendor/symfony/console/Application.php(298): Symfony/Component/Console/Application->find('make:')
#1 Z:/laragon/www/Praktikum_SIWEB_WEEK8/vendor/symfony/console/Application.php(195): Symfony/Component/Console/Application->doRun(Object(Symfony/Component/Console/Input/ArgvInput), Object(Symfony/Component/Console/Output/ConsoleOutput))
#2 Z:/laragon/www/Praktikum_SIWEB_WEEK8/vendor/laravel/framework/src/Illuminate/Foundation/Console/Kernel.php(198): Symfony/Component/Console/Application->run(Object(Symfony/Component/Console/Input/ArgvInput), Object(Symfony/Component/Console/Output/ConsoleOutput))
#3 Z:/laragon/www/Praktikum_SIWEB_WEEK8/vendor/laravel/framework/src/Illuminate/Foundation/Application.php(1235): Illuminate/Foundation/Console/Kernel->handle(Object(Symfony/Component/Console/Input/ArgvInput), Object(Symfony/Component/Console/Output/ConsoleOutput))
#4 Z:/laragon/www/Praktikum_SIWEB_WEEK8/artisan(16): Illuminate/Foundation/Application->handleCommand(Object(Symfony/Component/Console/Input/ArgvInput))
#5 {main}
"} 
[2026-04-29 07:53:35] local.ERROR: Command "make:" is ambiguous.
Did you mean one of these?
    make:cache-table         Create a migration for the cache database table
    make:cast                Create a new custom Eloquent cast class
    make:channel             Create a new channel class
    make:class               Create a new class
    make:component           Create a new view component class
    make:config              Create a new configuration file
    make:command             Create a new Artisan command
    make:controller          Create a new controller class
    make:enum                Create a new enum
    make:event               Create a new event class
    make:exception           Create a new custom exception class
    make:factory             Create a new model factory
    make:interface           Create a new interface
    make:job                 Create a new job class
    make:job-middleware      Create a new job middleware class
    make:listener            Create a new event listener class
    make:mail                Create a new email class
    make:middleware          Create a new HTTP middleware class
    make:model               Create a new Eloquent model class
    make:notification        Create a new notification class
    make:notifications-table Create a migration for the notifications table
    make:observer            Create a new observer class
    make:policy              Create a new policy class
    make:provider            Create a new service provider class
    make:queue-failed-table  Create a migration for the failed queue jobs database table
    make:queue-table         Create a migration for the queue jobs database table
    make:queue-batches-table Create a migration for the batches database table
    make:request             Create a new form request class
    make:resource            Create a new resource
    make:rule                Create a new validation rule
    make:scope               Create a new scope class
    make:seeder              Create a new seeder class
    make:session-table       Create a migration for the session database table
    make:test                Create a new test class
    make:trait               Create a new trait
    make:view                Create a new view
    make:migration           Create a new migration file. {"exception":"[object] (Symfony\\Component\\Console\\Exception\\CommandNotFoundException(code: 0): Command \"make:\" is ambiguous.
Did you mean one of these?
    make:cache-table         Create a migration for the cache database table
    make:cast                Create a new custom Eloquent cast class
    make:channel             Create a new channel class
    make:class               Create a new class
    make:component           Create a new view component class
    make:config              Create a new configuration file
    make:command             Create a new Artisan command
    make:controller          Create a new controller class
    make:enum                Create a new enum
    make:event               Create a new event class
    make:exception           Create a new custom exception class
    make:factory             Create a new model factory
    make:interface           Create a new interface
    make:job                 Create a new job class
    make:job-middleware      Create a new job middleware class
    make:listener            Create a new event listener class
    make:mail                Create a new email class
    make:middleware          Create a new HTTP middleware class
    make:model               Create a new Eloquent model class
    make:notification        Create a new notification class
    make:notifications-table Create a migration for the notifications table
    make:observer            Create a new observer class
    make:policy              Create a new policy class
    make:provider            Create a new service provider class
    make:queue-failed-table  Create a migration for the failed queue jobs database table
    make:queue-table         Create a migration for the queue jobs database table
    make:queue-batches-table Create a migration for the batches database table
    make:request             Create a new form request class
    make:resource            Create a new resource
    make:rule                Create a new validation rule
    make:scope               Create a new scope class
    make:seeder              Create a new seeder class
    make:session-table       Create a migration for the session database table
    make:test                Create a new test class
    make:trait               Create a new trait
    make:view                Create a new view
    make:migration           Create a new migration file. at Z:/laragon/www/Praktikum_SIWEB_WEEK8/vendor/symfony/console/Application.php:815)
[stacktrace]
#0 Z:/laragon/www/Praktikum_SIWEB_WEEK8/vendor/symfony/console/Application.php(298): Symfony/Component/Console/Application->find('make:')
#1 Z:/laragon/www/Praktikum_SIWEB_WEEK8/vendor/symfony/console/Application.php(195): Symfony/Component/Console/Application->doRun(Object(Symfony/Component/Console/Input/ArgvInput), Object(Symfony/Component/Console/Output/ConsoleOutput))
#2 Z:/laragon/www/Praktikum_SIWEB_WEEK8/vendor/laravel/framework/src/Illuminate/Foundation/Console/Kernel.php(198): Symfony/Component/Console/Application->run(Object(Symfony/Component/Console/Input/ArgvInput), Object(Symfony/Component/Console/Output/ConsoleOutput))
#3 Z:/laragon/www/Praktikum_SIWEB_WEEK8/vendor/laravel/framework/src/Illuminate/Foundation/Application.php(1235): Illuminate/Foundation/Console/Kernel->handle(Object(Symfony/Component/Console/Input/ArgvInput), Object(Symfony/Component/Console/Output/ConsoleOutput))
#4 Z:/laragon/www/Praktikum_SIWEB_WEEK8/artisan(16): Illuminate/Foundation/Application->handleCommand(Object(Symfony/Component/Console/Input/ArgvInput))
#5 {main}
"} 
[2026-04-29 07:53:56] local.ERROR: Command "make:" is ambiguous.
Did you mean one of these?
    make:cache-table         Create a migration for the cache database table
    make:cast                Create a new custom Eloquent cast class
    make:channel             Create a new channel class
    make:class               Create a new class
    make:component           Create a new view component class
    make:config              Create a new configuration file
    make:command             Create a new Artisan command
    make:controller          Create a new controller class
    make:enum                Create a new enum
    make:event               Create a new event class
    make:exception           Create a new custom exception class
    make:factory             Create a new model factory
    make:interface           Create a new interface
    make:job                 Create a new job class
    make:job-middleware      Create a new job middleware class
    make:listener            Create a new event listener class
    make:mail                Create a new email class
    make:middleware          Create a new HTTP middleware class
    make:model               Create a new Eloquent model class
    make:notification        Create a new notification class
    make:notifications-table Create a migration for the notifications table
    make:observer            Create a new observer class
    make:policy              Create a new policy class
    make:provider            Create a new service provider class
    make:queue-failed-table  Create a migration for the failed queue jobs database table
    make:queue-table         Create a migration for the queue jobs database table
    make:queue-batches-table Create a migration for the batches database table
    make:request             Create a new form request class
    make:resource            Create a new resource
    make:rule                Create a new validation rule
    make:scope               Create a new scope class
    make:seeder              Create a new seeder class
    make:session-table       Create a migration for the session database table
    make:test                Create a new test class
    make:trait               Create a new trait
    make:view                Create a new view
    make:migration           Create a new migration file. {"exception":"[object] (Symfony\\Component\\Console\\Exception\\CommandNotFoundException(code: 0): Command \"make:\" is ambiguous.
Did you mean one of these?
    make:cache-table         Create a migration for the cache database table
    make:cast                Create a new custom Eloquent cast class
    make:channel             Create a new channel class
    make:class               Create a new class
    make:component           Create a new view component class
    make:config              Create a new configuration file
    make:command             Create a new Artisan command
    make:controller          Create a new controller class
    make:enum                Create a new enum
    make:event               Create a new event class
    make:exception           Create a new custom exception class
    make:factory             Create a new model factory
    make:interface           Create a new interface
    make:job                 Create a new job class
    make:job-middleware      Create a new job middleware class
    make:listener            Create a new event listener class
    make:mail                Create a new email class
    make:middleware          Create a new HTTP middleware class
    make:model               Create a new Eloquent model class
    make:notification        Create a new notification class
    make:notifications-table Create a migration for the notifications table
    make:observer            Create a new observer class
    make:policy              Create a new policy class
    make:provider            Create a new service provider class
    make:queue-failed-table  Create a migration for the failed queue jobs database table
    make:queue-table         Create a migration for the queue jobs database table
    make:queue-batches-table Create a migration for the batches database table
    make:request             Create a new form request class
    make:resource            Create a new resource
    make:rule                Create a new validation rule
    make:scope               Create a new scope class
    make:seeder              Create a new seeder class
    make:session-table       Create a migration for the session database table
    make:test                Create a new test class
    make:trait               Create a new trait
    make:view                Create a new view
    make:migration           Create a new migration file. at Z:/laragon/www/Praktikum_SIWEB_WEEK8/vendor/symfony/console/Application.php:815)
[stacktrace]
#0 Z:/laragon/www/Praktikum_SIWEB_WEEK8/vendor/symfony/console/Application.php(298): Symfony/Component/Console/Application->find('make:')
#1 Z:/laragon/www/Praktikum_SIWEB_WEEK8/vendor/symfony/console/Application.php(195): Symfony/Component/Console/Application->doRun(Object(Symfony/Component/Console/Input/ArgvInput), Object(Symfony/Component/Console/Output/ConsoleOutput))
#2 Z:/laragon/www/Praktikum_SIWEB_WEEK8/vendor/laravel/framework/src/Illuminate/Foundation/Console/Kernel.php(198): Symfony/Component/Console/Application->run(Object(Symfony/Component/Console/Input/ArgvInput), Object(Symfony/Component/Console/Output/ConsoleOutput))
#3 Z:/laragon/www/Praktikum_SIWEB_WEEK8/vendor/laravel/framework/src/Illuminate/Foundation/Application.php(1235): Illuminate/Foundation/Console/Kernel->handle(Object(Symfony/Component/Console/Input/ArgvInput), Object(Symfony/Component/Console/Output/ConsoleOutput))
#4 Z:/laragon/www/Praktikum_SIWEB_WEEK8/artisan(16): Illuminate/Foundation/Application->handleCommand(Object(Symfony/Component/Console/Input/ArgvInput))
#5 {main}
"} 
[2026-04-29 07:57:41] local.ERROR: Command "make:" is ambiguous.
Did you mean one of these?
    make:cache-table         Create a migration for the cache database table
    make:cast                Create a new custom Eloquent cast class
    make:channel             Create a new channel class
    make:class               Create a new class
    make:component           Create a new view component class
    make:config              Create a new configuration file
    make:command             Create a new Artisan command
    make:controller          Create a new controller class
    make:enum                Create a new enum
    make:event               Create a new event class
    make:exception           Create a new custom exception class
    make:factory             Create a new model factory
    make:interface           Create a new interface
    make:job                 Create a new job class
    make:job-middleware      Create a new job middleware class
    make:listener            Create a new event listener class
    make:mail                Create a new email class
    make:middleware          Create a new HTTP middleware class
    make:model               Create a new Eloquent model class
    make:notification        Create a new notification class
    make:notifications-table Create a migration for the notifications table
    make:observer            Create a new observer class
    make:policy              Create a new policy class
    make:provider            Create a new service provider class
    make:queue-failed-table  Create a migration for the failed queue jobs database table
    make:queue-table         Create a migration for the queue jobs database table
    make:queue-batches-table Create a migration for the batches database table
    make:request             Create a new form request class
    make:resource            Create a new resource
    make:rule                Create a new validation rule
    make:scope               Create a new scope class
    make:seeder              Create a new seeder class
    make:session-table       Create a migration for the session database table
    make:test                Create a new test class
    make:trait               Create a new trait
    make:view                Create a new view
    make:migration           Create a new migration file. {"exception":"[object] (Symfony\\Component\\Console\\Exception\\CommandNotFoundException(code: 0): Command \"make:\" is ambiguous.
Did you mean one of these?
    make:cache-table         Create a migration for the cache database table
    make:cast                Create a new custom Eloquent cast class
    make:channel             Create a new channel class
    make:class               Create a new class
    make:component           Create a new view component class
    make:config              Create a new configuration file
    make:command             Create a new Artisan command
    make:controller          Create a new controller class
    make:enum                Create a new enum
    make:event               Create a new event class
    make:exception           Create a new custom exception class
    make:factory             Create a new model factory
    make:interface           Create a new interface
    make:job                 Create a new job class
    make:job-middleware      Create a new job middleware class
    make:listener            Create a new event listener class
    make:mail                Create a new email class
    make:middleware          Create a new HTTP middleware class
    make:model               Create a new Eloquent model class
    make:notification        Create a new notification class
    make:notifications-table Create a migration for the notifications table
    make:observer            Create a new observer class
    make:policy              Create a new policy class
    make:provider            Create a new service provider class
    make:queue-failed-table  Create a migration for the failed queue jobs database table
    make:queue-table         Create a migration for the queue jobs database table
    make:queue-batches-table Create a migration for the batches database table
    make:request             Create a new form request class
    make:resource            Create a new resource
    make:rule                Create a new validation rule
    make:scope               Create a new scope class
    make:seeder              Create a new seeder class
    make:session-table       Create a migration for the session database table
    make:test                Create a new test class
    make:trait               Create a new trait
    make:view                Create a new view
    make:migration           Create a new migration file. at Z:/laragon/www/Praktikum_SIWEB_WEEK8/vendor/symfony/console/Application.php:815)
[stacktrace]
#0 Z:/laragon/www/Praktikum_SIWEB_WEEK8/vendor/symfony/console/Application.php(298): Symfony/Component/Console/Application->find('make:')
#1 Z:/laragon/www/Praktikum_SIWEB_WEEK8/vendor/symfony/console/Application.php(195): Symfony/Component/Console/Application->doRun(Object(Symfony/Component/Console/Input/ArgvInput), Object(Symfony/Component/Console/Output/ConsoleOutput))
#2 Z:/laragon/www/Praktikum_SIWEB_WEEK8/vendor/laravel/framework/src/Illuminate/Foundation/Console/Kernel.php(198): Symfony/Component/Console/Application->run(Object(Symfony/Component/Console/Input/ArgvInput), Object(Symfony/Component/Console/Output/ConsoleOutput))
#3 Z:/laragon/www/Praktikum_SIWEB_WEEK8/vendor/laravel/framework/src/Illuminate/Foundation/Application.php(1235): Illuminate/Foundation/Console/Kernel->handle(Object(Symfony/Component/Console/Input/ArgvInput), Object(Symfony/Component/Console/Output/ConsoleOutput))
#4 Z:/laragon/www/Praktikum_SIWEB_WEEK8/artisan(16): Illuminate/Foundation/Application->handleCommand(Object(Symfony/Component/Console/Input/ArgvInput))
#5 {main}
"} 
[2026-04-29 07:58:01] local.ERROR: Command "make:" is ambiguous.
Did you mean one of these?
    make:cache-table         Create a migration for the cache database table
    make:cast                Create a new custom Eloquent cast class
    make:channel             Create a new channel class
    make:class               Create a new class
    make:component           Create a new view component class
    make:config              Create a new configuration file
    make:command             Create a new Artisan command
    make:controller          Create a new controller class
    make:enum                Create a new enum
    make:event               Create a new event class
    make:exception           Create a new custom exception class
    make:factory             Create a new model factory
    make:interface           Create a new interface
    make:job                 Create a new job class
    make:job-middleware      Create a new job middleware class
    make:listener            Create a new event listener class
    make:mail                Create a new email class
    make:middleware          Create a new HTTP middleware class
    make:model               Create a new Eloquent model class
    make:notification        Create a new notification class
    make:notifications-table Create a migration for the notifications table
    make:observer            Create a new observer class
    make:policy              Create a new policy class
    make:provider            Create a new service provider class
    make:queue-failed-table  Create a migration for the failed queue jobs database table
    make:queue-table         Create a migration for the queue jobs database table
    make:queue-batches-table Create a migration for the batches database table
    make:request             Create a new form request class
    make:resource            Create a new resource
    make:rule                Create a new validation rule
    make:scope               Create a new scope class
    make:seeder              Create a new seeder class
    make:session-table       Create a migration for the session database table
    make:test                Create a new test class
    make:trait               Create a new trait
    make:view                Create a new view
    make:migration           Create a new migration file. {"exception":"[object] (Symfony\\Component\\Console\\Exception\\CommandNotFoundException(code: 0): Command \"make:\" is ambiguous.
Did you mean one of these?
    make:cache-table         Create a migration for the cache database table
    make:cast                Create a new custom Eloquent cast class
    make:channel             Create a new channel class
    make:class               Create a new class
    make:component           Create a new view component class
    make:config              Create a new configuration file
    make:command             Create a new Artisan command
    make:controller          Create a new controller class
    make:enum                Create a new enum
    make:event               Create a new event class
    make:exception           Create a new custom exception class
    make:factory             Create a new model factory
    make:interface           Create a new interface
    make:job                 Create a new job class
    make:job-middleware      Create a new job middleware class
    make:listener            Create a new event listener class
    make:mail                Create a new email class
    make:middleware          Create a new HTTP middleware class
    make:model               Create a new Eloquent model class
    make:notification        Create a new notification class
    make:notifications-table Create a migration for the notifications table
    make:observer            Create a new observer class
    make:policy              Create a new policy class
    make:provider            Create a new service provider class
    make:queue-failed-table  Create a migration for the failed queue jobs database table
    make:queue-table         Create a migration for the queue jobs database table
    make:queue-batches-table Create a migration for the batches database table
    make:request             Create a new form request class
    make:resource            Create a new resource
    make:rule                Create a new validation rule
    make:scope               Create a new scope class
    make:seeder              Create a new seeder class
    make:session-table       Create a migration for the session database table
    make:test                Create a new test class
    make:trait               Create a new trait
    make:view                Create a new view
    make:migration           Create a new migration file. at Z:/laragon/www/Praktikum_SIWEB_WEEK8/vendor/symfony/console/Application.php:815)
[stacktrace]
#0 Z:/laragon/www/Praktikum_SIWEB_WEEK8/vendor/symfony/console/Application.php(298): Symfony/Component/Console/Application->find('make:')
#1 Z:/laragon/www/Praktikum_SIWEB_WEEK8/vendor/symfony/console/Application.php(195): Symfony/Component/Console/Application->doRun(Object(Symfony/Component/Console/Input/ArgvInput), Object(Symfony/Component/Console/Output/ConsoleOutput))
#2 Z:/laragon/www/Praktikum_SIWEB_WEEK8/vendor/laravel/framework/src/Illuminate/Foundation/Console/Kernel.php(198): Symfony/Component/Console/Application->run(Object(Symfony/Component/Console/Input/ArgvInput), Object(Symfony/Component/Console/Output/ConsoleOutput))
#3 Z:/laragon/www/Praktikum_SIWEB_WEEK8/vendor/laravel/framework/src/Illuminate/Foundation/Application.php(1235): Illuminate/Foundation/Console/Kernel->handle(Object(Symfony/Component/Console/Input/ArgvInput), Object(Symfony/Component/Console/Output/ConsoleOutput))
#4 Z:/laragon/www/Praktikum_SIWEB_WEEK8/artisan(16): Illuminate/Foundation/Application->handleCommand(Object(Symfony/Component/Console/Input/ArgvInput))
#5 {main}
"} 
[2026-04-29 07:58:11] local.ERROR: Command "make:" is ambiguous.
Did you mean one of these?
    make:cache-table         Create a migration for the cache database table
    make:cast                Create a new custom Eloquent cast class
    make:channel             Create a new channel class
    make:class               Create a new class
    make:component           Create a new view component class
    make:config              Create a new configuration file
    make:command             Create a new Artisan command
    make:controller          Create a new controller class
    make:enum                Create a new enum
    make:event               Create a new event class
    make:exception           Create a new custom exception class
    make:factory             Create a new model factory
    make:interface           Create a new interface
    make:job                 Create a new job class
    make:job-middleware      Create a new job middleware class
    make:listener            Create a new event listener class
    make:mail                Create a new email class
    make:middleware          Create a new HTTP middleware class
    make:model               Create a new Eloquent model class
    make:notification        Create a new notification class
    make:notifications-table Create a migration for the notifications table
    make:observer            Create a new observer class
    make:policy              Create a new policy class
    make:provider            Create a new service provider class
    make:queue-failed-table  Create a migration for the failed queue jobs database table
    make:queue-table         Create a migration for the queue jobs database table
    make:queue-batches-table Create a migration for the batches database table
    make:request             Create a new form request class
    make:resource            Create a new resource
    make:rule                Create a new validation rule
    make:scope               Create a new scope class
    make:seeder              Create a new seeder class
    make:session-table       Create a migration for the session database table
    make:test                Create a new test class
    make:trait               Create a new trait
    make:view                Create a new view
    make:migration           Create a new migration file. {"exception":"[object] (Symfony\\Component\\Console\\Exception\\CommandNotFoundException(code: 0): Command \"make:\" is ambiguous.
Did you mean one of these?
    make:cache-table         Create a migration for the cache database table
    make:cast                Create a new custom Eloquent cast class
    make:channel             Create a new channel class
    make:class               Create a new class
    make:component           Create a new view component class
    make:config              Create a new configuration file
    make:command             Create a new Artisan command
    make:controller          Create a new controller class
    make:enum                Create a new enum
    make:event               Create a new event class
    make:exception           Create a new custom exception class
    make:factory             Create a new model factory
    make:interface           Create a new interface
    make:job                 Create a new job class
    make:job-middleware      Create a new job middleware class
    make:listener            Create a new event listener class
    make:mail                Create a new email class
    make:middleware          Create a new HTTP middleware class
    make:model               Create a new Eloquent model class
    make:notification        Create a new notification class
    make:notifications-table Create a migration for the notifications table
    make:observer            Create a new observer class
    make:policy              Create a new policy class
    make:provider            Create a new service provider class
    make:queue-failed-table  Create a migration for the failed queue jobs database table
    make:queue-table         Create a migration for the queue jobs database table
    make:queue-batches-table Create a migration for the batches database table
    make:request             Create a new form request class
    make:resource            Create a new resource
    make:rule                Create a new validation rule
    make:scope               Create a new scope class
    make:seeder              Create a new seeder class
    make:session-table       Create a migration for the session database table
    make:test                Create a new test class
    make:trait               Create a new trait
    make:view                Create a new view
    make:migration           Create a new migration file. at Z:/laragon/www/Praktikum_SIWEB_WEEK8/vendor/symfony/console/Application.php:815)
[stacktrace]
#0 Z:/laragon/www/Praktikum_SIWEB_WEEK8/vendor/symfony/console/Application.php(298): Symfony/Component/Console/Application->find('make:')
#1 Z:/laragon/www/Praktikum_SIWEB_WEEK8/vendor/symfony/console/Application.php(195): Symfony/Component/Console/Application->doRun(Object(Symfony/Component/Console/Input/ArgvInput), Object(Symfony/Component/Console/Output/ConsoleOutput))
#2 Z:/laragon/www/Praktikum_SIWEB_WEEK8/vendor/laravel/framework/src/Illuminate/Foundation/Console/Kernel.php(198): Symfony/Component/Console/Application->run(Object(Symfony/Component/Console/Input/ArgvInput), Object(Symfony/Component/Console/Output/ConsoleOutput))
#3 Z:/laragon/www/Praktikum_SIWEB_WEEK8/vendor/laravel/framework/src/Illuminate/Foundation/Application.php(1235): Illuminate/Foundation/Console/Kernel->handle(Object(Symfony/Component/Console/Input/ArgvInput), Object(Symfony/Component/Console/Output/ConsoleOutput))
#4 Z:/laragon/www/Praktikum_SIWEB_WEEK8/artisan(16): Illuminate/Foundation/Application->handleCommand(Object(Symfony/Component/Console/Input/ArgvInput))
#5 {main}
"} 
[2026-04-29 08:04:17] local.ERROR: No application encryption key has been specified. {"exception":"[object] (Illuminate\\Encryption\\MissingAppKeyException(code: 0): No application encryption key has been specified. at Z:/laragon/www/Praktikum_SIWEB_WEEK8/vendor/laravel/framework/src/Illuminate/Encryption/EncryptionServiceProvider.php:83)
[stacktrace]
#0 Z:/laragon/www/Praktikum_SIWEB_WEEK8/vendor/laravel/framework/src/Illuminate/Support/helpers.php(388): Illuminate/Encryption/EncryptionServiceProvider->{closure:Illuminate/Encryption/EncryptionServiceProvider::key():81}('')
#1 Z:/laragon/www/Praktikum_SIWEB_WEEK8/vendor/laravel/framework/src/Illuminate/Encryption/EncryptionServiceProvider.php(81): tap('', Object(Closure))
#2 Z:/laragon/www/Praktikum_SIWEB_WEEK8/vendor/laravel/framework/src/Illuminate/Encryption/EncryptionServiceProvider.php(64): Illuminate/Encryption/EncryptionServiceProvider->key(Array)
#3 Z:/laragon/www/Praktikum_SIWEB_WEEK8/vendor/laravel/framework/src/Illuminate/Encryption/EncryptionServiceProvider.php(32): Illuminate/Encryption/EncryptionServiceProvider->parseKey(Array)
#4 Z:/laragon/www/Praktikum_SIWEB_WEEK8/vendor/laravel/framework/src/Illuminate/Container/Container.php(1115): Illuminate/Encryption/EncryptionServiceProvider->{closure:Illuminate/Encryption/EncryptionServiceProvider::registerEncrypter():29}(Object(Illuminate/Foundation/Application), Array)
#5 Z:/laragon/www/Praktikum_SIWEB_WEEK8/vendor/laravel/framework/src/Illuminate/Container/Container.php(933): Illuminate/Container/Container->build(Object(Closure))
#6 Z:/laragon/www/Praktikum_SIWEB_WEEK8/vendor/laravel/framework/src/Illuminate/Foundation/Application.php(1078): Illuminate/Container/Container->resolve('encrypter', Array, true)
#7 Z:/laragon/www/Praktikum_SIWEB_WEEK8/vendor/laravel/framework/src/Illuminate/Container/Container.php(864): Illuminate/Foundation/Application->resolve('encrypter', Array)
#8 Z:/laragon/www/Praktikum_SIWEB_WEEK8/vendor/laravel/framework/src/Illuminate/Foundation/Application.php(1058): Illuminate/Container/Container->make('encrypter', Array)
#9 Z:/laragon/www/Praktikum_SIWEB_WEEK8/vendor/laravel/framework/src/Illuminate/Container/Container.php(1336): Illuminate/Foundation/Application->make('encrypter')
#10 Z:/laragon/www/Praktikum_SIWEB_WEEK8/vendor/laravel/framework/src/Illuminate/Container/Container.php(1237): Illuminate/Container/Container->resolveClass(Object(ReflectionParameter))
#11 Z:/laragon/www/Praktikum_SIWEB_WEEK8/vendor/laravel/framework/src/Illuminate/Container/Container.php(1162): Illuminate/Container/Container->resolveDependencies(Array)
#12 Z:/laragon/www/Praktikum_SIWEB_WEEK8/vendor/laravel/framework/src/Illuminate/Container/Container.php(933): Illuminate/Container/Container->build('Illuminate//Cook...')
#13 Z:/laragon/www/Praktikum_SIWEB_WEEK8/vendor/laravel/framework/src/Illuminate/Foundation/Application.php(1078): Illuminate/Container/Container->resolve('Illuminate//Cook...', Array, true)
#14 Z:/laragon/www/Praktikum_SIWEB_WEEK8/vendor/laravel/framework/src/Illuminate/Container/Container.php(864): Illuminate/Foundation/Application->resolve('Illuminate//Cook...', Array)
#15 Z:/laragon/www/Praktikum_SIWEB_WEEK8/vendor/laravel/framework/src/Illuminate/Foundation/Application.php(1058): Illuminate/Container/Container->make('Illuminate//Cook...', Array)
#16 Z:/laragon/www/Praktikum_SIWEB_WEEK8/vendor/laravel/framework/src/Illuminate/Pipeline/Pipeline.php(208): Illuminate/Foundation/Application->make('Illuminate//Cook...')
#17 Z:/laragon/www/Praktikum_SIWEB_WEEK8/vendor/laravel/framework/src/Illuminate/Pipeline/Pipeline.php(137): Illuminate/Pipeline/Pipeline->{closure:{closure:Illuminate/Pipeline/Pipeline::carry():194}:195}(Object(Illuminate/Http/Request))
#18 Z:/laragon/www/Praktikum_SIWEB_WEEK8/vendor/laravel/framework/src/Illuminate/Routing/Router.php(821): Illuminate/Pipeline/Pipeline->then(Object(Closure))
#19 Z:/laragon/www/Praktikum_SIWEB_WEEK8/vendor/laravel/framework/src/Illuminate/Routing/Router.php(800): Illuminate/Routing/Router->runRouteWithinStack(Object(Illuminate/Routing/Route), Object(Illuminate/Http/Request))
#20 Z:/laragon/www/Praktikum_SIWEB_WEEK8/vendor/laravel/framework/src/Illuminate/Routing/Router.php(764): Illuminate/Routing/Router->runRoute(Object(Illuminate/Http/Request), Object(Illuminate/Routing/Route))
#21 Z:/laragon/www/Praktikum_SIWEB_WEEK8/vendor/laravel/framework/src/Illuminate/Routing/Router.php(753): Illuminate/Routing/Router->dispatchToRoute(Object(Illuminate/Http/Request))
#22 Z:/laragon/www/Praktikum_SIWEB_WEEK8/vendor/laravel/framework/src/Illuminate/Foundation/Http/Kernel.php(200): Illuminate/Routing/Router->dispatch(Object(Illuminate/Http/Request))
#23 Z:/laragon/www/Praktikum_SIWEB_WEEK8/vendor/laravel/framework/src/Illuminate/Pipeline/Pipeline.php(180): Illuminate/Foundation/Http/Kernel->{closure:Illuminate/Foundation/Http/Kernel::dispatchToRouter():197}(Object(Illuminate/Http/Request))
#24 Z:/laragon/www/Praktikum_SIWEB_WEEK8/vendor/laravel/framework/src/Illuminate/Foundation/Http/Middleware/TransformsRequest.php(21): Illuminate/Pipeline/Pipeline->{closure:Illuminate/Pipeline/Pipeline::prepareDestination():178}(Object(Illuminate/Http/Request))
#25 Z:/laragon/www/Praktikum_SIWEB_WEEK8/vendor/laravel/framework/src/Illuminate/Foundation/Http/Middleware/ConvertEmptyStringsToNull.php(31): Illuminate/Foundation/Http/Middleware/TransformsRequest->handle(Object(Illuminate/Http/Request), Object(Closure))
#26 Z:/laragon/www/Praktikum_SIWEB_WEEK8/vendor/laravel/framework/src/Illuminate/Pipeline/Pipeline.php(219): Illuminate/Foundation/Http/Middleware/ConvertEmptyStringsToNull->handle(Object(Illuminate/Http/Request), Object(Closure))
#27 Z:/laragon/www/Praktikum_SIWEB_WEEK8/vendor/laravel/framework/src/Illuminate/Foundation/Http/Middleware/TransformsRequest.php(21): Illuminate/Pipeline/Pipeline->{closure:{closure:Illuminate/Pipeline/Pipeline::carry():194}:195}(Object(Illuminate/Http/Request))
#28 Z:/laragon/www/Praktikum_SIWEB_WEEK8/vendor/laravel/framework/src/Illuminate/Foundation/Http/Middleware/TrimStrings.php(51): Illuminate/Foundation/Http/Middleware/TransformsRequest->handle(Object(Illuminate/Http/Request), Object(Closure))
#29 Z:/laragon/www/Praktikum_SIWEB_WEEK8/vendor/laravel/framework/src/Illuminate/Pipeline/Pipeline.php(219): Illuminate/Foundation/Http/Middleware/TrimStrings->handle(Object(Illuminate/Http/Request), Object(Closure))
#30 Z:/laragon/www/Praktikum_SIWEB_WEEK8/vendor/laravel/framework/src/Illuminate/Http/Middleware/ValidatePostSize.php(27): Illuminate/Pipeline/Pipeline->{closure:{closure:Illuminate/Pipeline/Pipeline::carry():194}:195}(Object(Illuminate/Http/Request))
#31 Z:/laragon/www/Praktikum_SIWEB_WEEK8/vendor/laravel/framework/src/Illuminate/Pipeline/Pipeline.php(219): Illuminate/Http/Middleware/ValidatePostSize->handle(Object(Illuminate/Http/Request), Object(Closure))
#32 Z:/laragon/www/Praktikum_SIWEB_WEEK8/vendor/laravel/framework/src/Illuminate/Foundation/Http/Middleware/PreventRequestsDuringMaintenance.php(109): Illuminate/Pipeline/Pipeline->{closure:{closure:Illuminate/Pipeline/Pipeline::carry():194}:195}(Object(Illuminate/Http/Request))
#33 Z:/laragon/www/Praktikum_SIWEB_WEEK8/vendor/laravel/framework/src/Illuminate/Pipeline/Pipeline.php(219): Illuminate/Foundation/Http/Middleware/PreventRequestsDuringMaintenance->handle(Object(Illuminate/Http/Request), Object(Closure))
#34 Z:/laragon/www/Praktikum_SIWEB_WEEK8/vendor/laravel/framework/src/Illuminate/Http/Middleware/HandleCors.php(61): Illuminate/Pipeline/Pipeline->{closure:{closure:Illuminate/Pipeline/Pipeline::carry():194}:195}(Object(Illuminate/Http/Request))
#35 Z:/laragon/www/Praktikum_SIWEB_WEEK8/vendor/laravel/framework/src/Illuminate/Pipeline/Pipeline.php(219): Illuminate/Http/Middleware/HandleCors->handle(Object(Illuminate/Http/Request), Object(Closure))
#36 Z:/laragon/www/Praktikum_SIWEB_WEEK8/vendor/laravel/framework/src/Illuminate/Http/Middleware/TrustProxies.php(58): Illuminate/Pipeline/Pipeline->{closure:{closure:Illuminate/Pipeline/Pipeline::carry():194}:195}(Object(Illuminate/Http/Request))
#37 Z:/laragon/www/Praktikum_SIWEB_WEEK8/vendor/laravel/framework/src/Illuminate/Pipeline/Pipeline.php(219): Illuminate/Http/Middleware/TrustProxies->handle(Object(Illuminate/Http/Request), Object(Closure))
#38 Z:/laragon/www/Praktikum_SIWEB_WEEK8/vendor/laravel/framework/src/Illuminate/Foundation/Http/Middleware/InvokeDeferredCallbacks.php(22): Illuminate/Pipeline/Pipeline->{closure:{closure:Illuminate/Pipeline/Pipeline::carry():194}:195}(Object(Illuminate/Http/Request))
#39 Z:/laragon/www/Praktikum_SIWEB_WEEK8/vendor/laravel/framework/src/Illuminate/Pipeline/Pipeline.php(219): Illuminate/Foundation/Http/Middleware/InvokeDeferredCallbacks->handle(Object(Illuminate/Http/Request), Object(Closure))
#40 Z:/laragon/www/Praktikum_SIWEB_WEEK8/vendor/laravel/framework/src/Illuminate/Http/Middleware/ValidatePathEncoding.php(26): Illuminate/Pipeline/Pipeline->{closure:{closure:Illuminate/Pipeline/Pipeline::carry():194}:195}(Object(Illuminate/Http/Request))
#41 Z:/laragon/www/Praktikum_SIWEB_WEEK8/vendor/laravel/framework/src/Illuminate/Pipeline/Pipeline.php(219): Illuminate/Http/Middleware/ValidatePathEncoding->handle(Object(Illuminate/Http/Request), Object(Closure))
#42 Z:/laragon/www/Praktikum_SIWEB_WEEK8/vendor/laravel/framework/src/Illuminate/Pipeline/Pipeline.php(137): Illuminate/Pipeline/Pipeline->{closure:{closure:Illuminate/Pipeline/Pipeline::carry():194}:195}(Object(Illuminate/Http/Request))
#43 Z:/laragon/www/Praktikum_SIWEB_WEEK8/vendor/laravel/framework/src/Illuminate/Foundation/Http/Kernel.php(175): Illuminate/Pipeline/Pipeline->then(Object(Closure))
#44 Z:/laragon/www/Praktikum_SIWEB_WEEK8/vendor/laravel/framework/src/Illuminate/Foundation/Http/Kernel.php(144): Illuminate/Foundation/Http/Kernel->sendRequestThroughRouter(Object(Illuminate/Http/Request))
#45 Z:/laragon/www/Praktikum_SIWEB_WEEK8/vendor/laravel/framework/src/Illuminate/Foundation/Application.php(1220): Illuminate/Foundation/Http/Kernel->handle(Object(Illuminate/Http/Request))
#46 Z:/laragon/www/Praktikum_SIWEB_WEEK8/public/index.php(20): Illuminate/Foundation/Application->handleRequest(Object(Illuminate/Http/Request))
#47 {main}
"} 
[2026-04-29 08:04:31] local.ERROR: No application encryption key has been specified. {"exception":"[object] (Illuminate\\Encryption\\MissingAppKeyException(code: 0): No application encryption key has been specified. at Z:/laragon/www/Praktikum_SIWEB_WEEK8/vendor/laravel/framework/src/Illuminate/Encryption/EncryptionServiceProvider.php:83)
[stacktrace]
#0 Z:/laragon/www/Praktikum_SIWEB_WEEK8/vendor/laravel/framework/src/Illuminate/Support/helpers.php(388): Illuminate/Encryption/EncryptionServiceProvider->{closure:Illuminate/Encryption/EncryptionServiceProvider::key():81}('')
#1 Z:/laragon/www/Praktikum_SIWEB_WEEK8/vendor/laravel/framework/src/Illuminate/Encryption/EncryptionServiceProvider.php(81): tap('', Object(Closure))
#2 Z:/laragon/www/Praktikum_SIWEB_WEEK8/vendor/laravel/framework/src/Illuminate/Encryption/EncryptionServiceProvider.php(64): Illuminate/Encryption/EncryptionServiceProvider->key(Array)
#3 Z:/laragon/www/Praktikum_SIWEB_WEEK8/vendor/laravel/framework/src/Illuminate/Encryption/EncryptionServiceProvider.php(32): Illuminate/Encryption/EncryptionServiceProvider->parseKey(Array)
#4 Z:/laragon/www/Praktikum_SIWEB_WEEK8/vendor/laravel/framework/src/Illuminate/Container/Container.php(1115): Illuminate/Encryption/EncryptionServiceProvider->{closure:Illuminate/Encryption/EncryptionServiceProvider::registerEncrypter():29}(Object(Illuminate/Foundation/Application), Array)
#5 Z:/laragon/www/Praktikum_SIWEB_WEEK8/vendor/laravel/framework/src/Illuminate/Container/Container.php(933): Illuminate/Container/Container->build(Object(Closure))
#6 Z:/laragon/www/Praktikum_SIWEB_WEEK8/vendor/laravel/framework/src/Illuminate/Foundation/Application.php(1078): Illuminate/Container/Container->resolve('encrypter', Array, true)
#7 Z:/laragon/www/Praktikum_SIWEB_WEEK8/vendor/laravel/framework/src/Illuminate/Container/Container.php(864): Illuminate/Foundation/Application->resolve('encrypter', Array)
#8 Z:/laragon/www/Praktikum_SIWEB_WEEK8/vendor/laravel/framework/src/Illuminate/Foundation/Application.php(1058): Illuminate/Container/Container->make('encrypter', Array)
#9 Z:/laragon/www/Praktikum_SIWEB_WEEK8/vendor/laravel/framework/src/Illuminate/Container/Container.php(1336): Illuminate/Foundation/Application->make('encrypter')
#10 Z:/laragon/www/Praktikum_SIWEB_WEEK8/vendor/laravel/framework/src/Illuminate/Container/Container.php(1237): Illuminate/Container/Container->resolveClass(Object(ReflectionParameter))
#11 Z:/laragon/www/Praktikum_SIWEB_WEEK8/vendor/laravel/framework/src/Illuminate/Container/Container.php(1162): Illuminate/Container/Container->resolveDependencies(Array)
#12 Z:/laragon/www/Praktikum_SIWEB_WEEK8/vendor/laravel/framework/src/Illuminate/Container/Container.php(933): Illuminate/Container/Container->build('Illuminate//Cook...')
#13 Z:/laragon/www/Praktikum_SIWEB_WEEK8/vendor/laravel/framework/src/Illuminate/Foundation/Application.php(1078): Illuminate/Container/Container->resolve('Illuminate//Cook...', Array, true)
#14 Z:/laragon/www/Praktikum_SIWEB_WEEK8/vendor/laravel/framework/src/Illuminate/Container/Container.php(864): Illuminate/Foundation/Application->resolve('Illuminate//Cook...', Array)
#15 Z:/laragon/www/Praktikum_SIWEB_WEEK8/vendor/laravel/framework/src/Illuminate/Foundation/Application.php(1058): Illuminate/Container/Container->make('Illuminate//Cook...', Array)
#16 Z:/laragon/www/Praktikum_SIWEB_WEEK8/vendor/laravel/framework/src/Illuminate/Foundation/Http/Kernel.php(257): Illuminate/Foundation/Application->make('Illuminate//Cook...')
#17 Z:/laragon/www/Praktikum_SIWEB_WEEK8/vendor/laravel/framework/src/Illuminate/Foundation/Http/Kernel.php(215): Illuminate/Foundation/Http/Kernel->terminateMiddleware(Object(Illuminate/Http/Request), Object(Illuminate/Http/Response))
#18 Z:/laragon/www/Praktikum_SIWEB_WEEK8/vendor/laravel/framework/src/Illuminate/Foundation/Application.php(1222): Illuminate/Foundation/Http/Kernel->terminate(Object(Illuminate/Http/Request), Object(Illuminate/Http/Response))
#19 Z:/laragon/www/Praktikum_SIWEB_WEEK8/public/index.php(20): Illuminate/Foundation/Application->handleRequest(Object(Illuminate/Http/Request))
#20 {main}
"} 
[2026-04-29 08:05:55] local.ERROR: No application encryption key has been specified. {"exception":"[object] (Illuminate\\Encryption\\MissingAppKeyException(code: 0): No application encryption key has been specified. at Z:/laragon/www/Praktikum_SIWEB_WEEK8/vendor/laravel/framework/src/Illuminate/Encryption/EncryptionServiceProvider.php:83)
[stacktrace]
#0 Z:/laragon/www/Praktikum_SIWEB_WEEK8/vendor/laravel/framework/src/Illuminate/Support/helpers.php(388): Illuminate/Encryption/EncryptionServiceProvider->{closure:Illuminate/Encryption/EncryptionServiceProvider::key():81}('')
#1 Z:/laragon/www/Praktikum_SIWEB_WEEK8/vendor/laravel/framework/src/Illuminate/Encryption/EncryptionServiceProvider.php(81): tap('', Object(Closure))
#2 Z:/laragon/www/Praktikum_SIWEB_WEEK8/vendor/laravel/framework/src/Illuminate/Encryption/EncryptionServiceProvider.php(64): Illuminate/Encryption/EncryptionServiceProvider->key(Array)
#3 Z:/laragon/www/Praktikum_SIWEB_WEEK8/vendor/laravel/framework/src/Illuminate/Encryption/EncryptionServiceProvider.php(32): Illuminate/Encryption/EncryptionServiceProvider->parseKey(Array)
#4 Z:/laragon/www/Praktikum_SIWEB_WEEK8/vendor/laravel/framework/src/Illuminate/Container/Container.php(1115): Illuminate/Encryption/EncryptionServiceProvider->{closure:Illuminate/Encryption/EncryptionServiceProvider::registerEncrypter():29}(Object(Illuminate/Foundation/Application), Array)
#5 Z:/laragon/www/Praktikum_SIWEB_WEEK8/vendor/laravel/framework/src/Illuminate/Container/Container.php(933): Illuminate/Container/Container->build(Object(Closure))
#6 Z:/laragon/www/Praktikum_SIWEB_WEEK8/vendor/laravel/framework/src/Illuminate/Foundation/Application.php(1078): Illuminate/Container/Container->resolve('encrypter', Array, true)
#7 Z:/laragon/www/Praktikum_SIWEB_WEEK8/vendor/laravel/framework/src/Illuminate/Container/Container.php(864): Illuminate/Foundation/Application->resolve('encrypter', Array)
#8 Z:/laragon/www/Praktikum_SIWEB_WEEK8/vendor/laravel/framework/src/Illuminate/Foundation/Application.php(1058): Illuminate/Container/Container->make('encrypter', Array)
#9 Z:/laragon/www/Praktikum_SIWEB_WEEK8/vendor/laravel/framework/src/Illuminate/Container/Container.php(1336): Illuminate/Foundation/Application->make('encrypter')
#10 Z:/laragon/www/Praktikum_SIWEB_WEEK8/vendor/laravel/framework/src/Illuminate/Container/Container.php(1237): Illuminate/Container/Container->resolveClass(Object(ReflectionParameter))
#11 Z:/laragon/www/Praktikum_SIWEB_WEEK8/vendor/laravel/framework/src/Illuminate/Container/Container.php(1162): Illuminate/Container/Container->resolveDependencies(Array)
#12 Z:/laragon/www/Praktikum_SIWEB_WEEK8/vendor/laravel/framework/src/Illuminate/Container/Container.php(933): Illuminate/Container/Container->build('Illuminate//Cook...')
#13 Z:/laragon/www/Praktikum_SIWEB_WEEK8/vendor/laravel/framework/src/Illuminate/Foundation/Application.php(1078): Illuminate/Container/Container->resolve('Illuminate//Cook...', Array, true)
#14 Z:/laragon/www/Praktikum_SIWEB_WEEK8/vendor/laravel/framework/src/Illuminate/Container/Container.php(864): Illuminate/Foundation/Application->resolve('Illuminate//Cook...', Array)
#15 Z:/laragon/www/Praktikum_SIWEB_WEEK8/vendor/laravel/framework/src/Illuminate/Foundation/Application.php(1058): Illuminate/Container/Container->make('Illuminate//Cook...', Array)
#16 Z:/laragon/www/Praktikum_SIWEB_WEEK8/vendor/laravel/framework/src/Illuminate/Pipeline/Pipeline.php(208): Illuminate/Foundation/Application->make('Illuminate//Cook...')
#17 Z:/laragon/www/Praktikum_SIWEB_WEEK8/vendor/laravel/framework/src/Illuminate/Pipeline/Pipeline.php(137): Illuminate/Pipeline/Pipeline->{closure:{closure:Illuminate/Pipeline/Pipeline::carry():194}:195}(Object(Illuminate/Http/Request))
#18 Z:/laragon/www/Praktikum_SIWEB_WEEK8/vendor/laravel/framework/src/Illuminate/Routing/Router.php(821): Illuminate/Pipeline/Pipeline->then(Object(Closure))
#19 Z:/laragon/www/Praktikum_SIWEB_WEEK8/vendor/laravel/framework/src/Illuminate/Routing/Router.php(800): Illuminate/Routing/Router->runRouteWithinStack(Object(Illuminate/Routing/Route), Object(Illuminate/Http/Request))
#20 Z:/laragon/www/Praktikum_SIWEB_WEEK8/vendor/laravel/framework/src/Illuminate/Routing/Router.php(764): Illuminate/Routing/Router->runRoute(Object(Illuminate/Http/Request), Object(Illuminate/Routing/Route))
#21 Z:/laragon/www/Praktikum_SIWEB_WEEK8/vendor/laravel/framework/src/Illuminate/Routing/Router.php(753): Illuminate/Routing/Router->dispatchToRoute(Object(Illuminate/Http/Request))
#22 Z:/laragon/www/Praktikum_SIWEB_WEEK8/vendor/laravel/framework/src/Illuminate/Foundation/Http/Kernel.php(200): Illuminate/Routing/Router->dispatch(Object(Illuminate/Http/Request))
#23 Z:/laragon/www/Praktikum_SIWEB_WEEK8/vendor/laravel/framework/src/Illuminate/Pipeline/Pipeline.php(180): Illuminate/Foundation/Http/Kernel->{closure:Illuminate/Foundation/Http/Kernel::dispatchToRouter():197}(Object(Illuminate/Http/Request))
#24 Z:/laragon/www/Praktikum_SIWEB_WEEK8/vendor/laravel/framework/src/Illuminate/Foundation/Http/Middleware/TransformsRequest.php(21): Illuminate/Pipeline/Pipeline->{closure:Illuminate/Pipeline/Pipeline::prepareDestination():178}(Object(Illuminate/Http/Request))
#25 Z:/laragon/www/Praktikum_SIWEB_WEEK8/vendor/laravel/framework/src/Illuminate/Foundation/Http/Middleware/ConvertEmptyStringsToNull.php(31): Illuminate/Foundation/Http/Middleware/TransformsRequest->handle(Object(Illuminate/Http/Request), Object(Closure))
#26 Z:/laragon/www/Praktikum_SIWEB_WEEK8/vendor/laravel/framework/src/Illuminate/Pipeline/Pipeline.php(219): Illuminate/Foundation/Http/Middleware/ConvertEmptyStringsToNull->handle(Object(Illuminate/Http/Request), Object(Closure))
#27 Z:/laragon/www/Praktikum_SIWEB_WEEK8/vendor/laravel/framework/src/Illuminate/Foundation/Http/Middleware/TransformsRequest.php(21): Illuminate/Pipeline/Pipeline->{closure:{closure:Illuminate/Pipeline/Pipeline::carry():194}:195}(Object(Illuminate/Http/Request))
#28 Z:/laragon/www/Praktikum_SIWEB_WEEK8/vendor/laravel/framework/src/Illuminate/Foundation/Http/Middleware/TrimStrings.php(51): Illuminate/Foundation/Http/Middleware/TransformsRequest->handle(Object(Illuminate/Http/Request), Object(Closure))
#29 Z:/laragon/www/Praktikum_SIWEB_WEEK8/vendor/laravel/framework/src/Illuminate/Pipeline/Pipeline.php(219): Illuminate/Foundation/Http/Middleware/TrimStrings->handle(Object(Illuminate/Http/Request), Object(Closure))
#30 Z:/laragon/www/Praktikum_SIWEB_WEEK8/vendor/laravel/framework/src/Illuminate/Http/Middleware/ValidatePostSize.php(27): Illuminate/Pipeline/Pipeline->{closure:{closure:Illuminate/Pipeline/Pipeline::carry():194}:195}(Object(Illuminate/Http/Request))
#31 Z:/laragon/www/Praktikum_SIWEB_WEEK8/vendor/laravel/framework/src/Illuminate/Pipeline/Pipeline.php(219): Illuminate/Http/Middleware/ValidatePostSize->handle(Object(Illuminate/Http/Request), Object(Closure))
#32 Z:/laragon/www/Praktikum_SIWEB_WEEK8/vendor/laravel/framework/src/Illuminate/Foundation/Http/Middleware/PreventRequestsDuringMaintenance.php(109): Illuminate/Pipeline/Pipeline->{closure:{closure:Illuminate/Pipeline/Pipeline::carry():194}:195}(Object(Illuminate/Http/Request))
#33 Z:/laragon/www/Praktikum_SIWEB_WEEK8/vendor/laravel/framework/src/Illuminate/Pipeline/Pipeline.php(219): Illuminate/Foundation/Http/Middleware/PreventRequestsDuringMaintenance->handle(Object(Illuminate/Http/Request), Object(Closure))
#34 Z:/laragon/www/Praktikum_SIWEB_WEEK8/vendor/laravel/framework/src/Illuminate/Http/Middleware/HandleCors.php(61): Illuminate/Pipeline/Pipeline->{closure:{closure:Illuminate/Pipeline/Pipeline::carry():194}:195}(Object(Illuminate/Http/Request))
#35 Z:/laragon/www/Praktikum_SIWEB_WEEK8/vendor/laravel/framework/src/Illuminate/Pipeline/Pipeline.php(219): Illuminate/Http/Middleware/HandleCors->handle(Object(Illuminate/Http/Request), Object(Closure))
#36 Z:/laragon/www/Praktikum_SIWEB_WEEK8/vendor/laravel/framework/src/Illuminate/Http/Middleware/TrustProxies.php(58): Illuminate/Pipeline/Pipeline->{closure:{closure:Illuminate/Pipeline/Pipeline::carry():194}:195}(Object(Illuminate/Http/Request))
#37 Z:/laragon/www/Praktikum_SIWEB_WEEK8/vendor/laravel/framework/src/Illuminate/Pipeline/Pipeline.php(219): Illuminate/Http/Middleware/TrustProxies->handle(Object(Illuminate/Http/Request), Object(Closure))
#38 Z:/laragon/www/Praktikum_SIWEB_WEEK8/vendor/laravel/framework/src/Illuminate/Foundation/Http/Middleware/InvokeDeferredCallbacks.php(22): Illuminate/Pipeline/Pipeline->{closure:{closure:Illuminate/Pipeline/Pipeline::carry():194}:195}(Object(Illuminate/Http/Request))
#39 Z:/laragon/www/Praktikum_SIWEB_WEEK8/vendor/laravel/framework/src/Illuminate/Pipeline/Pipeline.php(219): Illuminate/Foundation/Http/Middleware/InvokeDeferredCallbacks->handle(Object(Illuminate/Http/Request), Object(Closure))
#40 Z:/laragon/www/Praktikum_SIWEB_WEEK8/vendor/laravel/framework/src/Illuminate/Http/Middleware/ValidatePathEncoding.php(26): Illuminate/Pipeline/Pipeline->{closure:{closure:Illuminate/Pipeline/Pipeline::carry():194}:195}(Object(Illuminate/Http/Request))
#41 Z:/laragon/www/Praktikum_SIWEB_WEEK8/vendor/laravel/framework/src/Illuminate/Pipeline/Pipeline.php(219): Illuminate/Http/Middleware/ValidatePathEncoding->handle(Object(Illuminate/Http/Request), Object(Closure))
#42 Z:/laragon/www/Praktikum_SIWEB_WEEK8/vendor/laravel/framework/src/Illuminate/Pipeline/Pipeline.php(137): Illuminate/Pipeline/Pipeline->{closure:{closure:Illuminate/Pipeline/Pipeline::carry():194}:195}(Object(Illuminate/Http/Request))
#43 Z:/laragon/www/Praktikum_SIWEB_WEEK8/vendor/laravel/framework/src/Illuminate/Foundation/Http/Kernel.php(175): Illuminate/Pipeline/Pipeline->then(Object(Closure))
#44 Z:/laragon/www/Praktikum_SIWEB_WEEK8/vendor/laravel/framework/src/Illuminate/Foundation/Http/Kernel.php(144): Illuminate/Foundation/Http/Kernel->sendRequestThroughRouter(Object(Illuminate/Http/Request))
#45 Z:/laragon/www/Praktikum_SIWEB_WEEK8/vendor/laravel/framework/src/Illuminate/Foundation/Application.php(1220): Illuminate/Foundation/Http/Kernel->handle(Object(Illuminate/Http/Request))
#46 Z:/laragon/www/Praktikum_SIWEB_WEEK8/public/index.php(20): Illuminate/Foundation/Application->handleRequest(Object(Illuminate/Http/Request))
#47 {main}
"} 
[2026-04-29 08:05:57] local.ERROR: No application encryption key has been specified. {"exception":"[object] (Illuminate\\Encryption\\MissingAppKeyException(code: 0): No application encryption key has been specified. at Z:/laragon/www/Praktikum_SIWEB_WEEK8/vendor/laravel/framework/src/Illuminate/Encryption/EncryptionServiceProvider.php:83)
[stacktrace]
#0 Z:/laragon/www/Praktikum_SIWEB_WEEK8/vendor/laravel/framework/src/Illuminate/Support/helpers.php(388): Illuminate/Encryption/EncryptionServiceProvider->{closure:Illuminate/Encryption/EncryptionServiceProvider::key():81}('')
#1 Z:/laragon/www/Praktikum_SIWEB_WEEK8/vendor/laravel/framework/src/Illuminate/Encryption/EncryptionServiceProvider.php(81): tap('', Object(Closure))
#2 Z:/laragon/www/Praktikum_SIWEB_WEEK8/vendor/laravel/framework/src/Illuminate/Encryption/EncryptionServiceProvider.php(64): Illuminate/Encryption/EncryptionServiceProvider->key(Array)
#3 Z:/laragon/www/Praktikum_SIWEB_WEEK8/vendor/laravel/framework/src/Illuminate/Encryption/EncryptionServiceProvider.php(32): Illuminate/Encryption/EncryptionServiceProvider->parseKey(Array)
#4 Z:/laragon/www/Praktikum_SIWEB_WEEK8/vendor/laravel/framework/src/Illuminate/Container/Container.php(1115): Illuminate/Encryption/EncryptionServiceProvider->{closure:Illuminate/Encryption/EncryptionServiceProvider::registerEncrypter():29}(Object(Illuminate/Foundation/Application), Array)
#5 Z:/laragon/www/Praktikum_SIWEB_WEEK8/vendor/laravel/framework/src/Illuminate/Container/Container.php(933): Illuminate/Container/Container->build(Object(Closure))
#6 Z:/laragon/www/Praktikum_SIWEB_WEEK8/vendor/laravel/framework/src/Illuminate/Foundation/Application.php(1078): Illuminate/Container/Container->resolve('encrypter', Array, true)
#7 Z:/laragon/www/Praktikum_SIWEB_WEEK8/vendor/laravel/framework/src/Illuminate/Container/Container.php(864): Illuminate/Foundation/Application->resolve('encrypter', Array)
#8 Z:/laragon/www/Praktikum_SIWEB_WEEK8/vendor/laravel/framework/src/Illuminate/Foundation/Application.php(1058): Illuminate/Container/Container->make('encrypter', Array)
#9 Z:/laragon/www/Praktikum_SIWEB_WEEK8/vendor/laravel/framework/src/Illuminate/Container/Container.php(1336): Illuminate/Foundation/Application->make('encrypter')
#10 Z:/laragon/www/Praktikum_SIWEB_WEEK8/vendor/laravel/framework/src/Illuminate/Container/Container.php(1237): Illuminate/Container/Container->resolveClass(Object(ReflectionParameter))
#11 Z:/laragon/www/Praktikum_SIWEB_WEEK8/vendor/laravel/framework/src/Illuminate/Container/Container.php(1162): Illuminate/Container/Container->resolveDependencies(Array)
#12 Z:/laragon/www/Praktikum_SIWEB_WEEK8/vendor/laravel/framework/src/Illuminate/Container/Container.php(933): Illuminate/Container/Container->build('Illuminate//Cook...')
#13 Z:/laragon/www/Praktikum_SIWEB_WEEK8/vendor/laravel/framework/src/Illuminate/Foundation/Application.php(1078): Illuminate/Container/Container->resolve('Illuminate//Cook...', Array, true)
#14 Z:/laragon/www/Praktikum_SIWEB_WEEK8/vendor/laravel/framework/src/Illuminate/Container/Container.php(864): Illuminate/Foundation/Application->resolve('Illuminate//Cook...', Array)
#15 Z:/laragon/www/Praktikum_SIWEB_WEEK8/vendor/laravel/framework/src/Illuminate/Foundation/Application.php(1058): Illuminate/Container/Container->make('Illuminate//Cook...', Array)
#16 Z:/laragon/www/Praktikum_SIWEB_WEEK8/vendor/laravel/framework/src/Illuminate/Foundation/Http/Kernel.php(257): Illuminate/Foundation/Application->make('Illuminate//Cook...')
#17 Z:/laragon/www/Praktikum_SIWEB_WEEK8/vendor/laravel/framework/src/Illuminate/Foundation/Http/Kernel.php(215): Illuminate/Foundation/Http/Kernel->terminateMiddleware(Object(Illuminate/Http/Request), Object(Illuminate/Http/Response))
#18 Z:/laragon/www/Praktikum_SIWEB_WEEK8/vendor/laravel/framework/src/Illuminate/Foundation/Application.php(1222): Illuminate/Foundation/Http/Kernel->terminate(Object(Illuminate/Http/Request), Object(Illuminate/Http/Response))
#19 Z:/laragon/www/Praktikum_SIWEB_WEEK8/public/index.php(20): Illuminate/Foundation/Application->handleRequest(Object(Illuminate/Http/Request))
#20 {main}
"} 
[2026-05-06 08:24:24] local.ERROR: __VSCODE_LARAVEL_STARTUP_ERROR__: rename(Z:\laragon\www\Praktikum_SIWEB_WEEK8\bootstrap\cache\ser9CAC.tmp,Z:\laragon\www\Praktikum_SIWEB_WEEK8\bootstrap\cache\services.php): Access is denied (code: 5) {"exception":"[object] (Error(code: 0): __VSCODE_LARAVEL_STARTUP_ERROR__: rename(Z:\\laragon\\www\\Praktikum_SIWEB_WEEK8\\bootstrap\\cache\\ser9CAC.tmp,Z:\\laragon\\www\\Praktikum_SIWEB_WEEK8\\bootstrap\\cache\\services.php): Access is denied (code: 5) at Z:/laragon/www/Praktikum_SIWEB_WEEK8/vendor/_laravel_ide/discover-ec2e9975ebf5755f76a162b3dce99361.php:33)
[stacktrace]
#0 Z:/laragon/www/Praktikum_SIWEB_WEEK8/vendor/_laravel_ide/discover-ec2e9975ebf5755f76a162b3dce99361.php(62): LaravelVsCode::startupError(Object(ErrorException))
#1 {main}
"} 
[2026-05-06 08:46:12] local.ERROR: Route [dashboard] not defined. {"userId":1,"exception":"[object] (Symfony\\Component\\Routing\\Exception\\RouteNotFoundException(code: 0): Route [dashboard] not defined. at Z:/laragon/www/Praktikum_SIWEB_WEEK8/vendor/laravel/framework/src/Illuminate/Routing/UrlGenerator.php:528)
[stacktrace]
#0 Z:/laragon/www/Praktikum_SIWEB_WEEK8/vendor/laravel/framework/src/Illuminate/Foundation/helpers.php(870): Illuminate/Routing/UrlGenerator->route('dashboard', Array, false)
#1 Z:/laragon/www/Praktikum_SIWEB_WEEK8/app/Http/Controllers/Auth/RegisteredUserController.php(49): route('dashboard', Array, false)
#2 Z:/laragon/www/Praktikum_SIWEB_WEEK8/vendor/laravel/framework/src/Illuminate/Routing/ControllerDispatcher.php(46): App/Http/Controllers/Auth/RegisteredUserController->store(Object(Illuminate/Http/Request))
#3 Z:/laragon/www/Praktikum_SIWEB_WEEK8/vendor/laravel/framework/src/Illuminate/Routing/Route.php(265): Illuminate/Routing/ControllerDispatcher->dispatch(Object(Illuminate/Routing/Route), Object(App/Http/Controllers/Auth/RegisteredUserController), 'store')
#4 Z:/laragon/www/Praktikum_SIWEB_WEEK8/vendor/laravel/framework/src/Illuminate/Routing/Route.php(211): Illuminate/Routing/Route->runController()
#5 Z:/laragon/www/Praktikum_SIWEB_WEEK8/vendor/laravel/framework/src/Illuminate/Routing/Router.php(822): Illuminate/Routing/Route->run()
#6 Z:/laragon/www/Praktikum_SIWEB_WEEK8/vendor/laravel/framework/src/Illuminate/Pipeline/Pipeline.php(180): Illuminate/Routing/Router->{closure:Illuminate/Routing/Router::runRouteWithinStack():821}(Object(Illuminate/Http/Request))
#7 Z:/laragon/www/Praktikum_SIWEB_WEEK8/vendor/laravel/framework/src/Illuminate/Auth/Middleware/RedirectIfAuthenticated.php(47): Illuminate/Pipeline/Pipeline->{closure:Illuminate/Pipeline/Pipeline::prepareDestination():178}(Object(Illuminate/Http/Request))
#8 Z:/laragon/www/Praktikum_SIWEB_WEEK8/vendor/laravel/framework/src/Illuminate/Pipeline/Pipeline.php(219): Illuminate/Auth/Middleware/RedirectIfAuthenticated->handle(Object(Illuminate/Http/Request), Object(Closure))
#9 Z:/laragon/www/Praktikum_SIWEB_WEEK8/vendor/laravel/framework/src/Illuminate/Routing/Middleware/SubstituteBindings.php(50): Illuminate/Pipeline/Pipeline->{closure:{closure:Illuminate/Pipeline/Pipeline::carry():194}:195}(Object(Illuminate/Http/Request))
#10 Z:/laragon/www/Praktikum_SIWEB_WEEK8/vendor/laravel/framework/src/Illuminate/Pipeline/Pipeline.php(219): Illuminate/Routing/Middleware/SubstituteBindings->handle(Object(Illuminate/Http/Request), Object(Closure))
#11 Z:/laragon/www/Praktikum_SIWEB_WEEK8/vendor/laravel/framework/src/Illuminate/Foundation/Http/Middleware/VerifyCsrfToken.php(87): Illuminate/Pipeline/Pipeline->{closure:{closure:Illuminate/Pipeline/Pipeline::carry():194}:195}(Object(Illuminate/Http/Request))
#12 Z:/laragon/www/Praktikum_SIWEB_WEEK8/vendor/laravel/framework/src/Illuminate/Pipeline/Pipeline.php(219): Illuminate/Foundation/Http/Middleware/VerifyCsrfToken->handle(Object(Illuminate/Http/Request), Object(Closure))
#13 Z:/laragon/www/Praktikum_SIWEB_WEEK8/vendor/laravel/framework/src/Illuminate/View/Middleware/ShareErrorsFromSession.php(48): Illuminate/Pipeline/Pipeline->{closure:{closure:Illuminate/Pipeline/Pipeline::carry():194}:195}(Object(Illuminate/Http/Request))
#14 Z:/laragon/www/Praktikum_SIWEB_WEEK8/vendor/laravel/framework/src/Illuminate/Pipeline/Pipeline.php(219): Illuminate/View/Middleware/ShareErrorsFromSession->handle(Object(Illuminate/Http/Request), Object(Closure))
#15 Z:/laragon/www/Praktikum_SIWEB_WEEK8/vendor/laravel/framework/src/Illuminate/Session/Middleware/StartSession.php(120): Illuminate/Pipeline/Pipeline->{closure:{closure:Illuminate/Pipeline/Pipeline::carry():194}:195}(Object(Illuminate/Http/Request))
#16 Z:/laragon/www/Praktikum_SIWEB_WEEK8/vendor/laravel/framework/src/Illuminate/Session/Middleware/StartSession.php(63): Illuminate/Session/Middleware/StartSession->handleStatefulRequest(Object(Illuminate/Http/Request), Object(Illuminate/Session/Store), Object(Closure))
#17 Z:/laragon/www/Praktikum_SIWEB_WEEK8/vendor/laravel/framework/src/Illuminate/Pipeline/Pipeline.php(219): Illuminate/Session/Middleware/StartSession->handle(Object(Illuminate/Http/Request), Object(Closure))
#18 Z:/laragon/www/Praktikum_SIWEB_WEEK8/vendor/laravel/framework/src/Illuminate/Cookie/Middleware/AddQueuedCookiesToResponse.php(36): Illuminate/Pipeline/Pipeline->{closure:{closure:Illuminate/Pipeline/Pipeline::carry():194}:195}(Object(Illuminate/Http/Request))
#19 Z:/laragon/www/Praktikum_SIWEB_WEEK8/vendor/laravel/framework/src/Illuminate/Pipeline/Pipeline.php(219): Illuminate/Cookie/Middleware/AddQueuedCookiesToResponse->handle(Object(Illuminate/Http/Request), Object(Closure))
#20 Z:/laragon/www/Praktikum_SIWEB_WEEK8/vendor/laravel/framework/src/Illuminate/Cookie/Middleware/EncryptCookies.php(74): Illuminate/Pipeline/Pipeline->{closure:{closure:Illuminate/Pipeline/Pipeline::carry():194}:195}(Object(Illuminate/Http/Request))
#21 Z:/laragon/www/Praktikum_SIWEB_WEEK8/vendor/laravel/framework/src/Illuminate/Pipeline/Pipeline.php(219): Illuminate/Cookie/Middleware/EncryptCookies->handle(Object(Illuminate/Http/Request), Object(Closure))
#22 Z:/laragon/www/Praktikum_SIWEB_WEEK8/vendor/laravel/framework/src/Illuminate/Pipeline/Pipeline.php(137): Illuminate/Pipeline/Pipeline->{closure:{closure:Illuminate/Pipeline/Pipeline::carry():194}:195}(Object(Illuminate/Http/Request))
#23 Z:/laragon/www/Praktikum_SIWEB_WEEK8/vendor/laravel/framework/src/Illuminate/Routing/Router.php(821): Illuminate/Pipeline/Pipeline->then(Object(Closure))
#24 Z:/laragon/www/Praktikum_SIWEB_WEEK8/vendor/laravel/framework/src/Illuminate/Routing/Router.php(800): Illuminate/Routing/Router->runRouteWithinStack(Object(Illuminate/Routing/Route), Object(Illuminate/Http/Request))
#25 Z:/laragon/www/Praktikum_SIWEB_WEEK8/vendor/laravel/framework/src/Illuminate/Routing/Router.php(764): Illuminate/Routing/Router->runRoute(Object(Illuminate/Http/Request), Object(Illuminate/Routing/Route))
#26 Z:/laragon/www/Praktikum_SIWEB_WEEK8/vendor/laravel/framework/src/Illuminate/Routing/Router.php(753): Illuminate/Routing/Router->dispatchToRoute(Object(Illuminate/Http/Request))
#27 Z:/laragon/www/Praktikum_SIWEB_WEEK8/vendor/laravel/framework/src/Illuminate/Foundation/Http/Kernel.php(200): Illuminate/Routing/Router->dispatch(Object(Illuminate/Http/Request))
#28 Z:/laragon/www/Praktikum_SIWEB_WEEK8/vendor/laravel/framework/src/Illuminate/Pipeline/Pipeline.php(180): Illuminate/Foundation/Http/Kernel->{closure:Illuminate/Foundation/Http/Kernel::dispatchToRouter():197}(Object(Illuminate/Http/Request))
#29 Z:/laragon/www/Praktikum_SIWEB_WEEK8/vendor/laravel/framework/src/Illuminate/Foundation/Http/Middleware/TransformsRequest.php(21): Illuminate/Pipeline/Pipeline->{closure:Illuminate/Pipeline/Pipeline::prepareDestination():178}(Object(Illuminate/Http/Request))
#30 Z:/laragon/www/Praktikum_SIWEB_WEEK8/vendor/laravel/framework/src/Illuminate/Foundation/Http/Middleware/ConvertEmptyStringsToNull.php(31): Illuminate/Foundation/Http/Middleware/TransformsRequest->handle(Object(Illuminate/Http/Request), Object(Closure))
#31 Z:/laragon/www/Praktikum_SIWEB_WEEK8/vendor/laravel/framework/src/Illuminate/Pipeline/Pipeline.php(219): Illuminate/Foundation/Http/Middleware/ConvertEmptyStringsToNull->handle(Object(Illuminate/Http/Request), Object(Closure))
#32 Z:/laragon/www/Praktikum_SIWEB_WEEK8/vendor/laravel/framework/src/Illuminate/Foundation/Http/Middleware/TransformsRequest.php(21): Illuminate/Pipeline/Pipeline->{closure:{closure:Illuminate/Pipeline/Pipeline::carry():194}:195}(Object(Illuminate/Http/Request))
#33 Z:/laragon/www/Praktikum_SIWEB_WEEK8/vendor/laravel/framework/src/Illuminate/Foundation/Http/Middleware/TrimStrings.php(51): Illuminate/Foundation/Http/Middleware/TransformsRequest->handle(Object(Illuminate/Http/Request), Object(Closure))
#34 Z:/laragon/www/Praktikum_SIWEB_WEEK8/vendor/laravel/framework/src/Illuminate/Pipeline/Pipeline.php(219): Illuminate/Foundation/Http/Middleware/TrimStrings->handle(Object(Illuminate/Http/Request), Object(Closure))
#35 Z:/laragon/www/Praktikum_SIWEB_WEEK8/vendor/laravel/framework/src/Illuminate/Http/Middleware/ValidatePostSize.php(27): Illuminate/Pipeline/Pipeline->{closure:{closure:Illuminate/Pipeline/Pipeline::carry():194}:195}(Object(Illuminate/Http/Request))
#36 Z:/laragon/www/Praktikum_SIWEB_WEEK8/vendor/laravel/framework/src/Illuminate/Pipeline/Pipeline.php(219): Illuminate/Http/Middleware/ValidatePostSize->handle(Object(Illuminate/Http/Request), Object(Closure))
#37 Z:/laragon/www/Praktikum_SIWEB_WEEK8/vendor/laravel/framework/src/Illuminate/Foundation/Http/Middleware/PreventRequestsDuringMaintenance.php(109): Illuminate/Pipeline/Pipeline->{closure:{closure:Illuminate/Pipeline/Pipeline::carry():194}:195}(Object(Illuminate/Http/Request))
#38 Z:/laragon/www/Praktikum_SIWEB_WEEK8/vendor/laravel/framework/src/Illuminate/Pipeline/Pipeline.php(219): Illuminate/Foundation/Http/Middleware/PreventRequestsDuringMaintenance->handle(Object(Illuminate/Http/Request), Object(Closure))
#39 Z:/laragon/www/Praktikum_SIWEB_WEEK8/vendor/laravel/framework/src/Illuminate/Http/Middleware/HandleCors.php(61): Illuminate/Pipeline/Pipeline->{closure:{closure:Illuminate/Pipeline/Pipeline::carry():194}:195}(Object(Illuminate/Http/Request))
#40 Z:/laragon/www/Praktikum_SIWEB_WEEK8/vendor/laravel/framework/src/Illuminate/Pipeline/Pipeline.php(219): Illuminate/Http/Middleware/HandleCors->handle(Object(Illuminate/Http/Request), Object(Closure))
#41 Z:/laragon/www/Praktikum_SIWEB_WEEK8/vendor/laravel/framework/src/Illuminate/Http/Middleware/TrustProxies.php(58): Illuminate/Pipeline/Pipeline->{closure:{closure:Illuminate/Pipeline/Pipeline::carry():194}:195}(Object(Illuminate/Http/Request))
#42 Z:/laragon/www/Praktikum_SIWEB_WEEK8/vendor/laravel/framework/src/Illuminate/Pipeline/Pipeline.php(219): Illuminate/Http/Middleware/TrustProxies->handle(Object(Illuminate/Http/Request), Object(Closure))
#43 Z:/laragon/www/Praktikum_SIWEB_WEEK8/vendor/laravel/framework/src/Illuminate/Foundation/Http/Middleware/InvokeDeferredCallbacks.php(22): Illuminate/Pipeline/Pipeline->{closure:{closure:Illuminate/Pipeline/Pipeline::carry():194}:195}(Object(Illuminate/Http/Request))
#44 Z:/laragon/www/Praktikum_SIWEB_WEEK8/vendor/laravel/framework/src/Illuminate/Pipeline/Pipeline.php(219): Illuminate/Foundation/Http/Middleware/InvokeDeferredCallbacks->handle(Object(Illuminate/Http/Request), Object(Closure))
#45 Z:/laragon/www/Praktikum_SIWEB_WEEK8/vendor/laravel/framework/src/Illuminate/Http/Middleware/ValidatePathEncoding.php(26): Illuminate/Pipeline/Pipeline->{closure:{closure:Illuminate/Pipeline/Pipeline::carry():194}:195}(Object(Illuminate/Http/Request))
#46 Z:/laragon/www/Praktikum_SIWEB_WEEK8/vendor/laravel/framework/src/Illuminate/Pipeline/Pipeline.php(219): Illuminate/Http/Middleware/ValidatePathEncoding->handle(Object(Illuminate/Http/Request), Object(Closure))
#47 Z:/laragon/www/Praktikum_SIWEB_WEEK8/vendor/laravel/framework/src/Illuminate/Pipeline/Pipeline.php(137): Illuminate/Pipeline/Pipeline->{closure:{closure:Illuminate/Pipeline/Pipeline::carry():194}:195}(Object(Illuminate/Http/Request))
#48 Z:/laragon/www/Praktikum_SIWEB_WEEK8/vendor/laravel/framework/src/Illuminate/Foundation/Http/Kernel.php(175): Illuminate/Pipeline/Pipeline->then(Object(Closure))
#49 Z:/laragon/www/Praktikum_SIWEB_WEEK8/vendor/laravel/framework/src/Illuminate/Foundation/Http/Kernel.php(144): Illuminate/Foundation/Http/Kernel->sendRequestThroughRouter(Object(Illuminate/Http/Request))
#50 Z:/laragon/www/Praktikum_SIWEB_WEEK8/vendor/laravel/framework/src/Illuminate/Foundation/Application.php(1220): Illuminate/Foundation/Http/Kernel->handle(Object(Illuminate/Http/Request))
#51 Z:/laragon/www/Praktikum_SIWEB_WEEK8/public/index.php(20): Illuminate/Foundation/Application->handleRequest(Object(Illuminate/Http/Request))
#52 {main}
"} 
[2026-05-13 07:55:23] local.ERROR: syntax error, unexpected identifier "LcHy", expecting ")" (View: Z:\laragon\www\Praktikum_SIWEB_WEEK8\resources\views\auth\register.blade.php) {"exception":"[object] (Illuminate\\View\\ViewException(code: 0): syntax error, unexpected identifier \"LcHy\", expecting \")\" (View: Z:\\laragon\\www\\Praktikum_SIWEB_WEEK8\\resources\\views\\auth\\register.blade.php) at Z:/laragon/www/Praktikum_SIWEB_WEEK8/storage/framework/views/63dba0d334e26441c30abeaee8faaa99.php:286)
[stacktrace]
#0 Z:/laragon/www/Praktikum_SIWEB_WEEK8/vendor/laravel/framework/src/Illuminate/View/Engines/PhpEngine.php(59): Illuminate/View/Engines/CompilerEngine->handleViewException(Object(ParseError), 1)
#1 Z:/laragon/www/Praktikum_SIWEB_WEEK8/vendor/laravel/framework/src/Illuminate/View/Engines/CompilerEngine.php(76): Illuminate/View/Engines/PhpEngine->evaluatePath('Z://laragon//www//...', Array)
#2 Z:/laragon/www/Praktikum_SIWEB_WEEK8/vendor/laravel/framework/src/Illuminate/View/View.php(208): Illuminate/View/Engines/CompilerEngine->get('Z://laragon//www//...', Array)
#3 Z:/laragon/www/Praktikum_SIWEB_WEEK8/vendor/laravel/framework/src/Illuminate/View/View.php(191): Illuminate/View/View->getContents()
#4 Z:/laragon/www/Praktikum_SIWEB_WEEK8/vendor/laravel/framework/src/Illuminate/View/View.php(160): Illuminate/View/View->renderContents()
#5 Z:/laragon/www/Praktikum_SIWEB_WEEK8/vendor/laravel/framework/src/Illuminate/Http/Response.php(78): Illuminate/View/View->render()
#6 Z:/laragon/www/Praktikum_SIWEB_WEEK8/vendor/laravel/framework/src/Illuminate/Http/Response.php(34): Illuminate/Http/Response->setContent(Object(Illuminate/View/View))
#7 Z:/laragon/www/Praktikum_SIWEB_WEEK8/vendor/laravel/framework/src/Illuminate/Routing/Router.php(939): Illuminate/Http/Response->__construct(Object(Illuminate/View/View), 200, Array)
#8 Z:/laragon/www/Praktikum_SIWEB_WEEK8/vendor/laravel/framework/src/Illuminate/Routing/Router.php(906): Illuminate/Routing/Router::toResponse(Object(Illuminate/Http/Request), Object(Illuminate/View/View))
#9 Z:/laragon/www/Praktikum_SIWEB_WEEK8/vendor/laravel/framework/src/Illuminate/Routing/Router.php(821): Illuminate/Routing/Router->prepareResponse(Object(Illuminate/Http/Request), Object(Illuminate/View/View))
#10 Z:/laragon/www/Praktikum_SIWEB_WEEK8/vendor/laravel/framework/src/Illuminate/Pipeline/Pipeline.php(180): Illuminate/Routing/Router->{closure:Illuminate/Routing/Router::runRouteWithinStack():821}(Object(Illuminate/Http/Request))
#11 Z:/laragon/www/Praktikum_SIWEB_WEEK8/vendor/laravel/framework/src/Illuminate/Auth/Middleware/RedirectIfAuthenticated.php(47): Illuminate/Pipeline/Pipeline->{closure:Illuminate/Pipeline/Pipeline::prepareDestination():178}(Object(Illuminate/Http/Request))
#12 Z:/laragon/www/Praktikum_SIWEB_WEEK8/vendor/laravel/framework/src/Illuminate/Pipeline/Pipeline.php(219): Illuminate/Auth/Middleware/RedirectIfAuthenticated->handle(Object(Illuminate/Http/Request), Object(Closure))
#13 Z:/laragon/www/Praktikum_SIWEB_WEEK8/vendor/laravel/framework/src/Illuminate/Routing/Middleware/SubstituteBindings.php(50): Illuminate/Pipeline/Pipeline->{closure:{closure:Illuminate/Pipeline/Pipeline::carry():194}:195}(Object(Illuminate/Http/Request))
#14 Z:/laragon/www/Praktikum_SIWEB_WEEK8/vendor/laravel/framework/src/Illuminate/Pipeline/Pipeline.php(219): Illuminate/Routing/Middleware/SubstituteBindings->handle(Object(Illuminate/Http/Request), Object(Closure))
#15 Z:/laragon/www/Praktikum_SIWEB_WEEK8/vendor/laravel/framework/src/Illuminate/Foundation/Http/Middleware/VerifyCsrfToken.php(87): Illuminate/Pipeline/Pipeline->{closure:{closure:Illuminate/Pipeline/Pipeline::carry():194}:195}(Object(Illuminate/Http/Request))
#16 Z:/laragon/www/Praktikum_SIWEB_WEEK8/vendor/laravel/framework/src/Illuminate/Pipeline/Pipeline.php(219): Illuminate/Foundation/Http/Middleware/VerifyCsrfToken->handle(Object(Illuminate/Http/Request), Object(Closure))
#17 Z:/laragon/www/Praktikum_SIWEB_WEEK8/vendor/laravel/framework/src/Illuminate/View/Middleware/ShareErrorsFromSession.php(48): Illuminate/Pipeline/Pipeline->{closure:{closure:Illuminate/Pipeline/Pipeline::carry():194}:195}(Object(Illuminate/Http/Request))
#18 Z:/laragon/www/Praktikum_SIWEB_WEEK8/vendor/laravel/framework/src/Illuminate/Pipeline/Pipeline.php(219): Illuminate/View/Middleware/ShareErrorsFromSession->handle(Object(Illuminate/Http/Request), Object(Closure))
#19 Z:/laragon/www/Praktikum_SIWEB_WEEK8/vendor/laravel/framework/src/Illuminate/Session/Middleware/StartSession.php(120): Illuminate/Pipeline/Pipeline->{closure:{closure:Illuminate/Pipeline/Pipeline::carry():194}:195}(Object(Illuminate/Http/Request))
#20 Z:/laragon/www/Praktikum_SIWEB_WEEK8/vendor/laravel/framework/src/Illuminate/Session/Middleware/StartSession.php(63): Illuminate/Session/Middleware/StartSession->handleStatefulRequest(Object(Illuminate/Http/Request), Object(Illuminate/Session/Store), Object(Closure))
#21 Z:/laragon/www/Praktikum_SIWEB_WEEK8/vendor/laravel/framework/src/Illuminate/Pipeline/Pipeline.php(219): Illuminate/Session/Middleware/StartSession->handle(Object(Illuminate/Http/Request), Object(Closure))
#22 Z:/laragon/www/Praktikum_SIWEB_WEEK8/vendor/laravel/framework/src/Illuminate/Cookie/Middleware/AddQueuedCookiesToResponse.php(36): Illuminate/Pipeline/Pipeline->{closure:{closure:Illuminate/Pipeline/Pipeline::carry():194}:195}(Object(Illuminate/Http/Request))
#23 Z:/laragon/www/Praktikum_SIWEB_WEEK8/vendor/laravel/framework/src/Illuminate/Pipeline/Pipeline.php(219): Illuminate/Cookie/Middleware/AddQueuedCookiesToResponse->handle(Object(Illuminate/Http/Request), Object(Closure))
#24 Z:/laragon/www/Praktikum_SIWEB_WEEK8/vendor/laravel/framework/src/Illuminate/Cookie/Middleware/EncryptCookies.php(74): Illuminate/Pipeline/Pipeline->{closure:{closure:Illuminate/Pipeline/Pipeline::carry():194}:195}(Object(Illuminate/Http/Request))
#25 Z:/laragon/www/Praktikum_SIWEB_WEEK8/vendor/laravel/framework/src/Illuminate/Pipeline/Pipeline.php(219): Illuminate/Cookie/Middleware/EncryptCookies->handle(Object(Illuminate/Http/Request), Object(Closure))
#26 Z:/laragon/www/Praktikum_SIWEB_WEEK8/vendor/laravel/framework/src/Illuminate/Pipeline/Pipeline.php(137): Illuminate/Pipeline/Pipeline->{closure:{closure:Illuminate/Pipeline/Pipeline::carry():194}:195}(Object(Illuminate/Http/Request))
#27 Z:/laragon/www/Praktikum_SIWEB_WEEK8/vendor/laravel/framework/src/Illuminate/Routing/Router.php(821): Illuminate/Pipeline/Pipeline->then(Object(Closure))
#28 Z:/laragon/www/Praktikum_SIWEB_WEEK8/vendor/laravel/framework/src/Illuminate/Routing/Router.php(800): Illuminate/Routing/Router->runRouteWithinStack(Object(Illuminate/Routing/Route), Object(Illuminate/Http/Request))
#29 Z:/laragon/www/Praktikum_SIWEB_WEEK8/vendor/laravel/framework/src/Illuminate/Routing/Router.php(764): Illuminate/Routing/Router->runRoute(Object(Illuminate/Http/Request), Object(Illuminate/Routing/Route))
#30 Z:/laragon/www/Praktikum_SIWEB_WEEK8/vendor/laravel/framework/src/Illuminate/Routing/Router.php(753): Illuminate/Routing/Router->dispatchToRoute(Object(Illuminate/Http/Request))
#31 Z:/laragon/www/Praktikum_SIWEB_WEEK8/vendor/laravel/framework/src/Illuminate/Foundation/Http/Kernel.php(200): Illuminate/Routing/Router->dispatch(Object(Illuminate/Http/Request))
#32 Z:/laragon/www/Praktikum_SIWEB_WEEK8/vendor/laravel/framework/src/Illuminate/Pipeline/Pipeline.php(180): Illuminate/Foundation/Http/Kernel->{closure:Illuminate/Foundation/Http/Kernel::dispatchToRouter():197}(Object(Illuminate/Http/Request))
#33 Z:/laragon/www/Praktikum_SIWEB_WEEK8/vendor/laravel/framework/src/Illuminate/Foundation/Http/Middleware/TransformsRequest.php(21): Illuminate/Pipeline/Pipeline->{closure:Illuminate/Pipeline/Pipeline::prepareDestination():178}(Object(Illuminate/Http/Request))
#34 Z:/laragon/www/Praktikum_SIWEB_WEEK8/vendor/laravel/framework/src/Illuminate/Foundation/Http/Middleware/ConvertEmptyStringsToNull.php(31): Illuminate/Foundation/Http/Middleware/TransformsRequest->handle(Object(Illuminate/Http/Request), Object(Closure))
#35 Z:/laragon/www/Praktikum_SIWEB_WEEK8/vendor/laravel/framework/src/Illuminate/Pipeline/Pipeline.php(219): Illuminate/Foundation/Http/Middleware/ConvertEmptyStringsToNull->handle(Object(Illuminate/Http/Request), Object(Closure))
#36 Z:/laragon/www/Praktikum_SIWEB_WEEK8/vendor/laravel/framework/src/Illuminate/Foundation/Http/Middleware/TransformsRequest.php(21): Illuminate/Pipeline/Pipeline->{closure:{closure:Illuminate/Pipeline/Pipeline::carry():194}:195}(Object(Illuminate/Http/Request))
#37 Z:/laragon/www/Praktikum_SIWEB_WEEK8/vendor/laravel/framework/src/Illuminate/Foundation/Http/Middleware/TrimStrings.php(51): Illuminate/Foundation/Http/Middleware/TransformsRequest->handle(Object(Illuminate/Http/Request), Object(Closure))
#38 Z:/laragon/www/Praktikum_SIWEB_WEEK8/vendor/laravel/framework/src/Illuminate/Pipeline/Pipeline.php(219): Illuminate/Foundation/Http/Middleware/TrimStrings->handle(Object(Illuminate/Http/Request), Object(Closure))
#39 Z:/laragon/www/Praktikum_SIWEB_WEEK8/vendor/laravel/framework/src/Illuminate/Http/Middleware/ValidatePostSize.php(27): Illuminate/Pipeline/Pipeline->{closure:{closure:Illuminate/Pipeline/Pipeline::carry():194}:195}(Object(Illuminate/Http/Request))
#40 Z:/laragon/www/Praktikum_SIWEB_WEEK8/vendor/laravel/framework/src/Illuminate/Pipeline/Pipeline.php(219): Illuminate/Http/Middleware/ValidatePostSize->handle(Object(Illuminate/Http/Request), Object(Closure))
#41 Z:/laragon/www/Praktikum_SIWEB_WEEK8/vendor/laravel/framework/src/Illuminate/Foundation/Http/Middleware/PreventRequestsDuringMaintenance.php(109): Illuminate/Pipeline/Pipeline->{closure:{closure:Illuminate/Pipeline/Pipeline::carry():194}:195}(Object(Illuminate/Http/Request))
#42 Z:/laragon/www/Praktikum_SIWEB_WEEK8/vendor/laravel/framework/src/Illuminate/Pipeline/Pipeline.php(219): Illuminate/Foundation/Http/Middleware/PreventRequestsDuringMaintenance->handle(Object(Illuminate/Http/Request), Object(Closure))
#43 Z:/laragon/www/Praktikum_SIWEB_WEEK8/vendor/laravel/framework/src/Illuminate/Http/Middleware/HandleCors.php(61): Illuminate/Pipeline/Pipeline->{closure:{closure:Illuminate/Pipeline/Pipeline::carry():194}:195}(Object(Illuminate/Http/Request))
#44 Z:/laragon/www/Praktikum_SIWEB_WEEK8/vendor/laravel/framework/src/Illuminate/Pipeline/Pipeline.php(219): Illuminate/Http/Middleware/HandleCors->handle(Object(Illuminate/Http/Request), Object(Closure))
#45 Z:/laragon/www/Praktikum_SIWEB_WEEK8/vendor/laravel/framework/src/Illuminate/Http/Middleware/TrustProxies.php(58): Illuminate/Pipeline/Pipeline->{closure:{closure:Illuminate/Pipeline/Pipeline::carry():194}:195}(Object(Illuminate/Http/Request))
#46 Z:/laragon/www/Praktikum_SIWEB_WEEK8/vendor/laravel/framework/src/Illuminate/Pipeline/Pipeline.php(219): Illuminate/Http/Middleware/TrustProxies->handle(Object(Illuminate/Http/Request), Object(Closure))
#47 Z:/laragon/www/Praktikum_SIWEB_WEEK8/vendor/laravel/framework/src/Illuminate/Foundation/Http/Middleware/InvokeDeferredCallbacks.php(22): Illuminate/Pipeline/Pipeline->{closure:{closure:Illuminate/Pipeline/Pipeline::carry():194}:195}(Object(Illuminate/Http/Request))
#48 Z:/laragon/www/Praktikum_SIWEB_WEEK8/vendor/laravel/framework/src/Illuminate/Pipeline/Pipeline.php(219): Illuminate/Foundation/Http/Middleware/InvokeDeferredCallbacks->handle(Object(Illuminate/Http/Request), Object(Closure))
#49 Z:/laragon/www/Praktikum_SIWEB_WEEK8/vendor/laravel/framework/src/Illuminate/Http/Middleware/ValidatePathEncoding.php(26): Illuminate/Pipeline/Pipeline->{closure:{closure:Illuminate/Pipeline/Pipeline::carry():194}:195}(Object(Illuminate/Http/Request))
#50 Z:/laragon/www/Praktikum_SIWEB_WEEK8/vendor/laravel/framework/src/Illuminate/Pipeline/Pipeline.php(219): Illuminate/Http/Middleware/ValidatePathEncoding->handle(Object(Illuminate/Http/Request), Object(Closure))
#51 Z:/laragon/www/Praktikum_SIWEB_WEEK8/vendor/laravel/framework/src/Illuminate/Pipeline/Pipeline.php(137): Illuminate/Pipeline/Pipeline->{closure:{closure:Illuminate/Pipeline/Pipeline::carry():194}:195}(Object(Illuminate/Http/Request))
#52 Z:/laragon/www/Praktikum_SIWEB_WEEK8/vendor/laravel/framework/src/Illuminate/Foundation/Http/Kernel.php(175): Illuminate/Pipeline/Pipeline->then(Object(Closure))
#53 Z:/laragon/www/Praktikum_SIWEB_WEEK8/vendor/laravel/framework/src/Illuminate/Foundation/Http/Kernel.php(144): Illuminate/Foundation/Http/Kernel->sendRequestThroughRouter(Object(Illuminate/Http/Request))
#54 Z:/laragon/www/Praktikum_SIWEB_WEEK8/vendor/laravel/framework/src/Illuminate/Foundation/Application.php(1220): Illuminate/Foundation/Http/Kernel->handle(Object(Illuminate/Http/Request))
#55 Z:/laragon/www/Praktikum_SIWEB_WEEK8/public/index.php(20): Illuminate/Foundation/Application->handleRequest(Object(Illuminate/Http/Request))
#56 {main}

[previous exception] [object] (ParseError(code: 0): syntax error, unexpected identifier \"LcHy\", expecting \")\" at Z:/laragon/www/Praktikum_SIWEB_WEEK8/storage/framework/views/63dba0d334e26441c30abeaee8faaa99.php:286)
[stacktrace]
#0 Z:/laragon/www/Praktikum_SIWEB_WEEK8/vendor/laravel/framework/src/Illuminate/Filesystem/Filesystem.php(124): Illuminate/Filesystem/Filesystem::{closure:Illuminate/Filesystem/Filesystem::getRequire():120}()
#1 Z:/laragon/www/Praktikum_SIWEB_WEEK8/vendor/laravel/framework/src/Illuminate/View/Engines/PhpEngine.php(57): Illuminate/Filesystem/Filesystem->getRequire('Z://laragon//www//...', Array)
#2 Z:/laragon/www/Praktikum_SIWEB_WEEK8/vendor/laravel/framework/src/Illuminate/View/Engines/CompilerEngine.php(76): Illuminate/View/Engines/PhpEngine->evaluatePath('Z://laragon//www//...', Array)
#3 Z:/laragon/www/Praktikum_SIWEB_WEEK8/vendor/laravel/framework/src/Illuminate/View/View.php(208): Illuminate/View/Engines/CompilerEngine->get('Z://laragon//www//...', Array)
#4 Z:/laragon/www/Praktikum_SIWEB_WEEK8/vendor/laravel/framework/src/Illuminate/View/View.php(191): Illuminate/View/View->getContents()
#5 Z:/laragon/www/Praktikum_SIWEB_WEEK8/vendor/laravel/framework/src/Illuminate/View/View.php(160): Illuminate/View/View->renderContents()
#6 Z:/laragon/www/Praktikum_SIWEB_WEEK8/vendor/laravel/framework/src/Illuminate/Http/Response.php(78): Illuminate/View/View->render()
#7 Z:/laragon/www/Praktikum_SIWEB_WEEK8/vendor/laravel/framework/src/Illuminate/Http/Response.php(34): Illuminate/Http/Response->setContent(Object(Illuminate/View/View))
#8 Z:/laragon/www/Praktikum_SIWEB_WEEK8/vendor/laravel/framework/src/Illuminate/Routing/Router.php(939): Illuminate/Http/Response->__construct(Object(Illuminate/View/View), 200, Array)
#9 Z:/laragon/www/Praktikum_SIWEB_WEEK8/vendor/laravel/framework/src/Illuminate/Routing/Router.php(906): Illuminate/Routing/Router::toResponse(Object(Illuminate/Http/Request), Object(Illuminate/View/View))
#10 Z:/laragon/www/Praktikum_SIWEB_WEEK8/vendor/laravel/framework/src/Illuminate/Routing/Router.php(821): Illuminate/Routing/Router->prepareResponse(Object(Illuminate/Http/Request), Object(Illuminate/View/View))
#11 Z:/laragon/www/Praktikum_SIWEB_WEEK8/vendor/laravel/framework/src/Illuminate/Pipeline/Pipeline.php(180): Illuminate/Routing/Router->{closure:Illuminate/Routing/Router::runRouteWithinStack():821}(Object(Illuminate/Http/Request))
#12 Z:/laragon/www/Praktikum_SIWEB_WEEK8/vendor/laravel/framework/src/Illuminate/Auth/Middleware/RedirectIfAuthenticated.php(47): Illuminate/Pipeline/Pipeline->{closure:Illuminate/Pipeline/Pipeline::prepareDestination():178}(Object(Illuminate/Http/Request))
#13 Z:/laragon/www/Praktikum_SIWEB_WEEK8/vendor/laravel/framework/src/Illuminate/Pipeline/Pipeline.php(219): Illuminate/Auth/Middleware/RedirectIfAuthenticated->handle(Object(Illuminate/Http/Request), Object(Closure))
#14 Z:/laragon/www/Praktikum_SIWEB_WEEK8/vendor/laravel/framework/src/Illuminate/Routing/Middleware/SubstituteBindings.php(50): Illuminate/Pipeline/Pipeline->{closure:{closure:Illuminate/Pipeline/Pipeline::carry():194}:195}(Object(Illuminate/Http/Request))
#15 Z:/laragon/www/Praktikum_SIWEB_WEEK8/vendor/laravel/framework/src/Illuminate/Pipeline/Pipeline.php(219): Illuminate/Routing/Middleware/SubstituteBindings->handle(Object(Illuminate/Http/Request), Object(Closure))
#16 Z:/laragon/www/Praktikum_SIWEB_WEEK8/vendor/laravel/framework/src/Illuminate/Foundation/Http/Middleware/VerifyCsrfToken.php(87): Illuminate/Pipeline/Pipeline->{closure:{closure:Illuminate/Pipeline/Pipeline::carry():194}:195}(Object(Illuminate/Http/Request))
#17 Z:/laragon/www/Praktikum_SIWEB_WEEK8/vendor/laravel/framework/src/Illuminate/Pipeline/Pipeline.php(219): Illuminate/Foundation/Http/Middleware/VerifyCsrfToken->handle(Object(Illuminate/Http/Request), Object(Closure))
#18 Z:/laragon/www/Praktikum_SIWEB_WEEK8/vendor/laravel/framework/src/Illuminate/View/Middleware/ShareErrorsFromSession.php(48): Illuminate/Pipeline/Pipeline->{closure:{closure:Illuminate/Pipeline/Pipeline::carry():194}:195}(Object(Illuminate/Http/Request))
#19 Z:/laragon/www/Praktikum_SIWEB_WEEK8/vendor/laravel/framework/src/Illuminate/Pipeline/Pipeline.php(219): Illuminate/View/Middleware/ShareErrorsFromSession->handle(Object(Illuminate/Http/Request), Object(Closure))
#20 Z:/laragon/www/Praktikum_SIWEB_WEEK8/vendor/laravel/framework/src/Illuminate/Session/Middleware/StartSession.php(120): Illuminate/Pipeline/Pipeline->{closure:{closure:Illuminate/Pipeline/Pipeline::carry():194}:195}(Object(Illuminate/Http/Request))
#21 Z:/laragon/www/Praktikum_SIWEB_WEEK8/vendor/laravel/framework/src/Illuminate/Session/Middleware/StartSession.php(63): Illuminate/Session/Middleware/StartSession->handleStatefulRequest(Object(Illuminate/Http/Request), Object(Illuminate/Session/Store), Object(Closure))
#22 Z:/laragon/www/Praktikum_SIWEB_WEEK8/vendor/laravel/framework/src/Illuminate/Pipeline/Pipeline.php(219): Illuminate/Session/Middleware/StartSession->handle(Object(Illuminate/Http/Request), Object(Closure))
#23 Z:/laragon/www/Praktikum_SIWEB_WEEK8/vendor/laravel/framework/src/Illuminate/Cookie/Middleware/AddQueuedCookiesToResponse.php(36): Illuminate/Pipeline/Pipeline->{closure:{closure:Illuminate/Pipeline/Pipeline::carry():194}:195}(Object(Illuminate/Http/Request))
#24 Z:/laragon/www/Praktikum_SIWEB_WEEK8/vendor/laravel/framework/src/Illuminate/Pipeline/Pipeline.php(219): Illuminate/Cookie/Middleware/AddQueuedCookiesToResponse->handle(Object(Illuminate/Http/Request), Object(Closure))
#25 Z:/laragon/www/Praktikum_SIWEB_WEEK8/vendor/laravel/framework/src/Illuminate/Cookie/Middleware/EncryptCookies.php(74): Illuminate/Pipeline/Pipeline->{closure:{closure:Illuminate/Pipeline/Pipeline::carry():194}:195}(Object(Illuminate/Http/Request))
#26 Z:/laragon/www/Praktikum_SIWEB_WEEK8/vendor/laravel/framework/src/Illuminate/Pipeline/Pipeline.php(219): Illuminate/Cookie/Middleware/EncryptCookies->handle(Object(Illuminate/Http/Request), Object(Closure))
#27 Z:/laragon/www/Praktikum_SIWEB_WEEK8/vendor/laravel/framework/src/Illuminate/Pipeline/Pipeline.php(137): Illuminate/Pipeline/Pipeline->{closure:{closure:Illuminate/Pipeline/Pipeline::carry():194}:195}(Object(Illuminate/Http/Request))
#28 Z:/laragon/www/Praktikum_SIWEB_WEEK8/vendor/laravel/framework/src/Illuminate/Routing/Router.php(821): Illuminate/Pipeline/Pipeline->then(Object(Closure))
#29 Z:/laragon/www/Praktikum_SIWEB_WEEK8/vendor/laravel/framework/src/Illuminate/Routing/Router.php(800): Illuminate/Routing/Router->runRouteWithinStack(Object(Illuminate/Routing/Route), Object(Illuminate/Http/Request))
#30 Z:/laragon/www/Praktikum_SIWEB_WEEK8/vendor/laravel/framework/src/Illuminate/Routing/Router.php(764): Illuminate/Routing/Router->runRoute(Object(Illuminate/Http/Request), Object(Illuminate/Routing/Route))
#31 Z:/laragon/www/Praktikum_SIWEB_WEEK8/vendor/laravel/framework/src/Illuminate/Routing/Router.php(753): Illuminate/Routing/Router->dispatchToRoute(Object(Illuminate/Http/Request))
#32 Z:/laragon/www/Praktikum_SIWEB_WEEK8/vendor/laravel/framework/src/Illuminate/Foundation/Http/Kernel.php(200): Illuminate/Routing/Router->dispatch(Object(Illuminate/Http/Request))
#33 Z:/laragon/www/Praktikum_SIWEB_WEEK8/vendor/laravel/framework/src/Illuminate/Pipeline/Pipeline.php(180): Illuminate/Foundation/Http/Kernel->{closure:Illuminate/Foundation/Http/Kernel::dispatchToRouter():197}(Object(Illuminate/Http/Request))
#34 Z:/laragon/www/Praktikum_SIWEB_WEEK8/vendor/laravel/framework/src/Illuminate/Foundation/Http/Middleware/TransformsRequest.php(21): Illuminate/Pipeline/Pipeline->{closure:Illuminate/Pipeline/Pipeline::prepareDestination():178}(Object(Illuminate/Http/Request))
#35 Z:/laragon/www/Praktikum_SIWEB_WEEK8/vendor/laravel/framework/src/Illuminate/Foundation/Http/Middleware/ConvertEmptyStringsToNull.php(31): Illuminate/Foundation/Http/Middleware/TransformsRequest->handle(Object(Illuminate/Http/Request), Object(Closure))
#36 Z:/laragon/www/Praktikum_SIWEB_WEEK8/vendor/laravel/framework/src/Illuminate/Pipeline/Pipeline.php(219): Illuminate/Foundation/Http/Middleware/ConvertEmptyStringsToNull->handle(Object(Illuminate/Http/Request), Object(Closure))
#37 Z:/laragon/www/Praktikum_SIWEB_WEEK8/vendor/laravel/framework/src/Illuminate/Foundation/Http/Middleware/TransformsRequest.php(21): Illuminate/Pipeline/Pipeline->{closure:{closure:Illuminate/Pipeline/Pipeline::carry():194}:195}(Object(Illuminate/Http/Request))
#38 Z:/laragon/www/Praktikum_SIWEB_WEEK8/vendor/laravel/framework/src/Illuminate/Foundation/Http/Middleware/TrimStrings.php(51): Illuminate/Foundation/Http/Middleware/TransformsRequest->handle(Object(Illuminate/Http/Request), Object(Closure))
#39 Z:/laragon/www/Praktikum_SIWEB_WEEK8/vendor/laravel/framework/src/Illuminate/Pipeline/Pipeline.php(219): Illuminate/Foundation/Http/Middleware/TrimStrings->handle(Object(Illuminate/Http/Request), Object(Closure))
#40 Z:/laragon/www/Praktikum_SIWEB_WEEK8/vendor/laravel/framework/src/Illuminate/Http/Middleware/ValidatePostSize.php(27): Illuminate/Pipeline/Pipeline->{closure:{closure:Illuminate/Pipeline/Pipeline::carry():194}:195}(Object(Illuminate/Http/Request))
#41 Z:/laragon/www/Praktikum_SIWEB_WEEK8/vendor/laravel/framework/src/Illuminate/Pipeline/Pipeline.php(219): Illuminate/Http/Middleware/ValidatePostSize->handle(Object(Illuminate/Http/Request), Object(Closure))
#42 Z:/laragon/www/Praktikum_SIWEB_WEEK8/vendor/laravel/framework/src/Illuminate/Foundation/Http/Middleware/PreventRequestsDuringMaintenance.php(109): Illuminate/Pipeline/Pipeline->{closure:{closure:Illuminate/Pipeline/Pipeline::carry():194}:195}(Object(Illuminate/Http/Request))
#43 Z:/laragon/www/Praktikum_SIWEB_WEEK8/vendor/laravel/framework/src/Illuminate/Pipeline/Pipeline.php(219): Illuminate/Foundation/Http/Middleware/PreventRequestsDuringMaintenance->handle(Object(Illuminate/Http/Request), Object(Closure))
#44 Z:/laragon/www/Praktikum_SIWEB_WEEK8/vendor/laravel/framework/src/Illuminate/Http/Middleware/HandleCors.php(61): Illuminate/Pipeline/Pipeline->{closure:{closure:Illuminate/Pipeline/Pipeline::carry():194}:195}(Object(Illuminate/Http/Request))
#45 Z:/laragon/www/Praktikum_SIWEB_WEEK8/vendor/laravel/framework/src/Illuminate/Pipeline/Pipeline.php(219): Illuminate/Http/Middleware/HandleCors->handle(Object(Illuminate/Http/Request), Object(Closure))
#46 Z:/laragon/www/Praktikum_SIWEB_WEEK8/vendor/laravel/framework/src/Illuminate/Http/Middleware/TrustProxies.php(58): Illuminate/Pipeline/Pipeline->{closure:{closure:Illuminate/Pipeline/Pipeline::carry():194}:195}(Object(Illuminate/Http/Request))
#47 Z:/laragon/www/Praktikum_SIWEB_WEEK8/vendor/laravel/framework/src/Illuminate/Pipeline/Pipeline.php(219): Illuminate/Http/Middleware/TrustProxies->handle(Object(Illuminate/Http/Request), Object(Closure))
#48 Z:/laragon/www/Praktikum_SIWEB_WEEK8/vendor/laravel/framework/src/Illuminate/Foundation/Http/Middleware/InvokeDeferredCallbacks.php(22): Illuminate/Pipeline/Pipeline->{closure:{closure:Illuminate/Pipeline/Pipeline::carry():194}:195}(Object(Illuminate/Http/Request))
#49 Z:/laragon/www/Praktikum_SIWEB_WEEK8/vendor/laravel/framework/src/Illuminate/Pipeline/Pipeline.php(219): Illuminate/Foundation/Http/Middleware/InvokeDeferredCallbacks->handle(Object(Illuminate/Http/Request), Object(Closure))
#50 Z:/laragon/www/Praktikum_SIWEB_WEEK8/vendor/laravel/framework/src/Illuminate/Http/Middleware/ValidatePathEncoding.php(26): Illuminate/Pipeline/Pipeline->{closure:{closure:Illuminate/Pipeline/Pipeline::carry():194}:195}(Object(Illuminate/Http/Request))
#51 Z:/laragon/www/Praktikum_SIWEB_WEEK8/vendor/laravel/framework/src/Illuminate/Pipeline/Pipeline.php(219): Illuminate/Http/Middleware/ValidatePathEncoding->handle(Object(Illuminate/Http/Request), Object(Closure))
#52 Z:/laragon/www/Praktikum_SIWEB_WEEK8/vendor/laravel/framework/src/Illuminate/Pipeline/Pipeline.php(137): Illuminate/Pipeline/Pipeline->{closure:{closure:Illuminate/Pipeline/Pipeline::carry():194}:195}(Object(Illuminate/Http/Request))
#53 Z:/laragon/www/Praktikum_SIWEB_WEEK8/vendor/laravel/framework/src/Illuminate/Foundation/Http/Kernel.php(175): Illuminate/Pipeline/Pipeline->then(Object(Closure))
#54 Z:/laragon/www/Praktikum_SIWEB_WEEK8/vendor/laravel/framework/src/Illuminate/Foundation/Http/Kernel.php(144): Illuminate/Foundation/Http/Kernel->sendRequestThroughRouter(Object(Illuminate/Http/Request))
#55 Z:/laragon/www/Praktikum_SIWEB_WEEK8/vendor/laravel/framework/src/Illuminate/Foundation/Application.php(1220): Illuminate/Foundation/Http/Kernel->handle(Object(Illuminate/Http/Request))
#56 Z:/laragon/www/Praktikum_SIWEB_WEEK8/public/index.php(20): Illuminate/Foundation/Application->handleRequest(Object(Illuminate/Http/Request))
#57 {main}
"} 
[2026-05-13 07:55:25] local.ERROR: syntax error, unexpected identifier "LcHy", expecting ")" (View: Z:\laragon\www\Praktikum_SIWEB_WEEK8\resources\views\auth\register.blade.php) {"exception":"[object] (Illuminate\\View\\ViewException(code: 0): syntax error, unexpected identifier \"LcHy\", expecting \")\" (View: Z:\\laragon\\www\\Praktikum_SIWEB_WEEK8\\resources\\views\\auth\\register.blade.php) at Z:/laragon/www/Praktikum_SIWEB_WEEK8/storage/framework/views/63dba0d334e26441c30abeaee8faaa99.php:286)
[stacktrace]
#0 Z:/laragon/www/Praktikum_SIWEB_WEEK8/vendor/laravel/framework/src/Illuminate/View/Engines/PhpEngine.php(59): Illuminate/View/Engines/CompilerEngine->handleViewException(Object(ParseError), 1)
#1 Z:/laragon/www/Praktikum_SIWEB_WEEK8/vendor/laravel/framework/src/Illuminate/View/Engines/CompilerEngine.php(76): Illuminate/View/Engines/PhpEngine->evaluatePath('Z://laragon//www//...', Array)
#2 Z:/laragon/www/Praktikum_SIWEB_WEEK8/vendor/laravel/framework/src/Illuminate/View/View.php(208): Illuminate/View/Engines/CompilerEngine->get('Z://laragon//www//...', Array)
#3 Z:/laragon/www/Praktikum_SIWEB_WEEK8/vendor/laravel/framework/src/Illuminate/View/View.php(191): Illuminate/View/View->getContents()
#4 Z:/laragon/www/Praktikum_SIWEB_WEEK8/vendor/laravel/framework/src/Illuminate/View/View.php(160): Illuminate/View/View->renderContents()
#5 Z:/laragon/www/Praktikum_SIWEB_WEEK8/vendor/laravel/framework/src/Illuminate/Http/Response.php(78): Illuminate/View/View->render()
#6 Z:/laragon/www/Praktikum_SIWEB_WEEK8/vendor/laravel/framework/src/Illuminate/Http/Response.php(34): Illuminate/Http/Response->setContent(Object(Illuminate/View/View))
#7 Z:/laragon/www/Praktikum_SIWEB_WEEK8/vendor/laravel/framework/src/Illuminate/Routing/Router.php(939): Illuminate/Http/Response->__construct(Object(Illuminate/View/View), 200, Array)
#8 Z:/laragon/www/Praktikum_SIWEB_WEEK8/vendor/laravel/framework/src/Illuminate/Routing/Router.php(906): Illuminate/Routing/Router::toResponse(Object(Illuminate/Http/Request), Object(Illuminate/View/View))
#9 Z:/laragon/www/Praktikum_SIWEB_WEEK8/vendor/laravel/framework/src/Illuminate/Routing/Router.php(821): Illuminate/Routing/Router->prepareResponse(Object(Illuminate/Http/Request), Object(Illuminate/View/View))
#10 Z:/laragon/www/Praktikum_SIWEB_WEEK8/vendor/laravel/framework/src/Illuminate/Pipeline/Pipeline.php(180): Illuminate/Routing/Router->{closure:Illuminate/Routing/Router::runRouteWithinStack():821}(Object(Illuminate/Http/Request))
#11 Z:/laragon/www/Praktikum_SIWEB_WEEK8/vendor/laravel/framework/src/Illuminate/Auth/Middleware/RedirectIfAuthenticated.php(47): Illuminate/Pipeline/Pipeline->{closure:Illuminate/Pipeline/Pipeline::prepareDestination():178}(Object(Illuminate/Http/Request))
#12 Z:/laragon/www/Praktikum_SIWEB_WEEK8/vendor/laravel/framework/src/Illuminate/Pipeline/Pipeline.php(219): Illuminate/Auth/Middleware/RedirectIfAuthenticated->handle(Object(Illuminate/Http/Request), Object(Closure))
#13 Z:/laragon/www/Praktikum_SIWEB_WEEK8/vendor/laravel/framework/src/Illuminate/Routing/Middleware/SubstituteBindings.php(50): Illuminate/Pipeline/Pipeline->{closure:{closure:Illuminate/Pipeline/Pipeline::carry():194}:195}(Object(Illuminate/Http/Request))
#14 Z:/laragon/www/Praktikum_SIWEB_WEEK8/vendor/laravel/framework/src/Illuminate/Pipeline/Pipeline.php(219): Illuminate/Routing/Middleware/SubstituteBindings->handle(Object(Illuminate/Http/Request), Object(Closure))
#15 Z:/laragon/www/Praktikum_SIWEB_WEEK8/vendor/laravel/framework/src/Illuminate/Foundation/Http/Middleware/VerifyCsrfToken.php(87): Illuminate/Pipeline/Pipeline->{closure:{closure:Illuminate/Pipeline/Pipeline::carry():194}:195}(Object(Illuminate/Http/Request))
#16 Z:/laragon/www/Praktikum_SIWEB_WEEK8/vendor/laravel/framework/src/Illuminate/Pipeline/Pipeline.php(219): Illuminate/Foundation/Http/Middleware/VerifyCsrfToken->handle(Object(Illuminate/Http/Request), Object(Closure))
#17 Z:/laragon/www/Praktikum_SIWEB_WEEK8/vendor/laravel/framework/src/Illuminate/View/Middleware/ShareErrorsFromSession.php(48): Illuminate/Pipeline/Pipeline->{closure:{closure:Illuminate/Pipeline/Pipeline::carry():194}:195}(Object(Illuminate/Http/Request))
#18 Z:/laragon/www/Praktikum_SIWEB_WEEK8/vendor/laravel/framework/src/Illuminate/Pipeline/Pipeline.php(219): Illuminate/View/Middleware/ShareErrorsFromSession->handle(Object(Illuminate/Http/Request), Object(Closure))
#19 Z:/laragon/www/Praktikum_SIWEB_WEEK8/vendor/laravel/framework/src/Illuminate/Session/Middleware/StartSession.php(120): Illuminate/Pipeline/Pipeline->{closure:{closure:Illuminate/Pipeline/Pipeline::carry():194}:195}(Object(Illuminate/Http/Request))
#20 Z:/laragon/www/Praktikum_SIWEB_WEEK8/vendor/laravel/framework/src/Illuminate/Session/Middleware/StartSession.php(63): Illuminate/Session/Middleware/StartSession->handleStatefulRequest(Object(Illuminate/Http/Request), Object(Illuminate/Session/Store), Object(Closure))
#21 Z:/laragon/www/Praktikum_SIWEB_WEEK8/vendor/laravel/framework/src/Illuminate/Pipeline/Pipeline.php(219): Illuminate/Session/Middleware/StartSession->handle(Object(Illuminate/Http/Request), Object(Closure))
#22 Z:/laragon/www/Praktikum_SIWEB_WEEK8/vendor/laravel/framework/src/Illuminate/Cookie/Middleware/AddQueuedCookiesToResponse.php(36): Illuminate/Pipeline/Pipeline->{closure:{closure:Illuminate/Pipeline/Pipeline::carry():194}:195}(Object(Illuminate/Http/Request))
#23 Z:/laragon/www/Praktikum_SIWEB_WEEK8/vendor/laravel/framework/src/Illuminate/Pipeline/Pipeline.php(219): Illuminate/Cookie/Middleware/AddQueuedCookiesToResponse->handle(Object(Illuminate/Http/Request), Object(Closure))
#24 Z:/laragon/www/Praktikum_SIWEB_WEEK8/vendor/laravel/framework/src/Illuminate/Cookie/Middleware/EncryptCookies.php(74): Illuminate/Pipeline/Pipeline->{closure:{closure:Illuminate/Pipeline/Pipeline::carry():194}:195}(Object(Illuminate/Http/Request))
#25 Z:/laragon/www/Praktikum_SIWEB_WEEK8/vendor/laravel/framework/src/Illuminate/Pipeline/Pipeline.php(219): Illuminate/Cookie/Middleware/EncryptCookies->handle(Object(Illuminate/Http/Request), Object(Closure))
#26 Z:/laragon/www/Praktikum_SIWEB_WEEK8/vendor/laravel/framework/src/Illuminate/Pipeline/Pipeline.php(137): Illuminate/Pipeline/Pipeline->{closure:{closure:Illuminate/Pipeline/Pipeline::carry():194}:195}(Object(Illuminate/Http/Request))
#27 Z:/laragon/www/Praktikum_SIWEB_WEEK8/vendor/laravel/framework/src/Illuminate/Routing/Router.php(821): Illuminate/Pipeline/Pipeline->then(Object(Closure))
#28 Z:/laragon/www/Praktikum_SIWEB_WEEK8/vendor/laravel/framework/src/Illuminate/Routing/Router.php(800): Illuminate/Routing/Router->runRouteWithinStack(Object(Illuminate/Routing/Route), Object(Illuminate/Http/Request))
#29 Z:/laragon/www/Praktikum_SIWEB_WEEK8/vendor/laravel/framework/src/Illuminate/Routing/Router.php(764): Illuminate/Routing/Router->runRoute(Object(Illuminate/Http/Request), Object(Illuminate/Routing/Route))
#30 Z:/laragon/www/Praktikum_SIWEB_WEEK8/vendor/laravel/framework/src/Illuminate/Routing/Router.php(753): Illuminate/Routing/Router->dispatchToRoute(Object(Illuminate/Http/Request))
#31 Z:/laragon/www/Praktikum_SIWEB_WEEK8/vendor/laravel/framework/src/Illuminate/Foundation/Http/Kernel.php(200): Illuminate/Routing/Router->dispatch(Object(Illuminate/Http/Request))
#32 Z:/laragon/www/Praktikum_SIWEB_WEEK8/vendor/laravel/framework/src/Illuminate/Pipeline/Pipeline.php(180): Illuminate/Foundation/Http/Kernel->{closure:Illuminate/Foundation/Http/Kernel::dispatchToRouter():197}(Object(Illuminate/Http/Request))
#33 Z:/laragon/www/Praktikum_SIWEB_WEEK8/vendor/laravel/framework/src/Illuminate/Foundation/Http/Middleware/TransformsRequest.php(21): Illuminate/Pipeline/Pipeline->{closure:Illuminate/Pipeline/Pipeline::prepareDestination():178}(Object(Illuminate/Http/Request))
#34 Z:/laragon/www/Praktikum_SIWEB_WEEK8/vendor/laravel/framework/src/Illuminate/Foundation/Http/Middleware/ConvertEmptyStringsToNull.php(31): Illuminate/Foundation/Http/Middleware/TransformsRequest->handle(Object(Illuminate/Http/Request), Object(Closure))
#35 Z:/laragon/www/Praktikum_SIWEB_WEEK8/vendor/laravel/framework/src/Illuminate/Pipeline/Pipeline.php(219): Illuminate/Foundation/Http/Middleware/ConvertEmptyStringsToNull->handle(Object(Illuminate/Http/Request), Object(Closure))
#36 Z:/laragon/www/Praktikum_SIWEB_WEEK8/vendor/laravel/framework/src/Illuminate/Foundation/Http/Middleware/TransformsRequest.php(21): Illuminate/Pipeline/Pipeline->{closure:{closure:Illuminate/Pipeline/Pipeline::carry():194}:195}(Object(Illuminate/Http/Request))
#37 Z:/laragon/www/Praktikum_SIWEB_WEEK8/vendor/laravel/framework/src/Illuminate/Foundation/Http/Middleware/TrimStrings.php(51): Illuminate/Foundation/Http/Middleware/TransformsRequest->handle(Object(Illuminate/Http/Request), Object(Closure))
#38 Z:/laragon/www/Praktikum_SIWEB_WEEK8/vendor/laravel/framework/src/Illuminate/Pipeline/Pipeline.php(219): Illuminate/Foundation/Http/Middleware/TrimStrings->handle(Object(Illuminate/Http/Request), Object(Closure))
#39 Z:/laragon/www/Praktikum_SIWEB_WEEK8/vendor/laravel/framework/src/Illuminate/Http/Middleware/ValidatePostSize.php(27): Illuminate/Pipeline/Pipeline->{closure:{closure:Illuminate/Pipeline/Pipeline::carry():194}:195}(Object(Illuminate/Http/Request))
#40 Z:/laragon/www/Praktikum_SIWEB_WEEK8/vendor/laravel/framework/src/Illuminate/Pipeline/Pipeline.php(219): Illuminate/Http/Middleware/ValidatePostSize->handle(Object(Illuminate/Http/Request), Object(Closure))
#41 Z:/laragon/www/Praktikum_SIWEB_WEEK8/vendor/laravel/framework/src/Illuminate/Foundation/Http/Middleware/PreventRequestsDuringMaintenance.php(109): Illuminate/Pipeline/Pipeline->{closure:{closure:Illuminate/Pipeline/Pipeline::carry():194}:195}(Object(Illuminate/Http/Request))
#42 Z:/laragon/www/Praktikum_SIWEB_WEEK8/vendor/laravel/framework/src/Illuminate/Pipeline/Pipeline.php(219): Illuminate/Foundation/Http/Middleware/PreventRequestsDuringMaintenance->handle(Object(Illuminate/Http/Request), Object(Closure))
#43 Z:/laragon/www/Praktikum_SIWEB_WEEK8/vendor/laravel/framework/src/Illuminate/Http/Middleware/HandleCors.php(61): Illuminate/Pipeline/Pipeline->{closure:{closure:Illuminate/Pipeline/Pipeline::carry():194}:195}(Object(Illuminate/Http/Request))
#44 Z:/laragon/www/Praktikum_SIWEB_WEEK8/vendor/laravel/framework/src/Illuminate/Pipeline/Pipeline.php(219): Illuminate/Http/Middleware/HandleCors->handle(Object(Illuminate/Http/Request), Object(Closure))
#45 Z:/laragon/www/Praktikum_SIWEB_WEEK8/vendor/laravel/framework/src/Illuminate/Http/Middleware/TrustProxies.php(58): Illuminate/Pipeline/Pipeline->{closure:{closure:Illuminate/Pipeline/Pipeline::carry():194}:195}(Object(Illuminate/Http/Request))
#46 Z:/laragon/www/Praktikum_SIWEB_WEEK8/vendor/laravel/framework/src/Illuminate/Pipeline/Pipeline.php(219): Illuminate/Http/Middleware/TrustProxies->handle(Object(Illuminate/Http/Request), Object(Closure))
#47 Z:/laragon/www/Praktikum_SIWEB_WEEK8/vendor/laravel/framework/src/Illuminate/Foundation/Http/Middleware/InvokeDeferredCallbacks.php(22): Illuminate/Pipeline/Pipeline->{closure:{closure:Illuminate/Pipeline/Pipeline::carry():194}:195}(Object(Illuminate/Http/Request))
#48 Z:/laragon/www/Praktikum_SIWEB_WEEK8/vendor/laravel/framework/src/Illuminate/Pipeline/Pipeline.php(219): Illuminate/Foundation/Http/Middleware/InvokeDeferredCallbacks->handle(Object(Illuminate/Http/Request), Object(Closure))
#49 Z:/laragon/www/Praktikum_SIWEB_WEEK8/vendor/laravel/framework/src/Illuminate/Http/Middleware/ValidatePathEncoding.php(26): Illuminate/Pipeline/Pipeline->{closure:{closure:Illuminate/Pipeline/Pipeline::carry():194}:195}(Object(Illuminate/Http/Request))
#50 Z:/laragon/www/Praktikum_SIWEB_WEEK8/vendor/laravel/framework/src/Illuminate/Pipeline/Pipeline.php(219): Illuminate/Http/Middleware/ValidatePathEncoding->handle(Object(Illuminate/Http/Request), Object(Closure))
#51 Z:/laragon/www/Praktikum_SIWEB_WEEK8/vendor/laravel/framework/src/Illuminate/Pipeline/Pipeline.php(137): Illuminate/Pipeline/Pipeline->{closure:{closure:Illuminate/Pipeline/Pipeline::carry():194}:195}(Object(Illuminate/Http/Request))
#52 Z:/laragon/www/Praktikum_SIWEB_WEEK8/vendor/laravel/framework/src/Illuminate/Foundation/Http/Kernel.php(175): Illuminate/Pipeline/Pipeline->then(Object(Closure))
#53 Z:/laragon/www/Praktikum_SIWEB_WEEK8/vendor/laravel/framework/src/Illuminate/Foundation/Http/Kernel.php(144): Illuminate/Foundation/Http/Kernel->sendRequestThroughRouter(Object(Illuminate/Http/Request))
#54 Z:/laragon/www/Praktikum_SIWEB_WEEK8/vendor/laravel/framework/src/Illuminate/Foundation/Application.php(1220): Illuminate/Foundation/Http/Kernel->handle(Object(Illuminate/Http/Request))
#55 Z:/laragon/www/Praktikum_SIWEB_WEEK8/public/index.php(20): Illuminate/Foundation/Application->handleRequest(Object(Illuminate/Http/Request))
#56 {main}

[previous exception] [object] (ParseError(code: 0): syntax error, unexpected identifier \"LcHy\", expecting \")\" at Z:/laragon/www/Praktikum_SIWEB_WEEK8/storage/framework/views/63dba0d334e26441c30abeaee8faaa99.php:286)
[stacktrace]
#0 Z:/laragon/www/Praktikum_SIWEB_WEEK8/vendor/laravel/framework/src/Illuminate/Filesystem/Filesystem.php(124): Illuminate/Filesystem/Filesystem::{closure:Illuminate/Filesystem/Filesystem::getRequire():120}()
#1 Z:/laragon/www/Praktikum_SIWEB_WEEK8/vendor/laravel/framework/src/Illuminate/View/Engines/PhpEngine.php(57): Illuminate/Filesystem/Filesystem->getRequire('Z://laragon//www//...', Array)
#2 Z:/laragon/www/Praktikum_SIWEB_WEEK8/vendor/laravel/framework/src/Illuminate/View/Engines/CompilerEngine.php(76): Illuminate/View/Engines/PhpEngine->evaluatePath('Z://laragon//www//...', Array)
#3 Z:/laragon/www/Praktikum_SIWEB_WEEK8/vendor/laravel/framework/src/Illuminate/View/View.php(208): Illuminate/View/Engines/CompilerEngine->get('Z://laragon//www//...', Array)
#4 Z:/laragon/www/Praktikum_SIWEB_WEEK8/vendor/laravel/framework/src/Illuminate/View/View.php(191): Illuminate/View/View->getContents()
#5 Z:/laragon/www/Praktikum_SIWEB_WEEK8/vendor/laravel/framework/src/Illuminate/View/View.php(160): Illuminate/View/View->renderContents()
#6 Z:/laragon/www/Praktikum_SIWEB_WEEK8/vendor/laravel/framework/src/Illuminate/Http/Response.php(78): Illuminate/View/View->render()
#7 Z:/laragon/www/Praktikum_SIWEB_WEEK8/vendor/laravel/framework/src/Illuminate/Http/Response.php(34): Illuminate/Http/Response->setContent(Object(Illuminate/View/View))
#8 Z:/laragon/www/Praktikum_SIWEB_WEEK8/vendor/laravel/framework/src/Illuminate/Routing/Router.php(939): Illuminate/Http/Response->__construct(Object(Illuminate/View/View), 200, Array)
#9 Z:/laragon/www/Praktikum_SIWEB_WEEK8/vendor/laravel/framework/src/Illuminate/Routing/Router.php(906): Illuminate/Routing/Router::toResponse(Object(Illuminate/Http/Request), Object(Illuminate/View/View))
#10 Z:/laragon/www/Praktikum_SIWEB_WEEK8/vendor/laravel/framework/src/Illuminate/Routing/Router.php(821): Illuminate/Routing/Router->prepareResponse(Object(Illuminate/Http/Request), Object(Illuminate/View/View))
#11 Z:/laragon/www/Praktikum_SIWEB_WEEK8/vendor/laravel/framework/src/Illuminate/Pipeline/Pipeline.php(180): Illuminate/Routing/Router->{closure:Illuminate/Routing/Router::runRouteWithinStack():821}(Object(Illuminate/Http/Request))
#12 Z:/laragon/www/Praktikum_SIWEB_WEEK8/vendor/laravel/framework/src/Illuminate/Auth/Middleware/RedirectIfAuthenticated.php(47): Illuminate/Pipeline/Pipeline->{closure:Illuminate/Pipeline/Pipeline::prepareDestination():178}(Object(Illuminate/Http/Request))
#13 Z:/laragon/www/Praktikum_SIWEB_WEEK8/vendor/laravel/framework/src/Illuminate/Pipeline/Pipeline.php(219): Illuminate/Auth/Middleware/RedirectIfAuthenticated->handle(Object(Illuminate/Http/Request), Object(Closure))
#14 Z:/laragon/www/Praktikum_SIWEB_WEEK8/vendor/laravel/framework/src/Illuminate/Routing/Middleware/SubstituteBindings.php(50): Illuminate/Pipeline/Pipeline->{closure:{closure:Illuminate/Pipeline/Pipeline::carry():194}:195}(Object(Illuminate/Http/Request))
#15 Z:/laragon/www/Praktikum_SIWEB_WEEK8/vendor/laravel/framework/src/Illuminate/Pipeline/Pipeline.php(219): Illuminate/Routing/Middleware/SubstituteBindings->handle(Object(Illuminate/Http/Request), Object(Closure))
#16 Z:/laragon/www/Praktikum_SIWEB_WEEK8/vendor/laravel/framework/src/Illuminate/Foundation/Http/Middleware/VerifyCsrfToken.php(87): Illuminate/Pipeline/Pipeline->{closure:{closure:Illuminate/Pipeline/Pipeline::carry():194}:195}(Object(Illuminate/Http/Request))
#17 Z:/laragon/www/Praktikum_SIWEB_WEEK8/vendor/laravel/framework/src/Illuminate/Pipeline/Pipeline.php(219): Illuminate/Foundation/Http/Middleware/VerifyCsrfToken->handle(Object(Illuminate/Http/Request), Object(Closure))
#18 Z:/laragon/www/Praktikum_SIWEB_WEEK8/vendor/laravel/framework/src/Illuminate/View/Middleware/ShareErrorsFromSession.php(48): Illuminate/Pipeline/Pipeline->{closure:{closure:Illuminate/Pipeline/Pipeline::carry():194}:195}(Object(Illuminate/Http/Request))
#19 Z:/laragon/www/Praktikum_SIWEB_WEEK8/vendor/laravel/framework/src/Illuminate/Pipeline/Pipeline.php(219): Illuminate/View/Middleware/ShareErrorsFromSession->handle(Object(Illuminate/Http/Request), Object(Closure))
#20 Z:/laragon/www/Praktikum_SIWEB_WEEK8/vendor/laravel/framework/src/Illuminate/Session/Middleware/StartSession.php(120): Illuminate/Pipeline/Pipeline->{closure:{closure:Illuminate/Pipeline/Pipeline::carry():194}:195}(Object(Illuminate/Http/Request))
#21 Z:/laragon/www/Praktikum_SIWEB_WEEK8/vendor/laravel/framework/src/Illuminate/Session/Middleware/StartSession.php(63): Illuminate/Session/Middleware/StartSession->handleStatefulRequest(Object(Illuminate/Http/Request), Object(Illuminate/Session/Store), Object(Closure))
#22 Z:/laragon/www/Praktikum_SIWEB_WEEK8/vendor/laravel/framework/src/Illuminate/Pipeline/Pipeline.php(219): Illuminate/Session/Middleware/StartSession->handle(Object(Illuminate/Http/Request), Object(Closure))
#23 Z:/laragon/www/Praktikum_SIWEB_WEEK8/vendor/laravel/framework/src/Illuminate/Cookie/Middleware/AddQueuedCookiesToResponse.php(36): Illuminate/Pipeline/Pipeline->{closure:{closure:Illuminate/Pipeline/Pipeline::carry():194}:195}(Object(Illuminate/Http/Request))
#24 Z:/laragon/www/Praktikum_SIWEB_WEEK8/vendor/laravel/framework/src/Illuminate/Pipeline/Pipeline.php(219): Illuminate/Cookie/Middleware/AddQueuedCookiesToResponse->handle(Object(Illuminate/Http/Request), Object(Closure))
#25 Z:/laragon/www/Praktikum_SIWEB_WEEK8/vendor/laravel/framework/src/Illuminate/Cookie/Middleware/EncryptCookies.php(74): Illuminate/Pipeline/Pipeline->{closure:{closure:Illuminate/Pipeline/Pipeline::carry():194}:195}(Object(Illuminate/Http/Request))
#26 Z:/laragon/www/Praktikum_SIWEB_WEEK8/vendor/laravel/framework/src/Illuminate/Pipeline/Pipeline.php(219): Illuminate/Cookie/Middleware/EncryptCookies->handle(Object(Illuminate/Http/Request), Object(Closure))
#27 Z:/laragon/www/Praktikum_SIWEB_WEEK8/vendor/laravel/framework/src/Illuminate/Pipeline/Pipeline.php(137): Illuminate/Pipeline/Pipeline->{closure:{closure:Illuminate/Pipeline/Pipeline::carry():194}:195}(Object(Illuminate/Http/Request))
#28 Z:/laragon/www/Praktikum_SIWEB_WEEK8/vendor/laravel/framework/src/Illuminate/Routing/Router.php(821): Illuminate/Pipeline/Pipeline->then(Object(Closure))
#29 Z:/laragon/www/Praktikum_SIWEB_WEEK8/vendor/laravel/framework/src/Illuminate/Routing/Router.php(800): Illuminate/Routing/Router->runRouteWithinStack(Object(Illuminate/Routing/Route), Object(Illuminate/Http/Request))
#30 Z:/laragon/www/Praktikum_SIWEB_WEEK8/vendor/laravel/framework/src/Illuminate/Routing/Router.php(764): Illuminate/Routing/Router->runRoute(Object(Illuminate/Http/Request), Object(Illuminate/Routing/Route))
#31 Z:/laragon/www/Praktikum_SIWEB_WEEK8/vendor/laravel/framework/src/Illuminate/Routing/Router.php(753): Illuminate/Routing/Router->dispatchToRoute(Object(Illuminate/Http/Request))
#32 Z:/laragon/www/Praktikum_SIWEB_WEEK8/vendor/laravel/framework/src/Illuminate/Foundation/Http/Kernel.php(200): Illuminate/Routing/Router->dispatch(Object(Illuminate/Http/Request))
#33 Z:/laragon/www/Praktikum_SIWEB_WEEK8/vendor/laravel/framework/src/Illuminate/Pipeline/Pipeline.php(180): Illuminate/Foundation/Http/Kernel->{closure:Illuminate/Foundation/Http/Kernel::dispatchToRouter():197}(Object(Illuminate/Http/Request))
#34 Z:/laragon/www/Praktikum_SIWEB_WEEK8/vendor/laravel/framework/src/Illuminate/Foundation/Http/Middleware/TransformsRequest.php(21): Illuminate/Pipeline/Pipeline->{closure:Illuminate/Pipeline/Pipeline::prepareDestination():178}(Object(Illuminate/Http/Request))
#35 Z:/laragon/www/Praktikum_SIWEB_WEEK8/vendor/laravel/framework/src/Illuminate/Foundation/Http/Middleware/ConvertEmptyStringsToNull.php(31): Illuminate/Foundation/Http/Middleware/TransformsRequest->handle(Object(Illuminate/Http/Request), Object(Closure))
#36 Z:/laragon/www/Praktikum_SIWEB_WEEK8/vendor/laravel/framework/src/Illuminate/Pipeline/Pipeline.php(219): Illuminate/Foundation/Http/Middleware/ConvertEmptyStringsToNull->handle(Object(Illuminate/Http/Request), Object(Closure))
#37 Z:/laragon/www/Praktikum_SIWEB_WEEK8/vendor/laravel/framework/src/Illuminate/Foundation/Http/Middleware/TransformsRequest.php(21): Illuminate/Pipeline/Pipeline->{closure:{closure:Illuminate/Pipeline/Pipeline::carry():194}:195}(Object(Illuminate/Http/Request))
#38 Z:/laragon/www/Praktikum_SIWEB_WEEK8/vendor/laravel/framework/src/Illuminate/Foundation/Http/Middleware/TrimStrings.php(51): Illuminate/Foundation/Http/Middleware/TransformsRequest->handle(Object(Illuminate/Http/Request), Object(Closure))
#39 Z:/laragon/www/Praktikum_SIWEB_WEEK8/vendor/laravel/framework/src/Illuminate/Pipeline/Pipeline.php(219): Illuminate/Foundation/Http/Middleware/TrimStrings->handle(Object(Illuminate/Http/Request), Object(Closure))
#40 Z:/laragon/www/Praktikum_SIWEB_WEEK8/vendor/laravel/framework/src/Illuminate/Http/Middleware/ValidatePostSize.php(27): Illuminate/Pipeline/Pipeline->{closure:{closure:Illuminate/Pipeline/Pipeline::carry():194}:195}(Object(Illuminate/Http/Request))
#41 Z:/laragon/www/Praktikum_SIWEB_WEEK8/vendor/laravel/framework/src/Illuminate/Pipeline/Pipeline.php(219): Illuminate/Http/Middleware/ValidatePostSize->handle(Object(Illuminate/Http/Request), Object(Closure))
#42 Z:/laragon/www/Praktikum_SIWEB_WEEK8/vendor/laravel/framework/src/Illuminate/Foundation/Http/Middleware/PreventRequestsDuringMaintenance.php(109): Illuminate/Pipeline/Pipeline->{closure:{closure:Illuminate/Pipeline/Pipeline::carry():194}:195}(Object(Illuminate/Http/Request))
#43 Z:/laragon/www/Praktikum_SIWEB_WEEK8/vendor/laravel/framework/src/Illuminate/Pipeline/Pipeline.php(219): Illuminate/Foundation/Http/Middleware/PreventRequestsDuringMaintenance->handle(Object(Illuminate/Http/Request), Object(Closure))
#44 Z:/laragon/www/Praktikum_SIWEB_WEEK8/vendor/laravel/framework/src/Illuminate/Http/Middleware/HandleCors.php(61): Illuminate/Pipeline/Pipeline->{closure:{closure:Illuminate/Pipeline/Pipeline::carry():194}:195}(Object(Illuminate/Http/Request))
#45 Z:/laragon/www/Praktikum_SIWEB_WEEK8/vendor/laravel/framework/src/Illuminate/Pipeline/Pipeline.php(219): Illuminate/Http/Middleware/HandleCors->handle(Object(Illuminate/Http/Request), Object(Closure))
#46 Z:/laragon/www/Praktikum_SIWEB_WEEK8/vendor/laravel/framework/src/Illuminate/Http/Middleware/TrustProxies.php(58): Illuminate/Pipeline/Pipeline->{closure:{closure:Illuminate/Pipeline/Pipeline::carry():194}:195}(Object(Illuminate/Http/Request))
#47 Z:/laragon/www/Praktikum_SIWEB_WEEK8/vendor/laravel/framework/src/Illuminate/Pipeline/Pipeline.php(219): Illuminate/Http/Middleware/TrustProxies->handle(Object(Illuminate/Http/Request), Object(Closure))
#48 Z:/laragon/www/Praktikum_SIWEB_WEEK8/vendor/laravel/framework/src/Illuminate/Foundation/Http/Middleware/InvokeDeferredCallbacks.php(22): Illuminate/Pipeline/Pipeline->{closure:{closure:Illuminate/Pipeline/Pipeline::carry():194}:195}(Object(Illuminate/Http/Request))
#49 Z:/laragon/www/Praktikum_SIWEB_WEEK8/vendor/laravel/framework/src/Illuminate/Pipeline/Pipeline.php(219): Illuminate/Foundation/Http/Middleware/InvokeDeferredCallbacks->handle(Object(Illuminate/Http/Request), Object(Closure))
#50 Z:/laragon/www/Praktikum_SIWEB_WEEK8/vendor/laravel/framework/src/Illuminate/Http/Middleware/ValidatePathEncoding.php(26): Illuminate/Pipeline/Pipeline->{closure:{closure:Illuminate/Pipeline/Pipeline::carry():194}:195}(Object(Illuminate/Http/Request))
#51 Z:/laragon/www/Praktikum_SIWEB_WEEK8/vendor/laravel/framework/src/Illuminate/Pipeline/Pipeline.php(219): Illuminate/Http/Middleware/ValidatePathEncoding->handle(Object(Illuminate/Http/Request), Object(Closure))
#52 Z:/laragon/www/Praktikum_SIWEB_WEEK8/vendor/laravel/framework/src/Illuminate/Pipeline/Pipeline.php(137): Illuminate/Pipeline/Pipeline->{closure:{closure:Illuminate/Pipeline/Pipeline::carry():194}:195}(Object(Illuminate/Http/Request))
#53 Z:/laragon/www/Praktikum_SIWEB_WEEK8/vendor/laravel/framework/src/Illuminate/Foundation/Http/Kernel.php(175): Illuminate/Pipeline/Pipeline->then(Object(Closure))
#54 Z:/laragon/www/Praktikum_SIWEB_WEEK8/vendor/laravel/framework/src/Illuminate/Foundation/Http/Kernel.php(144): Illuminate/Foundation/Http/Kernel->sendRequestThroughRouter(Object(Illuminate/Http/Request))
#55 Z:/laragon/www/Praktikum_SIWEB_WEEK8/vendor/laravel/framework/src/Illuminate/Foundation/Application.php(1220): Illuminate/Foundation/Http/Kernel->handle(Object(Illuminate/Http/Request))
#56 Z:/laragon/www/Praktikum_SIWEB_WEEK8/public/index.php(20): Illuminate/Foundation/Application->handleRequest(Object(Illuminate/Http/Request))
#57 {main}
"} 
[2026-05-13 07:55:40] local.ERROR: syntax error, unexpected identifier "LcHy", expecting ")" {"exception":"[object] (ParseError(code: 0): syntax error, unexpected identifier \"LcHy\", expecting \")\" at Z:/laragon/www/Praktikum_SIWEB_WEEK8/app/Http/Controllers/Auth/RegisteredUserController.php:38)
[stacktrace]
#0 Z:/laragon/www/Praktikum_SIWEB_WEEK8/vendor/composer/ClassLoader.php(427): {closure:Composer/Autoload/ClassLoader::initializeIncludeClosure():575}('Z://laragon//www//...')
#1 [internal function]: Composer/Autoload/ClassLoader->loadClass('App//Http//Contro...')
#2 Z:/laragon/www/Praktikum_SIWEB_WEEK8/vendor/laravel/framework/src/Illuminate/Routing/Route.php(1125): is_a('App//Http//Contro...', 'Illuminate//Rout...', true)
#3 Z:/laragon/www/Praktikum_SIWEB_WEEK8/vendor/laravel/framework/src/Illuminate/Routing/Route.php(1062): Illuminate/Routing/Route->controllerMiddleware()
#4 Z:/laragon/www/Praktikum_SIWEB_WEEK8/vendor/laravel/framework/src/Illuminate/Routing/Router.php(834): Illuminate/Routing/Route->gatherMiddleware()
#5 Z:/laragon/www/Praktikum_SIWEB_WEEK8/vendor/laravel/framework/src/Illuminate/Routing/Router.php(816): Illuminate/Routing/Router->gatherRouteMiddleware(Object(Illuminate/Routing/Route))
#6 Z:/laragon/www/Praktikum_SIWEB_WEEK8/vendor/laravel/framework/src/Illuminate/Routing/Router.php(800): Illuminate/Routing/Router->runRouteWithinStack(Object(Illuminate/Routing/Route), Object(Illuminate/Http/Request))
#7 Z:/laragon/www/Praktikum_SIWEB_WEEK8/vendor/laravel/framework/src/Illuminate/Routing/Router.php(764): Illuminate/Routing/Router->runRoute(Object(Illuminate/Http/Request), Object(Illuminate/Routing/Route))
#8 Z:/laragon/www/Praktikum_SIWEB_WEEK8/vendor/laravel/framework/src/Illuminate/Routing/Router.php(753): Illuminate/Routing/Router->dispatchToRoute(Object(Illuminate/Http/Request))
#9 Z:/laragon/www/Praktikum_SIWEB_WEEK8/vendor/laravel/framework/src/Illuminate/Foundation/Http/Kernel.php(200): Illuminate/Routing/Router->dispatch(Object(Illuminate/Http/Request))
#10 Z:/laragon/www/Praktikum_SIWEB_WEEK8/vendor/laravel/framework/src/Illuminate/Pipeline/Pipeline.php(180): Illuminate/Foundation/Http/Kernel->{closure:Illuminate/Foundation/Http/Kernel::dispatchToRouter():197}(Object(Illuminate/Http/Request))
#11 Z:/laragon/www/Praktikum_SIWEB_WEEK8/vendor/laravel/framework/src/Illuminate/Foundation/Http/Middleware/TransformsRequest.php(21): Illuminate/Pipeline/Pipeline->{closure:Illuminate/Pipeline/Pipeline::prepareDestination():178}(Object(Illuminate/Http/Request))
#12 Z:/laragon/www/Praktikum_SIWEB_WEEK8/vendor/laravel/framework/src/Illuminate/Foundation/Http/Middleware/ConvertEmptyStringsToNull.php(31): Illuminate/Foundation/Http/Middleware/TransformsRequest->handle(Object(Illuminate/Http/Request), Object(Closure))
#13 Z:/laragon/www/Praktikum_SIWEB_WEEK8/vendor/laravel/framework/src/Illuminate/Pipeline/Pipeline.php(219): Illuminate/Foundation/Http/Middleware/ConvertEmptyStringsToNull->handle(Object(Illuminate/Http/Request), Object(Closure))
#14 Z:/laragon/www/Praktikum_SIWEB_WEEK8/vendor/laravel/framework/src/Illuminate/Foundation/Http/Middleware/TransformsRequest.php(21): Illuminate/Pipeline/Pipeline->{closure:{closure:Illuminate/Pipeline/Pipeline::carry():194}:195}(Object(Illuminate/Http/Request))
#15 Z:/laragon/www/Praktikum_SIWEB_WEEK8/vendor/laravel/framework/src/Illuminate/Foundation/Http/Middleware/TrimStrings.php(51): Illuminate/Foundation/Http/Middleware/TransformsRequest->handle(Object(Illuminate/Http/Request), Object(Closure))
#16 Z:/laragon/www/Praktikum_SIWEB_WEEK8/vendor/laravel/framework/src/Illuminate/Pipeline/Pipeline.php(219): Illuminate/Foundation/Http/Middleware/TrimStrings->handle(Object(Illuminate/Http/Request), Object(Closure))
#17 Z:/laragon/www/Praktikum_SIWEB_WEEK8/vendor/laravel/framework/src/Illuminate/Http/Middleware/ValidatePostSize.php(27): Illuminate/Pipeline/Pipeline->{closure:{closure:Illuminate/Pipeline/Pipeline::carry():194}:195}(Object(Illuminate/Http/Request))
#18 Z:/laragon/www/Praktikum_SIWEB_WEEK8/vendor/laravel/framework/src/Illuminate/Pipeline/Pipeline.php(219): Illuminate/Http/Middleware/ValidatePostSize->handle(Object(Illuminate/Http/Request), Object(Closure))
#19 Z:/laragon/www/Praktikum_SIWEB_WEEK8/vendor/laravel/framework/src/Illuminate/Foundation/Http/Middleware/PreventRequestsDuringMaintenance.php(109): Illuminate/Pipeline/Pipeline->{closure:{closure:Illuminate/Pipeline/Pipeline::carry():194}:195}(Object(Illuminate/Http/Request))
#20 Z:/laragon/www/Praktikum_SIWEB_WEEK8/vendor/laravel/framework/src/Illuminate/Pipeline/Pipeline.php(219): Illuminate/Foundation/Http/Middleware/PreventRequestsDuringMaintenance->handle(Object(Illuminate/Http/Request), Object(Closure))
#21 Z:/laragon/www/Praktikum_SIWEB_WEEK8/vendor/laravel/framework/src/Illuminate/Http/Middleware/HandleCors.php(61): Illuminate/Pipeline/Pipeline->{closure:{closure:Illuminate/Pipeline/Pipeline::carry():194}:195}(Object(Illuminate/Http/Request))
#22 Z:/laragon/www/Praktikum_SIWEB_WEEK8/vendor/laravel/framework/src/Illuminate/Pipeline/Pipeline.php(219): Illuminate/Http/Middleware/HandleCors->handle(Object(Illuminate/Http/Request), Object(Closure))
#23 Z:/laragon/www/Praktikum_SIWEB_WEEK8/vendor/laravel/framework/src/Illuminate/Http/Middleware/TrustProxies.php(58): Illuminate/Pipeline/Pipeline->{closure:{closure:Illuminate/Pipeline/Pipeline::carry():194}:195}(Object(Illuminate/Http/Request))
#24 Z:/laragon/www/Praktikum_SIWEB_WEEK8/vendor/laravel/framework/src/Illuminate/Pipeline/Pipeline.php(219): Illuminate/Http/Middleware/TrustProxies->handle(Object(Illuminate/Http/Request), Object(Closure))
#25 Z:/laragon/www/Praktikum_SIWEB_WEEK8/vendor/laravel/framework/src/Illuminate/Foundation/Http/Middleware/InvokeDeferredCallbacks.php(22): Illuminate/Pipeline/Pipeline->{closure:{closure:Illuminate/Pipeline/Pipeline::carry():194}:195}(Object(Illuminate/Http/Request))
#26 Z:/laragon/www/Praktikum_SIWEB_WEEK8/vendor/laravel/framework/src/Illuminate/Pipeline/Pipeline.php(219): Illuminate/Foundation/Http/Middleware/InvokeDeferredCallbacks->handle(Object(Illuminate/Http/Request), Object(Closure))
#27 Z:/laragon/www/Praktikum_SIWEB_WEEK8/vendor/laravel/framework/src/Illuminate/Http/Middleware/ValidatePathEncoding.php(26): Illuminate/Pipeline/Pipeline->{closure:{closure:Illuminate/Pipeline/Pipeline::carry():194}:195}(Object(Illuminate/Http/Request))
#28 Z:/laragon/www/Praktikum_SIWEB_WEEK8/vendor/laravel/framework/src/Illuminate/Pipeline/Pipeline.php(219): Illuminate/Http/Middleware/ValidatePathEncoding->handle(Object(Illuminate/Http/Request), Object(Closure))
#29 Z:/laragon/www/Praktikum_SIWEB_WEEK8/vendor/laravel/framework/src/Illuminate/Pipeline/Pipeline.php(137): Illuminate/Pipeline/Pipeline->{closure:{closure:Illuminate/Pipeline/Pipeline::carry():194}:195}(Object(Illuminate/Http/Request))
#30 Z:/laragon/www/Praktikum_SIWEB_WEEK8/vendor/laravel/framework/src/Illuminate/Foundation/Http/Kernel.php(175): Illuminate/Pipeline/Pipeline->then(Object(Closure))
#31 Z:/laragon/www/Praktikum_SIWEB_WEEK8/vendor/laravel/framework/src/Illuminate/Foundation/Http/Kernel.php(144): Illuminate/Foundation/Http/Kernel->sendRequestThroughRouter(Object(Illuminate/Http/Request))
#32 Z:/laragon/www/Praktikum_SIWEB_WEEK8/vendor/laravel/framework/src/Illuminate/Foundation/Application.php(1220): Illuminate/Foundation/Http/Kernel->handle(Object(Illuminate/Http/Request))
#33 Z:/laragon/www/Praktikum_SIWEB_WEEK8/public/index.php(20): Illuminate/Foundation/Application->handleRequest(Object(Illuminate/Http/Request))
#34 {main}
"} 
[2026-05-13 08:21:25] local.ERROR: Class "Laravel\Socialite\SocialiteServiceProvider" not found {"exception":"[object] (Error(code: 0): Class \"Laravel\\Socialite\\SocialiteServiceProvider\" not found at Z:/laragon/www/Praktikum_SIWEB_WEEK8/vendor/laravel/framework/src/Illuminate/Foundation/ProviderRepository.php:205)
[stacktrace]
#0 Z:/laragon/www/Praktikum_SIWEB_WEEK8/vendor/laravel/framework/src/Illuminate/Foundation/ProviderRepository.php(141): Illuminate/Foundation/ProviderRepository->createProvider('Laravel//Sociali...')
#1 Z:/laragon/www/Praktikum_SIWEB_WEEK8/vendor/laravel/framework/src/Illuminate/Foundation/ProviderRepository.php(60): Illuminate/Foundation/ProviderRepository->compileManifest(Array)
#2 Z:/laragon/www/Praktikum_SIWEB_WEEK8/vendor/laravel/framework/src/Illuminate/Foundation/Application.php(871): Illuminate/Foundation/ProviderRepository->load(Array)
#3 Z:/laragon/www/Praktikum_SIWEB_WEEK8/vendor/laravel/framework/src/Illuminate/Foundation/Bootstrap/RegisterProviders.php(37): Illuminate/Foundation/Application->registerConfiguredProviders()
#4 Z:/laragon/www/Praktikum_SIWEB_WEEK8/vendor/laravel/framework/src/Illuminate/Foundation/Application.php(342): Illuminate/Foundation/Bootstrap/RegisterProviders->bootstrap(Object(Illuminate/Foundation/Application))
#5 Z:/laragon/www/Praktikum_SIWEB_WEEK8/vendor/laravel/framework/src/Illuminate/Foundation/Http/Kernel.php(186): Illuminate/Foundation/Application->bootstrapWith(Array)
#6 Z:/laragon/www/Praktikum_SIWEB_WEEK8/vendor/laravel/framework/src/Illuminate/Foundation/Http/Kernel.php(170): Illuminate/Foundation/Http/Kernel->bootstrap()
#7 Z:/laragon/www/Praktikum_SIWEB_WEEK8/vendor/laravel/framework/src/Illuminate/Foundation/Http/Kernel.php(144): Illuminate/Foundation/Http/Kernel->sendRequestThroughRouter(Object(Illuminate/Http/Request))
#8 Z:/laragon/www/Praktikum_SIWEB_WEEK8/vendor/laravel/framework/src/Illuminate/Foundation/Application.php(1220): Illuminate/Foundation/Http/Kernel->handle(Object(Illuminate/Http/Request))
#9 Z:/laragon/www/Praktikum_SIWEB_WEEK8/public/index.php(20): Illuminate/Foundation/Application->handleRequest(Object(Illuminate/Http/Request))
#10 {main}
"} 
[2026-05-13 08:21:25] local.ERROR: Target class [view] does not exist. {"exception":"[object] (Illuminate\\Contracts\\Container\\BindingResolutionException(code: 0): Target class [view] does not exist. at Z:/laragon/www/Praktikum_SIWEB_WEEK8/vendor/laravel/framework/src/Illuminate/Container/Container.php:1124)
[stacktrace]
#0 Z:/laragon/www/Praktikum_SIWEB_WEEK8/vendor/laravel/framework/src/Illuminate/Container/Container.php(933): Illuminate/Container/Container->build('view')
#1 Z:/laragon/www/Praktikum_SIWEB_WEEK8/vendor/laravel/framework/src/Illuminate/Foundation/Application.php(1078): Illuminate/Container/Container->resolve('view', Array, true)
#2 Z:/laragon/www/Praktikum_SIWEB_WEEK8/vendor/laravel/framework/src/Illuminate/Container/Container.php(864): Illuminate/Foundation/Application->resolve('view', Array)
#3 Z:/laragon/www/Praktikum_SIWEB_WEEK8/vendor/laravel/framework/src/Illuminate/Foundation/Application.php(1058): Illuminate/Container/Container->make('view', Array)
#4 Z:/laragon/www/Praktikum_SIWEB_WEEK8/vendor/laravel/framework/src/Illuminate/Container/Container.php(1805): Illuminate/Foundation/Application->make('view')
#5 Z:/laragon/www/Praktikum_SIWEB_WEEK8/vendor/laravel/framework/src/Illuminate/Routing/RoutingServiceProvider.php(177): Illuminate/Container/Container->offsetGet('Illuminate//Cont...')
#6 Z:/laragon/www/Praktikum_SIWEB_WEEK8/vendor/laravel/framework/src/Illuminate/Container/Container.php(1115): Illuminate/Routing/RoutingServiceProvider->{closure:Illuminate/Routing/RoutingServiceProvider::registerResponseFactory():176}(Object(Illuminate/Foundation/Application), Array)
#7 Z:/laragon/www/Praktikum_SIWEB_WEEK8/vendor/laravel/framework/src/Illuminate/Container/Container.php(933): Illuminate/Container/Container->build(Object(Closure))
#8 Z:/laragon/www/Praktikum_SIWEB_WEEK8/vendor/laravel/framework/src/Illuminate/Foundation/Application.php(1078): Illuminate/Container/Container->resolve('Illuminate//Cont...', Array, true)
#9 Z:/laragon/www/Praktikum_SIWEB_WEEK8/vendor/laravel/framework/src/Illuminate/Container/Container.php(864): Illuminate/Foundation/Application->resolve('Illuminate//Cont...', Array)
#10 Z:/laragon/www/Praktikum_SIWEB_WEEK8/vendor/laravel/framework/src/Illuminate/Foundation/Application.php(1058): Illuminate/Container/Container->make('Illuminate//Cont...', Array)
#11 Z:/laragon/www/Praktikum_SIWEB_WEEK8/vendor/laravel/framework/src/Illuminate/Foundation/helpers.php(138): Illuminate/Foundation/Application->make('Illuminate//Cont...', Array)
#12 Z:/laragon/www/Praktikum_SIWEB_WEEK8/vendor/laravel/framework/src/Illuminate/Foundation/helpers.php(850): app('Illuminate//Cont...')
#13 Z:/laragon/www/Praktikum_SIWEB_WEEK8/vendor/laravel/framework/src/Illuminate/Foundation/Exceptions/Handler.php(987): response('<!-- Class &quo...', 500, Array)
#14 Z:/laragon/www/Praktikum_SIWEB_WEEK8/vendor/laravel/framework/src/Illuminate/Foundation/Exceptions/Handler.php(839): Illuminate/Foundation/Exceptions/Handler->toIlluminateResponse(Object(Symfony/Component/HttpFoundation/Response), Object(Error))
#15 Z:/laragon/www/Praktikum_SIWEB_WEEK8/vendor/laravel/framework/src/Illuminate/Foundation/Exceptions/Handler.php(738): Illuminate/Foundation/Exceptions/Handler->prepareResponse(Object(Illuminate/Http/Request), Object(Error))
#16 Z:/laragon/www/Praktikum_SIWEB_WEEK8/vendor/laravel/framework/src/Illuminate/Foundation/Exceptions/Handler.php(626): Illuminate/Foundation/Exceptions/Handler->renderExceptionResponse(Object(Illuminate/Http/Request), Object(Error))
#17 Z:/laragon/www/Praktikum_SIWEB_WEEK8/vendor/laravel/framework/src/Illuminate/Foundation/Http/Kernel.php(574): Illuminate/Foundation/Exceptions/Handler->render(Object(Illuminate/Http/Request), Object(Error))
#18 Z:/laragon/www/Praktikum_SIWEB_WEEK8/vendor/laravel/framework/src/Illuminate/Foundation/Http/Kernel.php(148): Illuminate/Foundation/Http/Kernel->renderException(Object(Illuminate/Http/Request), Object(Error))
#19 Z:/laragon/www/Praktikum_SIWEB_WEEK8/vendor/laravel/framework/src/Illuminate/Foundation/Application.php(1220): Illuminate/Foundation/Http/Kernel->handle(Object(Illuminate/Http/Request))
#20 Z:/laragon/www/Praktikum_SIWEB_WEEK8/public/index.php(20): Illuminate/Foundation/Application->handleRequest(Object(Illuminate/Http/Request))
#21 {main}

[previous exception] [object] (ReflectionException(code: -1): Class \"view\" does not exist at Z:/laragon/www/Praktikum_SIWEB_WEEK8/vendor/laravel/framework/src/Illuminate/Container/Container.php:1122)
[stacktrace]
#0 Z:/laragon/www/Praktikum_SIWEB_WEEK8/vendor/laravel/framework/src/Illuminate/Container/Container.php(1122): ReflectionClass->__construct('view')
#1 Z:/laragon/www/Praktikum_SIWEB_WEEK8/vendor/laravel/framework/src/Illuminate/Container/Container.php(933): Illuminate/Container/Container->build('view')
#2 Z:/laragon/www/Praktikum_SIWEB_WEEK8/vendor/laravel/framework/src/Illuminate/Foundation/Application.php(1078): Illuminate/Container/Container->resolve('view', Array, true)
#3 Z:/laragon/www/Praktikum_SIWEB_WEEK8/vendor/laravel/framework/src/Illuminate/Container/Container.php(864): Illuminate/Foundation/Application->resolve('view', Array)
#4 Z:/laragon/www/Praktikum_SIWEB_WEEK8/vendor/laravel/framework/src/Illuminate/Foundation/Application.php(1058): Illuminate/Container/Container->make('view', Array)
#5 Z:/laragon/www/Praktikum_SIWEB_WEEK8/vendor/laravel/framework/src/Illuminate/Container/Container.php(1805): Illuminate/Foundation/Application->make('view')
#6 Z:/laragon/www/Praktikum_SIWEB_WEEK8/vendor/laravel/framework/src/Illuminate/Routing/RoutingServiceProvider.php(177): Illuminate/Container/Container->offsetGet('Illuminate//Cont...')
#7 Z:/laragon/www/Praktikum_SIWEB_WEEK8/vendor/laravel/framework/src/Illuminate/Container/Container.php(1115): Illuminate/Routing/RoutingServiceProvider->{closure:Illuminate/Routing/RoutingServiceProvider::registerResponseFactory():176}(Object(Illuminate/Foundation/Application), Array)
#8 Z:/laragon/www/Praktikum_SIWEB_WEEK8/vendor/laravel/framework/src/Illuminate/Container/Container.php(933): Illuminate/Container/Container->build(Object(Closure))
#9 Z:/laragon/www/Praktikum_SIWEB_WEEK8/vendor/laravel/framework/src/Illuminate/Foundation/Application.php(1078): Illuminate/Container/Container->resolve('Illuminate//Cont...', Array, true)
#10 Z:/laragon/www/Praktikum_SIWEB_WEEK8/vendor/laravel/framework/src/Illuminate/Container/Container.php(864): Illuminate/Foundation/Application->resolve('Illuminate//Cont...', Array)
#11 Z:/laragon/www/Praktikum_SIWEB_WEEK8/vendor/laravel/framework/src/Illuminate/Foundation/Application.php(1058): Illuminate/Container/Container->make('Illuminate//Cont...', Array)
#12 Z:/laragon/www/Praktikum_SIWEB_WEEK8/vendor/laravel/framework/src/Illuminate/Foundation/helpers.php(138): Illuminate/Foundation/Application->make('Illuminate//Cont...', Array)
#13 Z:/laragon/www/Praktikum_SIWEB_WEEK8/vendor/laravel/framework/src/Illuminate/Foundation/helpers.php(850): app('Illuminate//Cont...')
#14 Z:/laragon/www/Praktikum_SIWEB_WEEK8/vendor/laravel/framework/src/Illuminate/Foundation/Exceptions/Handler.php(987): response('<!-- Class &quo...', 500, Array)
#15 Z:/laragon/www/Praktikum_SIWEB_WEEK8/vendor/laravel/framework/src/Illuminate/Foundation/Exceptions/Handler.php(839): Illuminate/Foundation/Exceptions/Handler->toIlluminateResponse(Object(Symfony/Component/HttpFoundation/Response), Object(Error))
#16 Z:/laragon/www/Praktikum_SIWEB_WEEK8/vendor/laravel/framework/src/Illuminate/Foundation/Exceptions/Handler.php(738): Illuminate/Foundation/Exceptions/Handler->prepareResponse(Object(Illuminate/Http/Request), Object(Error))
#17 Z:/laragon/www/Praktikum_SIWEB_WEEK8/vendor/laravel/framework/src/Illuminate/Foundation/Exceptions/Handler.php(626): Illuminate/Foundation/Exceptions/Handler->renderExceptionResponse(Object(Illuminate/Http/Request), Object(Error))
#18 Z:/laragon/www/Praktikum_SIWEB_WEEK8/vendor/laravel/framework/src/Illuminate/Foundation/Http/Kernel.php(574): Illuminate/Foundation/Exceptions/Handler->render(Object(Illuminate/Http/Request), Object(Error))
#19 Z:/laragon/www/Praktikum_SIWEB_WEEK8/vendor/laravel/framework/src/Illuminate/Foundation/Http/Kernel.php(148): Illuminate/Foundation/Http/Kernel->renderException(Object(Illuminate/Http/Request), Object(Error))
#20 Z:/laragon/www/Praktikum_SIWEB_WEEK8/vendor/laravel/framework/src/Illuminate/Foundation/Application.php(1220): Illuminate/Foundation/Http/Kernel->handle(Object(Illuminate/Http/Request))
#21 Z:/laragon/www/Praktikum_SIWEB_WEEK8/public/index.php(20): Illuminate/Foundation/Application->handleRequest(Object(Illuminate/Http/Request))
#22 {main}
"} 
[2026-05-13 08:21:26] local.ERROR: Uncaught ReflectionException: Class "view" does not exist in Z:\laragon\www\Praktikum_SIWEB_WEEK8\vendor\laravel\framework\src\Illuminate\Container\Container.php:1122
Stack trace:
#0 Z:\laragon\www\Praktikum_SIWEB_WEEK8\vendor\laravel\framework\src\Illuminate\Container\Container.php(1122): ReflectionClass->__construct('view')
#1 Z:\laragon\www\Praktikum_SIWEB_WEEK8\vendor\laravel\framework\src\Illuminate\Container\Container.php(933): Illuminate\Container\Container->build('view')
#2 Z:\laragon\www\Praktikum_SIWEB_WEEK8\vendor\laravel\framework\src\Illuminate\Foundation\Application.php(1078): Illuminate\Container\Container->resolve('view', Array, true)
#3 Z:\laragon\www\Praktikum_SIWEB_WEEK8\vendor\laravel\framework\src\Illuminate\Container\Container.php(864): Illuminate\Foundation\Application->resolve('view', Array)
#4 Z:\laragon\www\Praktikum_SIWEB_WEEK8\vendor\laravel\framework\src\Illuminate\Foundation\Application.php(1058): Illuminate\Container\Container->make('view', Array)
#5 Z:\laragon\www\Praktikum_SIWEB_WEEK8\vendor\laravel\framework\src\Illuminate\Container\Container.php(1805): Illuminate\Foundation\Application->make('view')
#6 Z:\laragon\www\Praktikum_SIWEB_WEEK8\vendor\laravel\framework\src\Illuminate\Routing\RoutingServiceProvider.php(177): Illuminate\Container\Container->offsetGet('Illuminate\\Cont...')
#7 Z:\laragon\www\Praktikum_SIWEB_WEEK8\vendor\laravel\framework\src\Illuminate\Container\Container.php(1115): Illuminate\Routing\RoutingServiceProvider->{closure:Illuminate\Routing\RoutingServiceProvider::registerResponseFactory():176}(Object(Illuminate\Foundation\Application), Array)
#8 Z:\laragon\www\Praktikum_SIWEB_WEEK8\vendor\laravel\framework\src\Illuminate\Container\Container.php(933): Illuminate\Container\Container->build(Object(Closure))
#9 Z:\laragon\www\Praktikum_SIWEB_WEEK8\vendor\laravel\framework\src\Illuminate\Foundation\Application.php(1078): Illuminate\Container\Container->resolve('Illuminate\\Cont...', Array, true)
#10 Z:\laragon\www\Praktikum_SIWEB_WEEK8\vendor\laravel\framework\src\Illuminate\Container\Container.php(864): Illuminate\Foundation\Application->resolve('Illuminate\\Cont...', Array)
#11 Z:\laragon\www\Praktikum_SIWEB_WEEK8\vendor\laravel\framework\src\Illuminate\Foundation\Application.php(1058): Illuminate\Container\Container->make('Illuminate\\Cont...', Array)
#12 Z:\laragon\www\Praktikum_SIWEB_WEEK8\vendor\laravel\framework\src\Illuminate\Foundation\helpers.php(138): Illuminate\Foundation\Application->make('Illuminate\\Cont...', Array)
#13 Z:\laragon\www\Praktikum_SIWEB_WEEK8\vendor\laravel\framework\src\Illuminate\Foundation\helpers.php(850): app('Illuminate\\Cont...')
#14 Z:\laragon\www\Praktikum_SIWEB_WEEK8\vendor\laravel\framework\src\Illuminate\Foundation\Exceptions\Handler.php(987): response('<!-- Target cla...', 500, Array)
#15 Z:\laragon\www\Praktikum_SIWEB_WEEK8\vendor\laravel\framework\src\Illuminate\Foundation\Exceptions\Handler.php(839): Illuminate\Foundation\Exceptions\Handler->toIlluminateResponse(Object(Symfony\Component\HttpFoundation\Response), Object(Illuminate\Contracts\Container\BindingResolutionException))
#16 Z:\laragon\www\Praktikum_SIWEB_WEEK8\vendor\laravel\framework\src\Illuminate\Foundation\Exceptions\Handler.php(738): Illuminate\Foundation\Exceptions\Handler->prepareResponse(Object(Illuminate\Http\Request), Object(Illuminate\Contracts\Container\BindingResolutionException))
#17 Z:\laragon\www\Praktikum_SIWEB_WEEK8\vendor\laravel\framework\src\Illuminate\Foundation\Exceptions\Handler.php(626): Illuminate\Foundation\Exceptions\Handler->renderExceptionResponse(Object(Illuminate\Http\Request), Object(Illuminate\Contracts\Container\BindingResolutionException))
#18 Z:\laragon\www\Praktikum_SIWEB_WEEK8\vendor\laravel\framework\src\Illuminate\Foundation\Bootstrap\HandleExceptions.php(221): Illuminate\Foundation\Exceptions\Handler->render(Object(Illuminate\Http\Request), Object(Illuminate\Contracts\Container\BindingResolutionException))
#19 Z:\laragon\www\Praktikum_SIWEB_WEEK8\vendor\laravel\framework\src\Illuminate\Foundation\Bootstrap\HandleExceptions.php(198): Illuminate\Foundation\Bootstrap\HandleExceptions->renderHttpResponse(Object(Illuminate\Contracts\Container\BindingResolutionException))
#20 Z:\laragon\www\Praktikum_SIWEB_WEEK8\vendor\laravel\framework\src\Illuminate\Foundation\Bootstrap\HandleExceptions.php(258): Illuminate\Foundation\Bootstrap\HandleExceptions->handleException(Object(Illuminate\Contracts\Container\BindingResolutionException))
#21 [internal function]: Illuminate\Foundation\Bootstrap\HandleExceptions->{closure:Illuminate\Foundation\Bootstrap\HandleExceptions::forwardsTo():257}(Object(Illuminate\Contracts\Container\BindingResolutionException))
#22 {main}

Next Illuminate\Contracts\Container\BindingResolutionException: Target class [view] does not exist. in Z:\laragon\www\Praktikum_SIWEB_WEEK8\vendor\laravel\framework\src\Illuminate\Container\Container.php:1124
Stack trace:
#0 Z:\laragon\www\Praktikum_SIWEB_WEEK8\vendor\laravel\framework\src\Illuminate\Container\Container.php(933): Illuminate\Container\Container->build('view')
#1 Z:\laragon\www\Praktikum_SIWEB_WEEK8\vendor\laravel\framework\src\Illuminate\Foundation\Application.php(1078): Illuminate\Container\Container->resolve('view', Array, true)
#2 Z:\laragon\www\Praktikum_SIWEB_WEEK8\vendor\laravel\framework\src\Illuminate\Container\Container.php(864): Illuminate\Foundation\Application->resolve('view', Array)
#3 Z:\laragon\www\Praktikum_SIWEB_WEEK8\vendor\laravel\framework\src\Illuminate\Foundation\Application.php(1058): Illuminate\Container\Container->make('view', Array)
#4 Z:\laragon\www\Praktikum_SIWEB_WEEK8\vendor\laravel\framework\src\Illuminate\Container\Container.php(1805): Illuminate\Foundation\Application->make('view')
#5 Z:\laragon\www\Praktikum_SIWEB_WEEK8\vendor\laravel\framework\src\Illuminate\Routing\RoutingServiceProvider.php(177): Illuminate\Container\Container->offsetGet('Illuminate\\Cont...')
#6 Z:\laragon\www\Praktikum_SIWEB_WEEK8\vendor\laravel\framework\src\Illuminate\Container\Container.php(1115): Illuminate\Routing\RoutingServiceProvider->{closure:Illuminate\Routing\RoutingServiceProvider::registerResponseFactory():176}(Object(Illuminate\Foundation\Application), Array)
#7 Z:\laragon\www\Praktikum_SIWEB_WEEK8\vendor\laravel\framework\src\Illuminate\Container\Container.php(933): Illuminate\Container\Container->build(Object(Closure))
#8 Z:\laragon\www\Praktikum_SIWEB_WEEK8\vendor\laravel\framework\src\Illuminate\Foundation\Application.php(1078): Illuminate\Container\Container->resolve('Illuminate\\Cont...', Array, true)
#9 Z:\laragon\www\Praktikum_SIWEB_WEEK8\vendor\laravel\framework\src\Illuminate\Container\Container.php(864): Illuminate\Foundation\Application->resolve('Illuminate\\Cont...', Array)
#10 Z:\laragon\www\Praktikum_SIWEB_WEEK8\vendor\laravel\framework\src\Illuminate\Foundation\Application.php(1058): Illuminate\Container\Container->make('Illuminate\\Cont...', Array)
#11 Z:\laragon\www\Praktikum_SIWEB_WEEK8\vendor\laravel\framework\src\Illuminate\Foundation\helpers.php(138): Illuminate\Foundation\Application->make('Illuminate\\Cont...', Array)
#12 Z:\laragon\www\Praktikum_SIWEB_WEEK8\vendor\laravel\framework\src\Illuminate\Foundation\helpers.php(850): app('Illuminate\\Cont...')
#13 Z:\laragon\www\Praktikum_SIWEB_WEEK8\vendor\laravel\framework\src\Illuminate\Foundation\Exceptions\Handler.php(987): response('<!-- Target cla...', 500, Array)
#14 Z:\laragon\www\Praktikum_SIWEB_WEEK8\vendor\laravel\framework\src\Illuminate\Foundation\Exceptions\Handler.php(839): Illuminate\Foundation\Exceptions\Handler->toIlluminateResponse(Object(Symfony\Component\HttpFoundation\Response), Object(Illuminate\Contracts\Container\BindingResolutionException))
#15 Z:\laragon\www\Praktikum_SIWEB_WEEK8\vendor\laravel\framework\src\Illuminate\Foundation\Exceptions\Handler.php(738): Illuminate\Foundation\Exceptions\Handler->prepareResponse(Object(Illuminate\Http\Request), Object(Illuminate\Contracts\Container\BindingResolutionException))
#16 Z:\laragon\www\Praktikum_SIWEB_WEEK8\vendor\laravel\framework\src\Illuminate\Foundation\Exceptions\Handler.php(626): Illuminate\Foundation\Exceptions\Handler->renderExceptionResponse(Object(Illuminate\Http\Request), Object(Illuminate\Contracts\Container\BindingResolutionException))
#17 Z:\laragon\www\Praktikum_SIWEB_WEEK8\vendor\laravel\framework\src\Illuminate\Foundation\Bootstrap\HandleExceptions.php(221): Illuminate\Foundation\Exceptions\Handler->render(Object(Illuminate\Http\Request), Object(Illuminate\Contracts\Container\BindingResolutionException))
#18 Z:\laragon\www\Praktikum_SIWEB_WEEK8\vendor\laravel\framework\src\Illuminate\Foundation\Bootstrap\HandleExceptions.php(198): Illuminate\Foundation\Bootstrap\HandleExceptions->renderHttpResponse(Object(Illuminate\Contracts\Container\BindingResolutionException))
#19 Z:\laragon\www\Praktikum_SIWEB_WEEK8\vendor\laravel\framework\src\Illuminate\Foundation\Bootstrap\HandleExceptions.php(258): Illuminate\Foundation\Bootstrap\HandleExceptions->handleException(Object(Illuminate\Contracts\Container\BindingResolutionException))
#20 [internal function]: Illuminate\Foundation\Bootstrap\HandleExceptions->{closure:Illuminate\Foundation\Bootstrap\HandleExceptions::forwardsTo():257}(Object(Illuminate\Contracts\Container\BindingResolutionException))
#21 {main}
  thrown {"exception":"[object] (Symfony\\Component\\ErrorHandler\\Error\\FatalError(code: 0): Uncaught ReflectionException: Class \"view\" does not exist in Z:\\laragon\\www\\Praktikum_SIWEB_WEEK8\\vendor\\laravel\\framework\\src\\Illuminate\\Container\\Container.php:1122
Stack trace:
#0 Z:\\laragon\\www\\Praktikum_SIWEB_WEEK8\\vendor\\laravel\\framework\\src\\Illuminate\\Container\\Container.php(1122): ReflectionClass->__construct('view')
#1 Z:\\laragon\\www\\Praktikum_SIWEB_WEEK8\\vendor\\laravel\\framework\\src\\Illuminate\\Container\\Container.php(933): Illuminate\\Container\\Container->build('view')
#2 Z:\\laragon\\www\\Praktikum_SIWEB_WEEK8\\vendor\\laravel\\framework\\src\\Illuminate\\Foundation\\Application.php(1078): Illuminate\\Container\\Container->resolve('view', Array, true)
#3 Z:\\laragon\\www\\Praktikum_SIWEB_WEEK8\\vendor\\laravel\\framework\\src\\Illuminate\\Container\\Container.php(864): Illuminate\\Foundation\\Application->resolve('view', Array)
#4 Z:\\laragon\\www\\Praktikum_SIWEB_WEEK8\\vendor\\laravel\\framework\\src\\Illuminate\\Foundation\\Application.php(1058): Illuminate\\Container\\Container->make('view', Array)
#5 Z:\\laragon\\www\\Praktikum_SIWEB_WEEK8\\vendor\\laravel\\framework\\src\\Illuminate\\Container\\Container.php(1805): Illuminate\\Foundation\\Application->make('view')
#6 Z:\\laragon\\www\\Praktikum_SIWEB_WEEK8\\vendor\\laravel\\framework\\src\\Illuminate\\Routing\\RoutingServiceProvider.php(177): Illuminate\\Container\\Container->offsetGet('Illuminate\\\\Cont...')
#7 Z:\\laragon\\www\\Praktikum_SIWEB_WEEK8\\vendor\\laravel\\framework\\src\\Illuminate\\Container\\Container.php(1115): Illuminate\\Routing\\RoutingServiceProvider->{closure:Illuminate\\Routing\\RoutingServiceProvider::registerResponseFactory():176}(Object(Illuminate\\Foundation\\Application), Array)
#8 Z:\\laragon\\www\\Praktikum_SIWEB_WEEK8\\vendor\\laravel\\framework\\src\\Illuminate\\Container\\Container.php(933): Illuminate\\Container\\Container->build(Object(Closure))
#9 Z:\\laragon\\www\\Praktikum_SIWEB_WEEK8\\vendor\\laravel\\framework\\src\\Illuminate\\Foundation\\Application.php(1078): Illuminate\\Container\\Container->resolve('Illuminate\\\\Cont...', Array, true)
#10 Z:\\laragon\\www\\Praktikum_SIWEB_WEEK8\\vendor\\laravel\\framework\\src\\Illuminate\\Container\\Container.php(864): Illuminate\\Foundation\\Application->resolve('Illuminate\\\\Cont...', Array)
#11 Z:\\laragon\\www\\Praktikum_SIWEB_WEEK8\\vendor\\laravel\\framework\\src\\Illuminate\\Foundation\\Application.php(1058): Illuminate\\Container\\Container->make('Illuminate\\\\Cont...', Array)
#12 Z:\\laragon\\www\\Praktikum_SIWEB_WEEK8\\vendor\\laravel\\framework\\src\\Illuminate\\Foundation\\helpers.php(138): Illuminate\\Foundation\\Application->make('Illuminate\\\\Cont...', Array)
#13 Z:\\laragon\\www\\Praktikum_SIWEB_WEEK8\\vendor\\laravel\\framework\\src\\Illuminate\\Foundation\\helpers.php(850): app('Illuminate\\\\Cont...')
#14 Z:\\laragon\\www\\Praktikum_SIWEB_WEEK8\\vendor\\laravel\\framework\\src\\Illuminate\\Foundation\\Exceptions\\Handler.php(987): response('<!-- Target cla...', 500, Array)
#15 Z:\\laragon\\www\\Praktikum_SIWEB_WEEK8\\vendor\\laravel\\framework\\src\\Illuminate\\Foundation\\Exceptions\\Handler.php(839): Illuminate\\Foundation\\Exceptions\\Handler->toIlluminateResponse(Object(Symfony\\Component\\HttpFoundation\\Response), Object(Illuminate\\Contracts\\Container\\BindingResolutionException))
#16 Z:\\laragon\\www\\Praktikum_SIWEB_WEEK8\\vendor\\laravel\\framework\\src\\Illuminate\\Foundation\\Exceptions\\Handler.php(738): Illuminate\\Foundation\\Exceptions\\Handler->prepareResponse(Object(Illuminate\\Http\\Request), Object(Illuminate\\Contracts\\Container\\BindingResolutionException))
#17 Z:\\laragon\\www\\Praktikum_SIWEB_WEEK8\\vendor\\laravel\\framework\\src\\Illuminate\\Foundation\\Exceptions\\Handler.php(626): Illuminate\\Foundation\\Exceptions\\Handler->renderExceptionResponse(Object(Illuminate\\Http\\Request), Object(Illuminate\\Contracts\\Container\\BindingResolutionException))
#18 Z:\\laragon\\www\\Praktikum_SIWEB_WEEK8\\vendor\\laravel\\framework\\src\\Illuminate\\Foundation\\Bootstrap\\HandleExceptions.php(221): Illuminate\\Foundation\\Exceptions\\Handler->render(Object(Illuminate\\Http\\Request), Object(Illuminate\\Contracts\\Container\\BindingResolutionException))
#19 Z:\\laragon\\www\\Praktikum_SIWEB_WEEK8\\vendor\\laravel\\framework\\src\\Illuminate\\Foundation\\Bootstrap\\HandleExceptions.php(198): Illuminate\\Foundation\\Bootstrap\\HandleExceptions->renderHttpResponse(Object(Illuminate\\Contracts\\Container\\BindingResolutionException))
#20 Z:\\laragon\\www\\Praktikum_SIWEB_WEEK8\\vendor\\laravel\\framework\\src\\Illuminate\\Foundation\\Bootstrap\\HandleExceptions.php(258): Illuminate\\Foundation\\Bootstrap\\HandleExceptions->handleException(Object(Illuminate\\Contracts\\Container\\BindingResolutionException))
#21 [internal function]: Illuminate\\Foundation\\Bootstrap\\HandleExceptions->{closure:Illuminate\\Foundation\\Bootstrap\\HandleExceptions::forwardsTo():257}(Object(Illuminate\\Contracts\\Container\\BindingResolutionException))
#22 {main}

Next Illuminate\\Contracts\\Container\\BindingResolutionException: Target class [view] does not exist. in Z:\\laragon\\www\\Praktikum_SIWEB_WEEK8\\vendor\\laravel\\framework\\src\\Illuminate\\Container\\Container.php:1124
Stack trace:
#0 Z:\\laragon\\www\\Praktikum_SIWEB_WEEK8\\vendor\\laravel\\framework\\src\\Illuminate\\Container\\Container.php(933): Illuminate\\Container\\Container->build('view')
#1 Z:\\laragon\\www\\Praktikum_SIWEB_WEEK8\\vendor\\laravel\\framework\\src\\Illuminate\\Foundation\\Application.php(1078): Illuminate\\Container\\Container->resolve('view', Array, true)
#2 Z:\\laragon\\www\\Praktikum_SIWEB_WEEK8\\vendor\\laravel\\framework\\src\\Illuminate\\Container\\Container.php(864): Illuminate\\Foundation\\Application->resolve('view', Array)
#3 Z:\\laragon\\www\\Praktikum_SIWEB_WEEK8\\vendor\\laravel\\framework\\src\\Illuminate\\Foundation\\Application.php(1058): Illuminate\\Container\\Container->make('view', Array)
#4 Z:\\laragon\\www\\Praktikum_SIWEB_WEEK8\\vendor\\laravel\\framework\\src\\Illuminate\\Container\\Container.php(1805): Illuminate\\Foundation\\Application->make('view')
#5 Z:\\laragon\\www\\Praktikum_SIWEB_WEEK8\\vendor\\laravel\\framework\\src\\Illuminate\\Routing\\RoutingServiceProvider.php(177): Illuminate\\Container\\Container->offsetGet('Illuminate\\\\Cont...')
#6 Z:\\laragon\\www\\Praktikum_SIWEB_WEEK8\\vendor\\laravel\\framework\\src\\Illuminate\\Container\\Container.php(1115): Illuminate\\Routing\\RoutingServiceProvider->{closure:Illuminate\\Routing\\RoutingServiceProvider::registerResponseFactory():176}(Object(Illuminate\\Foundation\\Application), Array)
#7 Z:\\laragon\\www\\Praktikum_SIWEB_WEEK8\\vendor\\laravel\\framework\\src\\Illuminate\\Container\\Container.php(933): Illuminate\\Container\\Container->build(Object(Closure))
#8 Z:\\laragon\\www\\Praktikum_SIWEB_WEEK8\\vendor\\laravel\\framework\\src\\Illuminate\\Foundation\\Application.php(1078): Illuminate\\Container\\Container->resolve('Illuminate\\\\Cont...', Array, true)
#9 Z:\\laragon\\www\\Praktikum_SIWEB_WEEK8\\vendor\\laravel\\framework\\src\\Illuminate\\Container\\Container.php(864): Illuminate\\Foundation\\Application->resolve('Illuminate\\\\Cont...', Array)
#10 Z:\\laragon\\www\\Praktikum_SIWEB_WEEK8\\vendor\\laravel\\framework\\src\\Illuminate\\Foundation\\Application.php(1058): Illuminate\\Container\\Container->make('Illuminate\\\\Cont...', Array)
#11 Z:\\laragon\\www\\Praktikum_SIWEB_WEEK8\\vendor\\laravel\\framework\\src\\Illuminate\\Foundation\\helpers.php(138): Illuminate\\Foundation\\Application->make('Illuminate\\\\Cont...', Array)
#12 Z:\\laragon\\www\\Praktikum_SIWEB_WEEK8\\vendor\\laravel\\framework\\src\\Illuminate\\Foundation\\helpers.php(850): app('Illuminate\\\\Cont...')
#13 Z:\\laragon\\www\\Praktikum_SIWEB_WEEK8\\vendor\\laravel\\framework\\src\\Illuminate\\Foundation\\Exceptions\\Handler.php(987): response('<!-- Target cla...', 500, Array)
#14 Z:\\laragon\\www\\Praktikum_SIWEB_WEEK8\\vendor\\laravel\\framework\\src\\Illuminate\\Foundation\\Exceptions\\Handler.php(839): Illuminate\\Foundation\\Exceptions\\Handler->toIlluminateResponse(Object(Symfony\\Component\\HttpFoundation\\Response), Object(Illuminate\\Contracts\\Container\\BindingResolutionException))
#15 Z:\\laragon\\www\\Praktikum_SIWEB_WEEK8\\vendor\\laravel\\framework\\src\\Illuminate\\Foundation\\Exceptions\\Handler.php(738): Illuminate\\Foundation\\Exceptions\\Handler->prepareResponse(Object(Illuminate\\Http\\Request), Object(Illuminate\\Contracts\\Container\\BindingResolutionException))
#16 Z:\\laragon\\www\\Praktikum_SIWEB_WEEK8\\vendor\\laravel\\framework\\src\\Illuminate\\Foundation\\Exceptions\\Handler.php(626): Illuminate\\Foundation\\Exceptions\\Handler->renderExceptionResponse(Object(Illuminate\\Http\\Request), Object(Illuminate\\Contracts\\Container\\BindingResolutionException))
#17 Z:\\laragon\\www\\Praktikum_SIWEB_WEEK8\\vendor\\laravel\\framework\\src\\Illuminate\\Foundation\\Bootstrap\\HandleExceptions.php(221): Illuminate\\Foundation\\Exceptions\\Handler->render(Object(Illuminate\\Http\\Request), Object(Illuminate\\Contracts\\Container\\BindingResolutionException))
#18 Z:\\laragon\\www\\Praktikum_SIWEB_WEEK8\\vendor\\laravel\\framework\\src\\Illuminate\\Foundation\\Bootstrap\\HandleExceptions.php(198): Illuminate\\Foundation\\Bootstrap\\HandleExceptions->renderHttpResponse(Object(Illuminate\\Contracts\\Container\\BindingResolutionException))
#19 Z:\\laragon\\www\\Praktikum_SIWEB_WEEK8\\vendor\\laravel\\framework\\src\\Illuminate\\Foundation\\Bootstrap\\HandleExceptions.php(258): Illuminate\\Foundation\\Bootstrap\\HandleExceptions->handleException(Object(Illuminate\\Contracts\\Container\\BindingResolutionException))
#20 [internal function]: Illuminate\\Foundation\\Bootstrap\\HandleExceptions->{closure:Illuminate\\Foundation\\Bootstrap\\HandleExceptions::forwardsTo():257}(Object(Illuminate\\Contracts\\Container\\BindingResolutionException))
#21 {main}
  thrown at Z:/laragon/www/Praktikum_SIWEB_WEEK8/vendor/laravel/framework/src/Illuminate/Container/Container.php:1124)
[stacktrace]
#0 {main}
"} 
[2026-05-13 08:21:30] local.ERROR: Class "Laravel\Socialite\SocialiteServiceProvider" not found {"exception":"[object] (Error(code: 0): Class \"Laravel\\Socialite\\SocialiteServiceProvider\" not found at Z:/laragon/www/Praktikum_SIWEB_WEEK8/vendor/laravel/framework/src/Illuminate/Foundation/ProviderRepository.php:205)
[stacktrace]
#0 Z:/laragon/www/Praktikum_SIWEB_WEEK8/vendor/laravel/framework/src/Illuminate/Foundation/ProviderRepository.php(141): Illuminate/Foundation/ProviderRepository->createProvider('Laravel//Sociali...')
#1 Z:/laragon/www/Praktikum_SIWEB_WEEK8/vendor/laravel/framework/src/Illuminate/Foundation/ProviderRepository.php(60): Illuminate/Foundation/ProviderRepository->compileManifest(Array)
#2 Z:/laragon/www/Praktikum_SIWEB_WEEK8/vendor/laravel/framework/src/Illuminate/Foundation/Application.php(871): Illuminate/Foundation/ProviderRepository->load(Array)
#3 Z:/laragon/www/Praktikum_SIWEB_WEEK8/vendor/laravel/framework/src/Illuminate/Foundation/Bootstrap/RegisterProviders.php(37): Illuminate/Foundation/Application->registerConfiguredProviders()
#4 Z:/laragon/www/Praktikum_SIWEB_WEEK8/vendor/laravel/framework/src/Illuminate/Foundation/Application.php(342): Illuminate/Foundation/Bootstrap/RegisterProviders->bootstrap(Object(Illuminate/Foundation/Application))
#5 Z:/laragon/www/Praktikum_SIWEB_WEEK8/vendor/laravel/framework/src/Illuminate/Foundation/Http/Kernel.php(186): Illuminate/Foundation/Application->bootstrapWith(Array)
#6 Z:/laragon/www/Praktikum_SIWEB_WEEK8/vendor/laravel/framework/src/Illuminate/Foundation/Http/Kernel.php(170): Illuminate/Foundation/Http/Kernel->bootstrap()
#7 Z:/laragon/www/Praktikum_SIWEB_WEEK8/vendor/laravel/framework/src/Illuminate/Foundation/Http/Kernel.php(144): Illuminate/Foundation/Http/Kernel->sendRequestThroughRouter(Object(Illuminate/Http/Request))
#8 Z:/laragon/www/Praktikum_SIWEB_WEEK8/vendor/laravel/framework/src/Illuminate/Foundation/Application.php(1220): Illuminate/Foundation/Http/Kernel->handle(Object(Illuminate/Http/Request))
#9 Z:/laragon/www/Praktikum_SIWEB_WEEK8/public/index.php(20): Illuminate/Foundation/Application->handleRequest(Object(Illuminate/Http/Request))
#10 {main}
"} 
[2026-05-13 08:21:30] local.ERROR: Target class [view] does not exist. {"exception":"[object] (Illuminate\\Contracts\\Container\\BindingResolutionException(code: 0): Target class [view] does not exist. at Z:/laragon/www/Praktikum_SIWEB_WEEK8/vendor/laravel/framework/src/Illuminate/Container/Container.php:1124)
[stacktrace]
#0 Z:/laragon/www/Praktikum_SIWEB_WEEK8/vendor/laravel/framework/src/Illuminate/Container/Container.php(933): Illuminate/Container/Container->build('view')
#1 Z:/laragon/www/Praktikum_SIWEB_WEEK8/vendor/laravel/framework/src/Illuminate/Foundation/Application.php(1078): Illuminate/Container/Container->resolve('view', Array, true)
#2 Z:/laragon/www/Praktikum_SIWEB_WEEK8/vendor/laravel/framework/src/Illuminate/Container/Container.php(864): Illuminate/Foundation/Application->resolve('view', Array)
#3 Z:/laragon/www/Praktikum_SIWEB_WEEK8/vendor/laravel/framework/src/Illuminate/Foundation/Application.php(1058): Illuminate/Container/Container->make('view', Array)
#4 Z:/laragon/www/Praktikum_SIWEB_WEEK8/vendor/laravel/framework/src/Illuminate/Container/Container.php(1805): Illuminate/Foundation/Application->make('view')
#5 Z:/laragon/www/Praktikum_SIWEB_WEEK8/vendor/laravel/framework/src/Illuminate/Routing/RoutingServiceProvider.php(177): Illuminate/Container/Container->offsetGet('Illuminate//Cont...')
#6 Z:/laragon/www/Praktikum_SIWEB_WEEK8/vendor/laravel/framework/src/Illuminate/Container/Container.php(1115): Illuminate/Routing/RoutingServiceProvider->{closure:Illuminate/Routing/RoutingServiceProvider::registerResponseFactory():176}(Object(Illuminate/Foundation/Application), Array)
#7 Z:/laragon/www/Praktikum_SIWEB_WEEK8/vendor/laravel/framework/src/Illuminate/Container/Container.php(933): Illuminate/Container/Container->build(Object(Closure))
#8 Z:/laragon/www/Praktikum_SIWEB_WEEK8/vendor/laravel/framework/src/Illuminate/Foundation/Application.php(1078): Illuminate/Container/Container->resolve('Illuminate//Cont...', Array, true)
#9 Z:/laragon/www/Praktikum_SIWEB_WEEK8/vendor/laravel/framework/src/Illuminate/Container/Container.php(864): Illuminate/Foundation/Application->resolve('Illuminate//Cont...', Array)
#10 Z:/laragon/www/Praktikum_SIWEB_WEEK8/vendor/laravel/framework/src/Illuminate/Foundation/Application.php(1058): Illuminate/Container/Container->make('Illuminate//Cont...', Array)
#11 Z:/laragon/www/Praktikum_SIWEB_WEEK8/vendor/laravel/framework/src/Illuminate/Foundation/helpers.php(138): Illuminate/Foundation/Application->make('Illuminate//Cont...', Array)
#12 Z:/laragon/www/Praktikum_SIWEB_WEEK8/vendor/laravel/framework/src/Illuminate/Foundation/helpers.php(850): app('Illuminate//Cont...')
#13 Z:/laragon/www/Praktikum_SIWEB_WEEK8/vendor/laravel/framework/src/Illuminate/Foundation/Exceptions/Handler.php(987): response('<!-- Class &quo...', 500, Array)
#14 Z:/laragon/www/Praktikum_SIWEB_WEEK8/vendor/laravel/framework/src/Illuminate/Foundation/Exceptions/Handler.php(839): Illuminate/Foundation/Exceptions/Handler->toIlluminateResponse(Object(Symfony/Component/HttpFoundation/Response), Object(Error))
#15 Z:/laragon/www/Praktikum_SIWEB_WEEK8/vendor/laravel/framework/src/Illuminate/Foundation/Exceptions/Handler.php(738): Illuminate/Foundation/Exceptions/Handler->prepareResponse(Object(Illuminate/Http/Request), Object(Error))
#16 Z:/laragon/www/Praktikum_SIWEB_WEEK8/vendor/laravel/framework/src/Illuminate/Foundation/Exceptions/Handler.php(626): Illuminate/Foundation/Exceptions/Handler->renderExceptionResponse(Object(Illuminate/Http/Request), Object(Error))
#17 Z:/laragon/www/Praktikum_SIWEB_WEEK8/vendor/laravel/framework/src/Illuminate/Foundation/Http/Kernel.php(574): Illuminate/Foundation/Exceptions/Handler->render(Object(Illuminate/Http/Request), Object(Error))
#18 Z:/laragon/www/Praktikum_SIWEB_WEEK8/vendor/laravel/framework/src/Illuminate/Foundation/Http/Kernel.php(148): Illuminate/Foundation/Http/Kernel->renderException(Object(Illuminate/Http/Request), Object(Error))
#19 Z:/laragon/www/Praktikum_SIWEB_WEEK8/vendor/laravel/framework/src/Illuminate/Foundation/Application.php(1220): Illuminate/Foundation/Http/Kernel->handle(Object(Illuminate/Http/Request))
#20 Z:/laragon/www/Praktikum_SIWEB_WEEK8/public/index.php(20): Illuminate/Foundation/Application->handleRequest(Object(Illuminate/Http/Request))
#21 {main}

[previous exception] [object] (ReflectionException(code: -1): Class \"view\" does not exist at Z:/laragon/www/Praktikum_SIWEB_WEEK8/vendor/laravel/framework/src/Illuminate/Container/Container.php:1122)
[stacktrace]
#0 Z:/laragon/www/Praktikum_SIWEB_WEEK8/vendor/laravel/framework/src/Illuminate/Container/Container.php(1122): ReflectionClass->__construct('view')
#1 Z:/laragon/www/Praktikum_SIWEB_WEEK8/vendor/laravel/framework/src/Illuminate/Container/Container.php(933): Illuminate/Container/Container->build('view')
#2 Z:/laragon/www/Praktikum_SIWEB_WEEK8/vendor/laravel/framework/src/Illuminate/Foundation/Application.php(1078): Illuminate/Container/Container->resolve('view', Array, true)
#3 Z:/laragon/www/Praktikum_SIWEB_WEEK8/vendor/laravel/framework/src/Illuminate/Container/Container.php(864): Illuminate/Foundation/Application->resolve('view', Array)
#4 Z:/laragon/www/Praktikum_SIWEB_WEEK8/vendor/laravel/framework/src/Illuminate/Foundation/Application.php(1058): Illuminate/Container/Container->make('view', Array)
#5 Z:/laragon/www/Praktikum_SIWEB_WEEK8/vendor/laravel/framework/src/Illuminate/Container/Container.php(1805): Illuminate/Foundation/Application->make('view')
#6 Z:/laragon/www/Praktikum_SIWEB_WEEK8/vendor/laravel/framework/src/Illuminate/Routing/RoutingServiceProvider.php(177): Illuminate/Container/Container->offsetGet('Illuminate//Cont...')
#7 Z:/laragon/www/Praktikum_SIWEB_WEEK8/vendor/laravel/framework/src/Illuminate/Container/Container.php(1115): Illuminate/Routing/RoutingServiceProvider->{closure:Illuminate/Routing/RoutingServiceProvider::registerResponseFactory():176}(Object(Illuminate/Foundation/Application), Array)
#8 Z:/laragon/www/Praktikum_SIWEB_WEEK8/vendor/laravel/framework/src/Illuminate/Container/Container.php(933): Illuminate/Container/Container->build(Object(Closure))
#9 Z:/laragon/www/Praktikum_SIWEB_WEEK8/vendor/laravel/framework/src/Illuminate/Foundation/Application.php(1078): Illuminate/Container/Container->resolve('Illuminate//Cont...', Array, true)
#10 Z:/laragon/www/Praktikum_SIWEB_WEEK8/vendor/laravel/framework/src/Illuminate/Container/Container.php(864): Illuminate/Foundation/Application->resolve('Illuminate//Cont...', Array)
#11 Z:/laragon/www/Praktikum_SIWEB_WEEK8/vendor/laravel/framework/src/Illuminate/Foundation/Application.php(1058): Illuminate/Container/Container->make('Illuminate//Cont...', Array)
#12 Z:/laragon/www/Praktikum_SIWEB_WEEK8/vendor/laravel/framework/src/Illuminate/Foundation/helpers.php(138): Illuminate/Foundation/Application->make('Illuminate//Cont...', Array)
#13 Z:/laragon/www/Praktikum_SIWEB_WEEK8/vendor/laravel/framework/src/Illuminate/Foundation/helpers.php(850): app('Illuminate//Cont...')
#14 Z:/laragon/www/Praktikum_SIWEB_WEEK8/vendor/laravel/framework/src/Illuminate/Foundation/Exceptions/Handler.php(987): response('<!-- Class &quo...', 500, Array)
#15 Z:/laragon/www/Praktikum_SIWEB_WEEK8/vendor/laravel/framework/src/Illuminate/Foundation/Exceptions/Handler.php(839): Illuminate/Foundation/Exceptions/Handler->toIlluminateResponse(Object(Symfony/Component/HttpFoundation/Response), Object(Error))
#16 Z:/laragon/www/Praktikum_SIWEB_WEEK8/vendor/laravel/framework/src/Illuminate/Foundation/Exceptions/Handler.php(738): Illuminate/Foundation/Exceptions/Handler->prepareResponse(Object(Illuminate/Http/Request), Object(Error))
#17 Z:/laragon/www/Praktikum_SIWEB_WEEK8/vendor/laravel/framework/src/Illuminate/Foundation/Exceptions/Handler.php(626): Illuminate/Foundation/Exceptions/Handler->renderExceptionResponse(Object(Illuminate/Http/Request), Object(Error))
#18 Z:/laragon/www/Praktikum_SIWEB_WEEK8/vendor/laravel/framework/src/Illuminate/Foundation/Http/Kernel.php(574): Illuminate/Foundation/Exceptions/Handler->render(Object(Illuminate/Http/Request), Object(Error))
#19 Z:/laragon/www/Praktikum_SIWEB_WEEK8/vendor/laravel/framework/src/Illuminate/Foundation/Http/Kernel.php(148): Illuminate/Foundation/Http/Kernel->renderException(Object(Illuminate/Http/Request), Object(Error))
#20 Z:/laragon/www/Praktikum_SIWEB_WEEK8/vendor/laravel/framework/src/Illuminate/Foundation/Application.php(1220): Illuminate/Foundation/Http/Kernel->handle(Object(Illuminate/Http/Request))
#21 Z:/laragon/www/Praktikum_SIWEB_WEEK8/public/index.php(20): Illuminate/Foundation/Application->handleRequest(Object(Illuminate/Http/Request))
#22 {main}
"} 
[2026-05-13 08:21:30] local.ERROR: Uncaught ReflectionException: Class "view" does not exist in Z:\laragon\www\Praktikum_SIWEB_WEEK8\vendor\laravel\framework\src\Illuminate\Container\Container.php:1122
Stack trace:
#0 Z:\laragon\www\Praktikum_SIWEB_WEEK8\vendor\laravel\framework\src\Illuminate\Container\Container.php(1122): ReflectionClass->__construct('view')
#1 Z:\laragon\www\Praktikum_SIWEB_WEEK8\vendor\laravel\framework\src\Illuminate\Container\Container.php(933): Illuminate\Container\Container->build('view')
#2 Z:\laragon\www\Praktikum_SIWEB_WEEK8\vendor\laravel\framework\src\Illuminate\Foundation\Application.php(1078): Illuminate\Container\Container->resolve('view', Array, true)
#3 Z:\laragon\www\Praktikum_SIWEB_WEEK8\vendor\laravel\framework\src\Illuminate\Container\Container.php(864): Illuminate\Foundation\Application->resolve('view', Array)
#4 Z:\laragon\www\Praktikum_SIWEB_WEEK8\vendor\laravel\framework\src\Illuminate\Foundation\Application.php(1058): Illuminate\Container\Container->make('view', Array)
#5 Z:\laragon\www\Praktikum_SIWEB_WEEK8\vendor\laravel\framework\src\Illuminate\Container\Container.php(1805): Illuminate\Foundation\Application->make('view')
#6 Z:\laragon\www\Praktikum_SIWEB_WEEK8\vendor\laravel\framework\src\Illuminate\Routing\RoutingServiceProvider.php(177): Illuminate\Container\Container->offsetGet('Illuminate\\Cont...')
#7 Z:\laragon\www\Praktikum_SIWEB_WEEK8\vendor\laravel\framework\src\Illuminate\Container\Container.php(1115): Illuminate\Routing\RoutingServiceProvider->{closure:Illuminate\Routing\RoutingServiceProvider::registerResponseFactory():176}(Object(Illuminate\Foundation\Application), Array)
#8 Z:\laragon\www\Praktikum_SIWEB_WEEK8\vendor\laravel\framework\src\Illuminate\Container\Container.php(933): Illuminate\Container\Container->build(Object(Closure))
#9 Z:\laragon\www\Praktikum_SIWEB_WEEK8\vendor\laravel\framework\src\Illuminate\Foundation\Application.php(1078): Illuminate\Container\Container->resolve('Illuminate\\Cont...', Array, true)
#10 Z:\laragon\www\Praktikum_SIWEB_WEEK8\vendor\laravel\framework\src\Illuminate\Container\Container.php(864): Illuminate\Foundation\Application->resolve('Illuminate\\Cont...', Array)
#11 Z:\laragon\www\Praktikum_SIWEB_WEEK8\vendor\laravel\framework\src\Illuminate\Foundation\Application.php(1058): Illuminate\Container\Container->make('Illuminate\\Cont...', Array)
#12 Z:\laragon\www\Praktikum_SIWEB_WEEK8\vendor\laravel\framework\src\Illuminate\Foundation\helpers.php(138): Illuminate\Foundation\Application->make('Illuminate\\Cont...', Array)
#13 Z:\laragon\www\Praktikum_SIWEB_WEEK8\vendor\laravel\framework\src\Illuminate\Foundation\helpers.php(850): app('Illuminate\\Cont...')
#14 Z:\laragon\www\Praktikum_SIWEB_WEEK8\vendor\laravel\framework\src\Illuminate\Foundation\Exceptions\Handler.php(987): response('<!-- Target cla...', 500, Array)
#15 Z:\laragon\www\Praktikum_SIWEB_WEEK8\vendor\laravel\framework\src\Illuminate\Foundation\Exceptions\Handler.php(839): Illuminate\Foundation\Exceptions\Handler->toIlluminateResponse(Object(Symfony\Component\HttpFoundation\Response), Object(Illuminate\Contracts\Container\BindingResolutionException))
#16 Z:\laragon\www\Praktikum_SIWEB_WEEK8\vendor\laravel\framework\src\Illuminate\Foundation\Exceptions\Handler.php(738): Illuminate\Foundation\Exceptions\Handler->prepareResponse(Object(Illuminate\Http\Request), Object(Illuminate\Contracts\Container\BindingResolutionException))
#17 Z:\laragon\www\Praktikum_SIWEB_WEEK8\vendor\laravel\framework\src\Illuminate\Foundation\Exceptions\Handler.php(626): Illuminate\Foundation\Exceptions\Handler->renderExceptionResponse(Object(Illuminate\Http\Request), Object(Illuminate\Contracts\Container\BindingResolutionException))
#18 Z:\laragon\www\Praktikum_SIWEB_WEEK8\vendor\laravel\framework\src\Illuminate\Foundation\Bootstrap\HandleExceptions.php(221): Illuminate\Foundation\Exceptions\Handler->render(Object(Illuminate\Http\Request), Object(Illuminate\Contracts\Container\BindingResolutionException))
#19 Z:\laragon\www\Praktikum_SIWEB_WEEK8\vendor\laravel\framework\src\Illuminate\Foundation\Bootstrap\HandleExceptions.php(198): Illuminate\Foundation\Bootstrap\HandleExceptions->renderHttpResponse(Object(Illuminate\Contracts\Container\BindingResolutionException))
#20 Z:\laragon\www\Praktikum_SIWEB_WEEK8\vendor\laravel\framework\src\Illuminate\Foundation\Bootstrap\HandleExceptions.php(258): Illuminate\Foundation\Bootstrap\HandleExceptions->handleException(Object(Illuminate\Contracts\Container\BindingResolutionException))
#21 [internal function]: Illuminate\Foundation\Bootstrap\HandleExceptions->{closure:Illuminate\Foundation\Bootstrap\HandleExceptions::forwardsTo():257}(Object(Illuminate\Contracts\Container\BindingResolutionException))
#22 {main}

Next Illuminate\Contracts\Container\BindingResolutionException: Target class [view] does not exist. in Z:\laragon\www\Praktikum_SIWEB_WEEK8\vendor\laravel\framework\src\Illuminate\Container\Container.php:1124
Stack trace:
#0 Z:\laragon\www\Praktikum_SIWEB_WEEK8\vendor\laravel\framework\src\Illuminate\Container\Container.php(933): Illuminate\Container\Container->build('view')
#1 Z:\laragon\www\Praktikum_SIWEB_WEEK8\vendor\laravel\framework\src\Illuminate\Foundation\Application.php(1078): Illuminate\Container\Container->resolve('view', Array, true)
#2 Z:\laragon\www\Praktikum_SIWEB_WEEK8\vendor\laravel\framework\src\Illuminate\Container\Container.php(864): Illuminate\Foundation\Application->resolve('view', Array)
#3 Z:\laragon\www\Praktikum_SIWEB_WEEK8\vendor\laravel\framework\src\Illuminate\Foundation\Application.php(1058): Illuminate\Container\Container->make('view', Array)
#4 Z:\laragon\www\Praktikum_SIWEB_WEEK8\vendor\laravel\framework\src\Illuminate\Container\Container.php(1805): Illuminate\Foundation\Application->make('view')
#5 Z:\laragon\www\Praktikum_SIWEB_WEEK8\vendor\laravel\framework\src\Illuminate\Routing\RoutingServiceProvider.php(177): Illuminate\Container\Container->offsetGet('Illuminate\\Cont...')
#6 Z:\laragon\www\Praktikum_SIWEB_WEEK8\vendor\laravel\framework\src\Illuminate\Container\Container.php(1115): Illuminate\Routing\RoutingServiceProvider->{closure:Illuminate\Routing\RoutingServiceProvider::registerResponseFactory():176}(Object(Illuminate\Foundation\Application), Array)
#7 Z:\laragon\www\Praktikum_SIWEB_WEEK8\vendor\laravel\framework\src\Illuminate\Container\Container.php(933): Illuminate\Container\Container->build(Object(Closure))
#8 Z:\laragon\www\Praktikum_SIWEB_WEEK8\vendor\laravel\framework\src\Illuminate\Foundation\Application.php(1078): Illuminate\Container\Container->resolve('Illuminate\\Cont...', Array, true)
#9 Z:\laragon\www\Praktikum_SIWEB_WEEK8\vendor\laravel\framework\src\Illuminate\Container\Container.php(864): Illuminate\Foundation\Application->resolve('Illuminate\\Cont...', Array)
#10 Z:\laragon\www\Praktikum_SIWEB_WEEK8\vendor\laravel\framework\src\Illuminate\Foundation\Application.php(1058): Illuminate\Container\Container->make('Illuminate\\Cont...', Array)
#11 Z:\laragon\www\Praktikum_SIWEB_WEEK8\vendor\laravel\framework\src\Illuminate\Foundation\helpers.php(138): Illuminate\Foundation\Application->make('Illuminate\\Cont...', Array)
#12 Z:\laragon\www\Praktikum_SIWEB_WEEK8\vendor\laravel\framework\src\Illuminate\Foundation\helpers.php(850): app('Illuminate\\Cont...')
#13 Z:\laragon\www\Praktikum_SIWEB_WEEK8\vendor\laravel\framework\src\Illuminate\Foundation\Exceptions\Handler.php(987): response('<!-- Target cla...', 500, Array)
#14 Z:\laragon\www\Praktikum_SIWEB_WEEK8\vendor\laravel\framework\src\Illuminate\Foundation\Exceptions\Handler.php(839): Illuminate\Foundation\Exceptions\Handler->toIlluminateResponse(Object(Symfony\Component\HttpFoundation\Response), Object(Illuminate\Contracts\Container\BindingResolutionException))
#15 Z:\laragon\www\Praktikum_SIWEB_WEEK8\vendor\laravel\framework\src\Illuminate\Foundation\Exceptions\Handler.php(738): Illuminate\Foundation\Exceptions\Handler->prepareResponse(Object(Illuminate\Http\Request), Object(Illuminate\Contracts\Container\BindingResolutionException))
#16 Z:\laragon\www\Praktikum_SIWEB_WEEK8\vendor\laravel\framework\src\Illuminate\Foundation\Exceptions\Handler.php(626): Illuminate\Foundation\Exceptions\Handler->renderExceptionResponse(Object(Illuminate\Http\Request), Object(Illuminate\Contracts\Container\BindingResolutionException))
#17 Z:\laragon\www\Praktikum_SIWEB_WEEK8\vendor\laravel\framework\src\Illuminate\Foundation\Bootstrap\HandleExceptions.php(221): Illuminate\Foundation\Exceptions\Handler->render(Object(Illuminate\Http\Request), Object(Illuminate\Contracts\Container\BindingResolutionException))
#18 Z:\laragon\www\Praktikum_SIWEB_WEEK8\vendor\laravel\framework\src\Illuminate\Foundation\Bootstrap\HandleExceptions.php(198): Illuminate\Foundation\Bootstrap\HandleExceptions->renderHttpResponse(Object(Illuminate\Contracts\Container\BindingResolutionException))
#19 Z:\laragon\www\Praktikum_SIWEB_WEEK8\vendor\laravel\framework\src\Illuminate\Foundation\Bootstrap\HandleExceptions.php(258): Illuminate\Foundation\Bootstrap\HandleExceptions->handleException(Object(Illuminate\Contracts\Container\BindingResolutionException))
#20 [internal function]: Illuminate\Foundation\Bootstrap\HandleExceptions->{closure:Illuminate\Foundation\Bootstrap\HandleExceptions::forwardsTo():257}(Object(Illuminate\Contracts\Container\BindingResolutionException))
#21 {main}
  thrown {"exception":"[object] (Symfony\\Component\\ErrorHandler\\Error\\FatalError(code: 0): Uncaught ReflectionException: Class \"view\" does not exist in Z:\\laragon\\www\\Praktikum_SIWEB_WEEK8\\vendor\\laravel\\framework\\src\\Illuminate\\Container\\Container.php:1122
Stack trace:
#0 Z:\\laragon\\www\\Praktikum_SIWEB_WEEK8\\vendor\\laravel\\framework\\src\\Illuminate\\Container\\Container.php(1122): ReflectionClass->__construct('view')
#1 Z:\\laragon\\www\\Praktikum_SIWEB_WEEK8\\vendor\\laravel\\framework\\src\\Illuminate\\Container\\Container.php(933): Illuminate\\Container\\Container->build('view')
#2 Z:\\laragon\\www\\Praktikum_SIWEB_WEEK8\\vendor\\laravel\\framework\\src\\Illuminate\\Foundation\\Application.php(1078): Illuminate\\Container\\Container->resolve('view', Array, true)
#3 Z:\\laragon\\www\\Praktikum_SIWEB_WEEK8\\vendor\\laravel\\framework\\src\\Illuminate\\Container\\Container.php(864): Illuminate\\Foundation\\Application->resolve('view', Array)
#4 Z:\\laragon\\www\\Praktikum_SIWEB_WEEK8\\vendor\\laravel\\framework\\src\\Illuminate\\Foundation\\Application.php(1058): Illuminate\\Container\\Container->make('view', Array)
#5 Z:\\laragon\\www\\Praktikum_SIWEB_WEEK8\\vendor\\laravel\\framework\\src\\Illuminate\\Container\\Container.php(1805): Illuminate\\Foundation\\Application->make('view')
#6 Z:\\laragon\\www\\Praktikum_SIWEB_WEEK8\\vendor\\laravel\\framework\\src\\Illuminate\\Routing\\RoutingServiceProvider.php(177): Illuminate\\Container\\Container->offsetGet('Illuminate\\\\Cont...')
#7 Z:\\laragon\\www\\Praktikum_SIWEB_WEEK8\\vendor\\laravel\\framework\\src\\Illuminate\\Container\\Container.php(1115): Illuminate\\Routing\\RoutingServiceProvider->{closure:Illuminate\\Routing\\RoutingServiceProvider::registerResponseFactory():176}(Object(Illuminate\\Foundation\\Application), Array)
#8 Z:\\laragon\\www\\Praktikum_SIWEB_WEEK8\\vendor\\laravel\\framework\\src\\Illuminate\\Container\\Container.php(933): Illuminate\\Container\\Container->build(Object(Closure))
#9 Z:\\laragon\\www\\Praktikum_SIWEB_WEEK8\\vendor\\laravel\\framework\\src\\Illuminate\\Foundation\\Application.php(1078): Illuminate\\Container\\Container->resolve('Illuminate\\\\Cont...', Array, true)
#10 Z:\\laragon\\www\\Praktikum_SIWEB_WEEK8\\vendor\\laravel\\framework\\src\\Illuminate\\Container\\Container.php(864): Illuminate\\Foundation\\Application->resolve('Illuminate\\\\Cont...', Array)
#11 Z:\\laragon\\www\\Praktikum_SIWEB_WEEK8\\vendor\\laravel\\framework\\src\\Illuminate\\Foundation\\Application.php(1058): Illuminate\\Container\\Container->make('Illuminate\\\\Cont...', Array)
#12 Z:\\laragon\\www\\Praktikum_SIWEB_WEEK8\\vendor\\laravel\\framework\\src\\Illuminate\\Foundation\\helpers.php(138): Illuminate\\Foundation\\Application->make('Illuminate\\\\Cont...', Array)
#13 Z:\\laragon\\www\\Praktikum_SIWEB_WEEK8\\vendor\\laravel\\framework\\src\\Illuminate\\Foundation\\helpers.php(850): app('Illuminate\\\\Cont...')
#14 Z:\\laragon\\www\\Praktikum_SIWEB_WEEK8\\vendor\\laravel\\framework\\src\\Illuminate\\Foundation\\Exceptions\\Handler.php(987): response('<!-- Target cla...', 500, Array)
#15 Z:\\laragon\\www\\Praktikum_SIWEB_WEEK8\\vendor\\laravel\\framework\\src\\Illuminate\\Foundation\\Exceptions\\Handler.php(839): Illuminate\\Foundation\\Exceptions\\Handler->toIlluminateResponse(Object(Symfony\\Component\\HttpFoundation\\Response), Object(Illuminate\\Contracts\\Container\\BindingResolutionException))
#16 Z:\\laragon\\www\\Praktikum_SIWEB_WEEK8\\vendor\\laravel\\framework\\src\\Illuminate\\Foundation\\Exceptions\\Handler.php(738): Illuminate\\Foundation\\Exceptions\\Handler->prepareResponse(Object(Illuminate\\Http\\Request), Object(Illuminate\\Contracts\\Container\\BindingResolutionException))
#17 Z:\\laragon\\www\\Praktikum_SIWEB_WEEK8\\vendor\\laravel\\framework\\src\\Illuminate\\Foundation\\Exceptions\\Handler.php(626): Illuminate\\Foundation\\Exceptions\\Handler->renderExceptionResponse(Object(Illuminate\\Http\\Request), Object(Illuminate\\Contracts\\Container\\BindingResolutionException))
#18 Z:\\laragon\\www\\Praktikum_SIWEB_WEEK8\\vendor\\laravel\\framework\\src\\Illuminate\\Foundation\\Bootstrap\\HandleExceptions.php(221): Illuminate\\Foundation\\Exceptions\\Handler->render(Object(Illuminate\\Http\\Request), Object(Illuminate\\Contracts\\Container\\BindingResolutionException))
#19 Z:\\laragon\\www\\Praktikum_SIWEB_WEEK8\\vendor\\laravel\\framework\\src\\Illuminate\\Foundation\\Bootstrap\\HandleExceptions.php(198): Illuminate\\Foundation\\Bootstrap\\HandleExceptions->renderHttpResponse(Object(Illuminate\\Contracts\\Container\\BindingResolutionException))
#20 Z:\\laragon\\www\\Praktikum_SIWEB_WEEK8\\vendor\\laravel\\framework\\src\\Illuminate\\Foundation\\Bootstrap\\HandleExceptions.php(258): Illuminate\\Foundation\\Bootstrap\\HandleExceptions->handleException(Object(Illuminate\\Contracts\\Container\\BindingResolutionException))
#21 [internal function]: Illuminate\\Foundation\\Bootstrap\\HandleExceptions->{closure:Illuminate\\Foundation\\Bootstrap\\HandleExceptions::forwardsTo():257}(Object(Illuminate\\Contracts\\Container\\BindingResolutionException))
#22 {main}

Next Illuminate\\Contracts\\Container\\BindingResolutionException: Target class [view] does not exist. in Z:\\laragon\\www\\Praktikum_SIWEB_WEEK8\\vendor\\laravel\\framework\\src\\Illuminate\\Container\\Container.php:1124
Stack trace:
#0 Z:\\laragon\\www\\Praktikum_SIWEB_WEEK8\\vendor\\laravel\\framework\\src\\Illuminate\\Container\\Container.php(933): Illuminate\\Container\\Container->build('view')
#1 Z:\\laragon\\www\\Praktikum_SIWEB_WEEK8\\vendor\\laravel\\framework\\src\\Illuminate\\Foundation\\Application.php(1078): Illuminate\\Container\\Container->resolve('view', Array, true)
#2 Z:\\laragon\\www\\Praktikum_SIWEB_WEEK8\\vendor\\laravel\\framework\\src\\Illuminate\\Container\\Container.php(864): Illuminate\\Foundation\\Application->resolve('view', Array)
#3 Z:\\laragon\\www\\Praktikum_SIWEB_WEEK8\\vendor\\laravel\\framework\\src\\Illuminate\\Foundation\\Application.php(1058): Illuminate\\Container\\Container->make('view', Array)
#4 Z:\\laragon\\www\\Praktikum_SIWEB_WEEK8\\vendor\\laravel\\framework\\src\\Illuminate\\Container\\Container.php(1805): Illuminate\\Foundation\\Application->make('view')
#5 Z:\\laragon\\www\\Praktikum_SIWEB_WEEK8\\vendor\\laravel\\framework\\src\\Illuminate\\Routing\\RoutingServiceProvider.php(177): Illuminate\\Container\\Container->offsetGet('Illuminate\\\\Cont...')
#6 Z:\\laragon\\www\\Praktikum_SIWEB_WEEK8\\vendor\\laravel\\framework\\src\\Illuminate\\Container\\Container.php(1115): Illuminate\\Routing\\RoutingServiceProvider->{closure:Illuminate\\Routing\\RoutingServiceProvider::registerResponseFactory():176}(Object(Illuminate\\Foundation\\Application), Array)
#7 Z:\\laragon\\www\\Praktikum_SIWEB_WEEK8\\vendor\\laravel\\framework\\src\\Illuminate\\Container\\Container.php(933): Illuminate\\Container\\Container->build(Object(Closure))
#8 Z:\\laragon\\www\\Praktikum_SIWEB_WEEK8\\vendor\\laravel\\framework\\src\\Illuminate\\Foundation\\Application.php(1078): Illuminate\\Container\\Container->resolve('Illuminate\\\\Cont...', Array, true)
#9 Z:\\laragon\\www\\Praktikum_SIWEB_WEEK8\\vendor\\laravel\\framework\\src\\Illuminate\\Container\\Container.php(864): Illuminate\\Foundation\\Application->resolve('Illuminate\\\\Cont...', Array)
#10 Z:\\laragon\\www\\Praktikum_SIWEB_WEEK8\\vendor\\laravel\\framework\\src\\Illuminate\\Foundation\\Application.php(1058): Illuminate\\Container\\Container->make('Illuminate\\\\Cont...', Array)
#11 Z:\\laragon\\www\\Praktikum_SIWEB_WEEK8\\vendor\\laravel\\framework\\src\\Illuminate\\Foundation\\helpers.php(138): Illuminate\\Foundation\\Application->make('Illuminate\\\\Cont...', Array)
#12 Z:\\laragon\\www\\Praktikum_SIWEB_WEEK8\\vendor\\laravel\\framework\\src\\Illuminate\\Foundation\\helpers.php(850): app('Illuminate\\\\Cont...')
#13 Z:\\laragon\\www\\Praktikum_SIWEB_WEEK8\\vendor\\laravel\\framework\\src\\Illuminate\\Foundation\\Exceptions\\Handler.php(987): response('<!-- Target cla...', 500, Array)
#14 Z:\\laragon\\www\\Praktikum_SIWEB_WEEK8\\vendor\\laravel\\framework\\src\\Illuminate\\Foundation\\Exceptions\\Handler.php(839): Illuminate\\Foundation\\Exceptions\\Handler->toIlluminateResponse(Object(Symfony\\Component\\HttpFoundation\\Response), Object(Illuminate\\Contracts\\Container\\BindingResolutionException))
#15 Z:\\laragon\\www\\Praktikum_SIWEB_WEEK8\\vendor\\laravel\\framework\\src\\Illuminate\\Foundation\\Exceptions\\Handler.php(738): Illuminate\\Foundation\\Exceptions\\Handler->prepareResponse(Object(Illuminate\\Http\\Request), Object(Illuminate\\Contracts\\Container\\BindingResolutionException))
#16 Z:\\laragon\\www\\Praktikum_SIWEB_WEEK8\\vendor\\laravel\\framework\\src\\Illuminate\\Foundation\\Exceptions\\Handler.php(626): Illuminate\\Foundation\\Exceptions\\Handler->renderExceptionResponse(Object(Illuminate\\Http\\Request), Object(Illuminate\\Contracts\\Container\\BindingResolutionException))
#17 Z:\\laragon\\www\\Praktikum_SIWEB_WEEK8\\vendor\\laravel\\framework\\src\\Illuminate\\Foundation\\Bootstrap\\HandleExceptions.php(221): Illuminate\\Foundation\\Exceptions\\Handler->render(Object(Illuminate\\Http\\Request), Object(Illuminate\\Contracts\\Container\\BindingResolutionException))
#18 Z:\\laragon\\www\\Praktikum_SIWEB_WEEK8\\vendor\\laravel\\framework\\src\\Illuminate\\Foundation\\Bootstrap\\HandleExceptions.php(198): Illuminate\\Foundation\\Bootstrap\\HandleExceptions->renderHttpResponse(Object(Illuminate\\Contracts\\Container\\BindingResolutionException))
#19 Z:\\laragon\\www\\Praktikum_SIWEB_WEEK8\\vendor\\laravel\\framework\\src\\Illuminate\\Foundation\\Bootstrap\\HandleExceptions.php(258): Illuminate\\Foundation\\Bootstrap\\HandleExceptions->handleException(Object(Illuminate\\Contracts\\Container\\BindingResolutionException))
#20 [internal function]: Illuminate\\Foundation\\Bootstrap\\HandleExceptions->{closure:Illuminate\\Foundation\\Bootstrap\\HandleExceptions::forwardsTo():257}(Object(Illuminate\\Contracts\\Container\\BindingResolutionException))
#21 {main}
  thrown at Z:/laragon/www/Praktikum_SIWEB_WEEK8/vendor/laravel/framework/src/Illuminate/Container/Container.php:1124)
[stacktrace]
#0 {main}
"} 
[2026-05-13 08:21:34] local.ERROR: Class "Laravel\Socialite\SocialiteServiceProvider" not found {"exception":"[object] (Error(code: 0): Class \"Laravel\\Socialite\\SocialiteServiceProvider\" not found at Z:/laragon/www/Praktikum_SIWEB_WEEK8/vendor/laravel/framework/src/Illuminate/Foundation/ProviderRepository.php:205)
[stacktrace]
#0 Z:/laragon/www/Praktikum_SIWEB_WEEK8/vendor/laravel/framework/src/Illuminate/Foundation/ProviderRepository.php(141): Illuminate/Foundation/ProviderRepository->createProvider('Laravel//Sociali...')
#1 Z:/laragon/www/Praktikum_SIWEB_WEEK8/vendor/laravel/framework/src/Illuminate/Foundation/ProviderRepository.php(60): Illuminate/Foundation/ProviderRepository->compileManifest(Array)
#2 Z:/laragon/www/Praktikum_SIWEB_WEEK8/vendor/laravel/framework/src/Illuminate/Foundation/Application.php(871): Illuminate/Foundation/ProviderRepository->load(Array)
#3 Z:/laragon/www/Praktikum_SIWEB_WEEK8/vendor/laravel/framework/src/Illuminate/Foundation/Bootstrap/RegisterProviders.php(37): Illuminate/Foundation/Application->registerConfiguredProviders()
#4 Z:/laragon/www/Praktikum_SIWEB_WEEK8/vendor/laravel/framework/src/Illuminate/Foundation/Application.php(342): Illuminate/Foundation/Bootstrap/RegisterProviders->bootstrap(Object(Illuminate/Foundation/Application))
#5 Z:/laragon/www/Praktikum_SIWEB_WEEK8/vendor/laravel/framework/src/Illuminate/Foundation/Http/Kernel.php(186): Illuminate/Foundation/Application->bootstrapWith(Array)
#6 Z:/laragon/www/Praktikum_SIWEB_WEEK8/vendor/laravel/framework/src/Illuminate/Foundation/Http/Kernel.php(170): Illuminate/Foundation/Http/Kernel->bootstrap()
#7 Z:/laragon/www/Praktikum_SIWEB_WEEK8/vendor/laravel/framework/src/Illuminate/Foundation/Http/Kernel.php(144): Illuminate/Foundation/Http/Kernel->sendRequestThroughRouter(Object(Illuminate/Http/Request))
#8 Z:/laragon/www/Praktikum_SIWEB_WEEK8/vendor/laravel/framework/src/Illuminate/Foundation/Application.php(1220): Illuminate/Foundation/Http/Kernel->handle(Object(Illuminate/Http/Request))
#9 Z:/laragon/www/Praktikum_SIWEB_WEEK8/public/index.php(20): Illuminate/Foundation/Application->handleRequest(Object(Illuminate/Http/Request))
#10 {main}
"} 
[2026-05-13 08:21:34] local.ERROR: Target class [view] does not exist. {"exception":"[object] (Illuminate\\Contracts\\Container\\BindingResolutionException(code: 0): Target class [view] does not exist. at Z:/laragon/www/Praktikum_SIWEB_WEEK8/vendor/laravel/framework/src/Illuminate/Container/Container.php:1124)
[stacktrace]
#0 Z:/laragon/www/Praktikum_SIWEB_WEEK8/vendor/laravel/framework/src/Illuminate/Container/Container.php(933): Illuminate/Container/Container->build('view')
#1 Z:/laragon/www/Praktikum_SIWEB_WEEK8/vendor/laravel/framework/src/Illuminate/Foundation/Application.php(1078): Illuminate/Container/Container->resolve('view', Array, true)
#2 Z:/laragon/www/Praktikum_SIWEB_WEEK8/vendor/laravel/framework/src/Illuminate/Container/Container.php(864): Illuminate/Foundation/Application->resolve('view', Array)
#3 Z:/laragon/www/Praktikum_SIWEB_WEEK8/vendor/laravel/framework/src/Illuminate/Foundation/Application.php(1058): Illuminate/Container/Container->make('view', Array)
#4 Z:/laragon/www/Praktikum_SIWEB_WEEK8/vendor/laravel/framework/src/Illuminate/Container/Container.php(1805): Illuminate/Foundation/Application->make('view')
#5 Z:/laragon/www/Praktikum_SIWEB_WEEK8/vendor/laravel/framework/src/Illuminate/Routing/RoutingServiceProvider.php(177): Illuminate/Container/Container->offsetGet('Illuminate//Cont...')
#6 Z:/laragon/www/Praktikum_SIWEB_WEEK8/vendor/laravel/framework/src/Illuminate/Container/Container.php(1115): Illuminate/Routing/RoutingServiceProvider->{closure:Illuminate/Routing/RoutingServiceProvider::registerResponseFactory():176}(Object(Illuminate/Foundation/Application), Array)
#7 Z:/laragon/www/Praktikum_SIWEB_WEEK8/vendor/laravel/framework/src/Illuminate/Container/Container.php(933): Illuminate/Container/Container->build(Object(Closure))
#8 Z:/laragon/www/Praktikum_SIWEB_WEEK8/vendor/laravel/framework/src/Illuminate/Foundation/Application.php(1078): Illuminate/Container/Container->resolve('Illuminate//Cont...', Array, true)
#9 Z:/laragon/www/Praktikum_SIWEB_WEEK8/vendor/laravel/framework/src/Illuminate/Container/Container.php(864): Illuminate/Foundation/Application->resolve('Illuminate//Cont...', Array)
#10 Z:/laragon/www/Praktikum_SIWEB_WEEK8/vendor/laravel/framework/src/Illuminate/Foundation/Application.php(1058): Illuminate/Container/Container->make('Illuminate//Cont...', Array)
#11 Z:/laragon/www/Praktikum_SIWEB_WEEK8/vendor/laravel/framework/src/Illuminate/Foundation/helpers.php(138): Illuminate/Foundation/Application->make('Illuminate//Cont...', Array)
#12 Z:/laragon/www/Praktikum_SIWEB_WEEK8/vendor/laravel/framework/src/Illuminate/Foundation/helpers.php(850): app('Illuminate//Cont...')
#13 Z:/laragon/www/Praktikum_SIWEB_WEEK8/vendor/laravel/framework/src/Illuminate/Foundation/Exceptions/Handler.php(987): response('<!-- Class &quo...', 500, Array)
#14 Z:/laragon/www/Praktikum_SIWEB_WEEK8/vendor/laravel/framework/src/Illuminate/Foundation/Exceptions/Handler.php(839): Illuminate/Foundation/Exceptions/Handler->toIlluminateResponse(Object(Symfony/Component/HttpFoundation/Response), Object(Error))
#15 Z:/laragon/www/Praktikum_SIWEB_WEEK8/vendor/laravel/framework/src/Illuminate/Foundation/Exceptions/Handler.php(738): Illuminate/Foundation/Exceptions/Handler->prepareResponse(Object(Illuminate/Http/Request), Object(Error))
#16 Z:/laragon/www/Praktikum_SIWEB_WEEK8/vendor/laravel/framework/src/Illuminate/Foundation/Exceptions/Handler.php(626): Illuminate/Foundation/Exceptions/Handler->renderExceptionResponse(Object(Illuminate/Http/Request), Object(Error))
#17 Z:/laragon/www/Praktikum_SIWEB_WEEK8/vendor/laravel/framework/src/Illuminate/Foundation/Http/Kernel.php(574): Illuminate/Foundation/Exceptions/Handler->render(Object(Illuminate/Http/Request), Object(Error))
#18 Z:/laragon/www/Praktikum_SIWEB_WEEK8/vendor/laravel/framework/src/Illuminate/Foundation/Http/Kernel.php(148): Illuminate/Foundation/Http/Kernel->renderException(Object(Illuminate/Http/Request), Object(Error))
#19 Z:/laragon/www/Praktikum_SIWEB_WEEK8/vendor/laravel/framework/src/Illuminate/Foundation/Application.php(1220): Illuminate/Foundation/Http/Kernel->handle(Object(Illuminate/Http/Request))
#20 Z:/laragon/www/Praktikum_SIWEB_WEEK8/public/index.php(20): Illuminate/Foundation/Application->handleRequest(Object(Illuminate/Http/Request))
#21 {main}

[previous exception] [object] (ReflectionException(code: -1): Class \"view\" does not exist at Z:/laragon/www/Praktikum_SIWEB_WEEK8/vendor/laravel/framework/src/Illuminate/Container/Container.php:1122)
[stacktrace]
#0 Z:/laragon/www/Praktikum_SIWEB_WEEK8/vendor/laravel/framework/src/Illuminate/Container/Container.php(1122): ReflectionClass->__construct('view')
#1 Z:/laragon/www/Praktikum_SIWEB_WEEK8/vendor/laravel/framework/src/Illuminate/Container/Container.php(933): Illuminate/Container/Container->build('view')
#2 Z:/laragon/www/Praktikum_SIWEB_WEEK8/vendor/laravel/framework/src/Illuminate/Foundation/Application.php(1078): Illuminate/Container/Container->resolve('view', Array, true)
#3 Z:/laragon/www/Praktikum_SIWEB_WEEK8/vendor/laravel/framework/src/Illuminate/Container/Container.php(864): Illuminate/Foundation/Application->resolve('view', Array)
#4 Z:/laragon/www/Praktikum_SIWEB_WEEK8/vendor/laravel/framework/src/Illuminate/Foundation/Application.php(1058): Illuminate/Container/Container->make('view', Array)
#5 Z:/laragon/www/Praktikum_SIWEB_WEEK8/vendor/laravel/framework/src/Illuminate/Container/Container.php(1805): Illuminate/Foundation/Application->make('view')
#6 Z:/laragon/www/Praktikum_SIWEB_WEEK8/vendor/laravel/framework/src/Illuminate/Routing/RoutingServiceProvider.php(177): Illuminate/Container/Container->offsetGet('Illuminate//Cont...')
#7 Z:/laragon/www/Praktikum_SIWEB_WEEK8/vendor/laravel/framework/src/Illuminate/Container/Container.php(1115): Illuminate/Routing/RoutingServiceProvider->{closure:Illuminate/Routing/RoutingServiceProvider::registerResponseFactory():176}(Object(Illuminate/Foundation/Application), Array)
#8 Z:/laragon/www/Praktikum_SIWEB_WEEK8/vendor/laravel/framework/src/Illuminate/Container/Container.php(933): Illuminate/Container/Container->build(Object(Closure))
#9 Z:/laragon/www/Praktikum_SIWEB_WEEK8/vendor/laravel/framework/src/Illuminate/Foundation/Application.php(1078): Illuminate/Container/Container->resolve('Illuminate//Cont...', Array, true)
#10 Z:/laragon/www/Praktikum_SIWEB_WEEK8/vendor/laravel/framework/src/Illuminate/Container/Container.php(864): Illuminate/Foundation/Application->resolve('Illuminate//Cont...', Array)
#11 Z:/laragon/www/Praktikum_SIWEB_WEEK8/vendor/laravel/framework/src/Illuminate/Foundation/Application.php(1058): Illuminate/Container/Container->make('Illuminate//Cont...', Array)
#12 Z:/laragon/www/Praktikum_SIWEB_WEEK8/vendor/laravel/framework/src/Illuminate/Foundation/helpers.php(138): Illuminate/Foundation/Application->make('Illuminate//Cont...', Array)
#13 Z:/laragon/www/Praktikum_SIWEB_WEEK8/vendor/laravel/framework/src/Illuminate/Foundation/helpers.php(850): app('Illuminate//Cont...')
#14 Z:/laragon/www/Praktikum_SIWEB_WEEK8/vendor/laravel/framework/src/Illuminate/Foundation/Exceptions/Handler.php(987): response('<!-- Class &quo...', 500, Array)
#15 Z:/laragon/www/Praktikum_SIWEB_WEEK8/vendor/laravel/framework/src/Illuminate/Foundation/Exceptions/Handler.php(839): Illuminate/Foundation/Exceptions/Handler->toIlluminateResponse(Object(Symfony/Component/HttpFoundation/Response), Object(Error))
#16 Z:/laragon/www/Praktikum_SIWEB_WEEK8/vendor/laravel/framework/src/Illuminate/Foundation/Exceptions/Handler.php(738): Illuminate/Foundation/Exceptions/Handler->prepareResponse(Object(Illuminate/Http/Request), Object(Error))
#17 Z:/laragon/www/Praktikum_SIWEB_WEEK8/vendor/laravel/framework/src/Illuminate/Foundation/Exceptions/Handler.php(626): Illuminate/Foundation/Exceptions/Handler->renderExceptionResponse(Object(Illuminate/Http/Request), Object(Error))
#18 Z:/laragon/www/Praktikum_SIWEB_WEEK8/vendor/laravel/framework/src/Illuminate/Foundation/Http/Kernel.php(574): Illuminate/Foundation/Exceptions/Handler->render(Object(Illuminate/Http/Request), Object(Error))
#19 Z:/laragon/www/Praktikum_SIWEB_WEEK8/vendor/laravel/framework/src/Illuminate/Foundation/Http/Kernel.php(148): Illuminate/Foundation/Http/Kernel->renderException(Object(Illuminate/Http/Request), Object(Error))
#20 Z:/laragon/www/Praktikum_SIWEB_WEEK8/vendor/laravel/framework/src/Illuminate/Foundation/Application.php(1220): Illuminate/Foundation/Http/Kernel->handle(Object(Illuminate/Http/Request))
#21 Z:/laragon/www/Praktikum_SIWEB_WEEK8/public/index.php(20): Illuminate/Foundation/Application->handleRequest(Object(Illuminate/Http/Request))
#22 {main}
"} 
[2026-05-13 08:21:35] local.ERROR: Uncaught ReflectionException: Class "view" does not exist in Z:\laragon\www\Praktikum_SIWEB_WEEK8\vendor\laravel\framework\src\Illuminate\Container\Container.php:1122
Stack trace:
#0 Z:\laragon\www\Praktikum_SIWEB_WEEK8\vendor\laravel\framework\src\Illuminate\Container\Container.php(1122): ReflectionClass->__construct('view')
#1 Z:\laragon\www\Praktikum_SIWEB_WEEK8\vendor\laravel\framework\src\Illuminate\Container\Container.php(933): Illuminate\Container\Container->build('view')
#2 Z:\laragon\www\Praktikum_SIWEB_WEEK8\vendor\laravel\framework\src\Illuminate\Foundation\Application.php(1078): Illuminate\Container\Container->resolve('view', Array, true)
#3 Z:\laragon\www\Praktikum_SIWEB_WEEK8\vendor\laravel\framework\src\Illuminate\Container\Container.php(864): Illuminate\Foundation\Application->resolve('view', Array)
#4 Z:\laragon\www\Praktikum_SIWEB_WEEK8\vendor\laravel\framework\src\Illuminate\Foundation\Application.php(1058): Illuminate\Container\Container->make('view', Array)
#5 Z:\laragon\www\Praktikum_SIWEB_WEEK8\vendor\laravel\framework\src\Illuminate\Container\Container.php(1805): Illuminate\Foundation\Application->make('view')
#6 Z:\laragon\www\Praktikum_SIWEB_WEEK8\vendor\laravel\framework\src\Illuminate\Routing\RoutingServiceProvider.php(177): Illuminate\Container\Container->offsetGet('Illuminate\\Cont...')
#7 Z:\laragon\www\Praktikum_SIWEB_WEEK8\vendor\laravel\framework\src\Illuminate\Container\Container.php(1115): Illuminate\Routing\RoutingServiceProvider->{closure:Illuminate\Routing\RoutingServiceProvider::registerResponseFactory():176}(Object(Illuminate\Foundation\Application), Array)
#8 Z:\laragon\www\Praktikum_SIWEB_WEEK8\vendor\laravel\framework\src\Illuminate\Container\Container.php(933): Illuminate\Container\Container->build(Object(Closure))
#9 Z:\laragon\www\Praktikum_SIWEB_WEEK8\vendor\laravel\framework\src\Illuminate\Foundation\Application.php(1078): Illuminate\Container\Container->resolve('Illuminate\\Cont...', Array, true)
#10 Z:\laragon\www\Praktikum_SIWEB_WEEK8\vendor\laravel\framework\src\Illuminate\Container\Container.php(864): Illuminate\Foundation\Application->resolve('Illuminate\\Cont...', Array)
#11 Z:\laragon\www\Praktikum_SIWEB_WEEK8\vendor\laravel\framework\src\Illuminate\Foundation\Application.php(1058): Illuminate\Container\Container->make('Illuminate\\Cont...', Array)
#12 Z:\laragon\www\Praktikum_SIWEB_WEEK8\vendor\laravel\framework\src\Illuminate\Foundation\helpers.php(138): Illuminate\Foundation\Application->make('Illuminate\\Cont...', Array)
#13 Z:\laragon\www\Praktikum_SIWEB_WEEK8\vendor\laravel\framework\src\Illuminate\Foundation\helpers.php(850): app('Illuminate\\Cont...')
#14 Z:\laragon\www\Praktikum_SIWEB_WEEK8\vendor\laravel\framework\src\Illuminate\Foundation\Exceptions\Handler.php(987): response('<!-- Target cla...', 500, Array)
#15 Z:\laragon\www\Praktikum_SIWEB_WEEK8\vendor\laravel\framework\src\Illuminate\Foundation\Exceptions\Handler.php(839): Illuminate\Foundation\Exceptions\Handler->toIlluminateResponse(Object(Symfony\Component\HttpFoundation\Response), Object(Illuminate\Contracts\Container\BindingResolutionException))
#16 Z:\laragon\www\Praktikum_SIWEB_WEEK8\vendor\laravel\framework\src\Illuminate\Foundation\Exceptions\Handler.php(738): Illuminate\Foundation\Exceptions\Handler->prepareResponse(Object(Illuminate\Http\Request), Object(Illuminate\Contracts\Container\BindingResolutionException))
#17 Z:\laragon\www\Praktikum_SIWEB_WEEK8\vendor\laravel\framework\src\Illuminate\Foundation\Exceptions\Handler.php(626): Illuminate\Foundation\Exceptions\Handler->renderExceptionResponse(Object(Illuminate\Http\Request), Object(Illuminate\Contracts\Container\BindingResolutionException))
#18 Z:\laragon\www\Praktikum_SIWEB_WEEK8\vendor\laravel\framework\src\Illuminate\Foundation\Bootstrap\HandleExceptions.php(221): Illuminate\Foundation\Exceptions\Handler->render(Object(Illuminate\Http\Request), Object(Illuminate\Contracts\Container\BindingResolutionException))
#19 Z:\laragon\www\Praktikum_SIWEB_WEEK8\vendor\laravel\framework\src\Illuminate\Foundation\Bootstrap\HandleExceptions.php(198): Illuminate\Foundation\Bootstrap\HandleExceptions->renderHttpResponse(Object(Illuminate\Contracts\Container\BindingResolutionException))
#20 Z:\laragon\www\Praktikum_SIWEB_WEEK8\vendor\laravel\framework\src\Illuminate\Foundation\Bootstrap\HandleExceptions.php(258): Illuminate\Foundation\Bootstrap\HandleExceptions->handleException(Object(Illuminate\Contracts\Container\BindingResolutionException))
#21 [internal function]: Illuminate\Foundation\Bootstrap\HandleExceptions->{closure:Illuminate\Foundation\Bootstrap\HandleExceptions::forwardsTo():257}(Object(Illuminate\Contracts\Container\BindingResolutionException))
#22 {main}

Next Illuminate\Contracts\Container\BindingResolutionException: Target class [view] does not exist. in Z:\laragon\www\Praktikum_SIWEB_WEEK8\vendor\laravel\framework\src\Illuminate\Container\Container.php:1124
Stack trace:
#0 Z:\laragon\www\Praktikum_SIWEB_WEEK8\vendor\laravel\framework\src\Illuminate\Container\Container.php(933): Illuminate\Container\Container->build('view')
#1 Z:\laragon\www\Praktikum_SIWEB_WEEK8\vendor\laravel\framework\src\Illuminate\Foundation\Application.php(1078): Illuminate\Container\Container->resolve('view', Array, true)
#2 Z:\laragon\www\Praktikum_SIWEB_WEEK8\vendor\laravel\framework\src\Illuminate\Container\Container.php(864): Illuminate\Foundation\Application->resolve('view', Array)
#3 Z:\laragon\www\Praktikum_SIWEB_WEEK8\vendor\laravel\framework\src\Illuminate\Foundation\Application.php(1058): Illuminate\Container\Container->make('view', Array)
#4 Z:\laragon\www\Praktikum_SIWEB_WEEK8\vendor\laravel\framework\src\Illuminate\Container\Container.php(1805): Illuminate\Foundation\Application->make('view')
#5 Z:\laragon\www\Praktikum_SIWEB_WEEK8\vendor\laravel\framework\src\Illuminate\Routing\RoutingServiceProvider.php(177): Illuminate\Container\Container->offsetGet('Illuminate\\Cont...')
#6 Z:\laragon\www\Praktikum_SIWEB_WEEK8\vendor\laravel\framework\src\Illuminate\Container\Container.php(1115): Illuminate\Routing\RoutingServiceProvider->{closure:Illuminate\Routing\RoutingServiceProvider::registerResponseFactory():176}(Object(Illuminate\Foundation\Application), Array)
#7 Z:\laragon\www\Praktikum_SIWEB_WEEK8\vendor\laravel\framework\src\Illuminate\Container\Container.php(933): Illuminate\Container\Container->build(Object(Closure))
#8 Z:\laragon\www\Praktikum_SIWEB_WEEK8\vendor\laravel\framework\src\Illuminate\Foundation\Application.php(1078): Illuminate\Container\Container->resolve('Illuminate\\Cont...', Array, true)
#9 Z:\laragon\www\Praktikum_SIWEB_WEEK8\vendor\laravel\framework\src\Illuminate\Container\Container.php(864): Illuminate\Foundation\Application->resolve('Illuminate\\Cont...', Array)
#10 Z:\laragon\www\Praktikum_SIWEB_WEEK8\vendor\laravel\framework\src\Illuminate\Foundation\Application.php(1058): Illuminate\Container\Container->make('Illuminate\\Cont...', Array)
#11 Z:\laragon\www\Praktikum_SIWEB_WEEK8\vendor\laravel\framework\src\Illuminate\Foundation\helpers.php(138): Illuminate\Foundation\Application->make('Illuminate\\Cont...', Array)
#12 Z:\laragon\www\Praktikum_SIWEB_WEEK8\vendor\laravel\framework\src\Illuminate\Foundation\helpers.php(850): app('Illuminate\\Cont...')
#13 Z:\laragon\www\Praktikum_SIWEB_WEEK8\vendor\laravel\framework\src\Illuminate\Foundation\Exceptions\Handler.php(987): response('<!-- Target cla...', 500, Array)
#14 Z:\laragon\www\Praktikum_SIWEB_WEEK8\vendor\laravel\framework\src\Illuminate\Foundation\Exceptions\Handler.php(839): Illuminate\Foundation\Exceptions\Handler->toIlluminateResponse(Object(Symfony\Component\HttpFoundation\Response), Object(Illuminate\Contracts\Container\BindingResolutionException))
#15 Z:\laragon\www\Praktikum_SIWEB_WEEK8\vendor\laravel\framework\src\Illuminate\Foundation\Exceptions\Handler.php(738): Illuminate\Foundation\Exceptions\Handler->prepareResponse(Object(Illuminate\Http\Request), Object(Illuminate\Contracts\Container\BindingResolutionException))
#16 Z:\laragon\www\Praktikum_SIWEB_WEEK8\vendor\laravel\framework\src\Illuminate\Foundation\Exceptions\Handler.php(626): Illuminate\Foundation\Exceptions\Handler->renderExceptionResponse(Object(Illuminate\Http\Request), Object(Illuminate\Contracts\Container\BindingResolutionException))
#17 Z:\laragon\www\Praktikum_SIWEB_WEEK8\vendor\laravel\framework\src\Illuminate\Foundation\Bootstrap\HandleExceptions.php(221): Illuminate\Foundation\Exceptions\Handler->render(Object(Illuminate\Http\Request), Object(Illuminate\Contracts\Container\BindingResolutionException))
#18 Z:\laragon\www\Praktikum_SIWEB_WEEK8\vendor\laravel\framework\src\Illuminate\Foundation\Bootstrap\HandleExceptions.php(198): Illuminate\Foundation\Bootstrap\HandleExceptions->renderHttpResponse(Object(Illuminate\Contracts\Container\BindingResolutionException))
#19 Z:\laragon\www\Praktikum_SIWEB_WEEK8\vendor\laravel\framework\src\Illuminate\Foundation\Bootstrap\HandleExceptions.php(258): Illuminate\Foundation\Bootstrap\HandleExceptions->handleException(Object(Illuminate\Contracts\Container\BindingResolutionException))
#20 [internal function]: Illuminate\Foundation\Bootstrap\HandleExceptions->{closure:Illuminate\Foundation\Bootstrap\HandleExceptions::forwardsTo():257}(Object(Illuminate\Contracts\Container\BindingResolutionException))
#21 {main}
  thrown {"exception":"[object] (Symfony\\Component\\ErrorHandler\\Error\\FatalError(code: 0): Uncaught ReflectionException: Class \"view\" does not exist in Z:\\laragon\\www\\Praktikum_SIWEB_WEEK8\\vendor\\laravel\\framework\\src\\Illuminate\\Container\\Container.php:1122
Stack trace:
#0 Z:\\laragon\\www\\Praktikum_SIWEB_WEEK8\\vendor\\laravel\\framework\\src\\Illuminate\\Container\\Container.php(1122): ReflectionClass->__construct('view')
#1 Z:\\laragon\\www\\Praktikum_SIWEB_WEEK8\\vendor\\laravel\\framework\\src\\Illuminate\\Container\\Container.php(933): Illuminate\\Container\\Container->build('view')
#2 Z:\\laragon\\www\\Praktikum_SIWEB_WEEK8\\vendor\\laravel\\framework\\src\\Illuminate\\Foundation\\Application.php(1078): Illuminate\\Container\\Container->resolve('view', Array, true)
#3 Z:\\laragon\\www\\Praktikum_SIWEB_WEEK8\\vendor\\laravel\\framework\\src\\Illuminate\\Container\\Container.php(864): Illuminate\\Foundation\\Application->resolve('view', Array)
#4 Z:\\laragon\\www\\Praktikum_SIWEB_WEEK8\\vendor\\laravel\\framework\\src\\Illuminate\\Foundation\\Application.php(1058): Illuminate\\Container\\Container->make('view', Array)
#5 Z:\\laragon\\www\\Praktikum_SIWEB_WEEK8\\vendor\\laravel\\framework\\src\\Illuminate\\Container\\Container.php(1805): Illuminate\\Foundation\\Application->make('view')
#6 Z:\\laragon\\www\\Praktikum_SIWEB_WEEK8\\vendor\\laravel\\framework\\src\\Illuminate\\Routing\\RoutingServiceProvider.php(177): Illuminate\\Container\\Container->offsetGet('Illuminate\\\\Cont...')
#7 Z:\\laragon\\www\\Praktikum_SIWEB_WEEK8\\vendor\\laravel\\framework\\src\\Illuminate\\Container\\Container.php(1115): Illuminate\\Routing\\RoutingServiceProvider->{closure:Illuminate\\Routing\\RoutingServiceProvider::registerResponseFactory():176}(Object(Illuminate\\Foundation\\Application), Array)
#8 Z:\\laragon\\www\\Praktikum_SIWEB_WEEK8\\vendor\\laravel\\framework\\src\\Illuminate\\Container\\Container.php(933): Illuminate\\Container\\Container->build(Object(Closure))
#9 Z:\\laragon\\www\\Praktikum_SIWEB_WEEK8\\vendor\\laravel\\framework\\src\\Illuminate\\Foundation\\Application.php(1078): Illuminate\\Container\\Container->resolve('Illuminate\\\\Cont...', Array, true)
#10 Z:\\laragon\\www\\Praktikum_SIWEB_WEEK8\\vendor\\laravel\\framework\\src\\Illuminate\\Container\\Container.php(864): Illuminate\\Foundation\\Application->resolve('Illuminate\\\\Cont...', Array)
#11 Z:\\laragon\\www\\Praktikum_SIWEB_WEEK8\\vendor\\laravel\\framework\\src\\Illuminate\\Foundation\\Application.php(1058): Illuminate\\Container\\Container->make('Illuminate\\\\Cont...', Array)
#12 Z:\\laragon\\www\\Praktikum_SIWEB_WEEK8\\vendor\\laravel\\framework\\src\\Illuminate\\Foundation\\helpers.php(138): Illuminate\\Foundation\\Application->make('Illuminate\\\\Cont...', Array)
#13 Z:\\laragon\\www\\Praktikum_SIWEB_WEEK8\\vendor\\laravel\\framework\\src\\Illuminate\\Foundation\\helpers.php(850): app('Illuminate\\\\Cont...')
#14 Z:\\laragon\\www\\Praktikum_SIWEB_WEEK8\\vendor\\laravel\\framework\\src\\Illuminate\\Foundation\\Exceptions\\Handler.php(987): response('<!-- Target cla...', 500, Array)
#15 Z:\\laragon\\www\\Praktikum_SIWEB_WEEK8\\vendor\\laravel\\framework\\src\\Illuminate\\Foundation\\Exceptions\\Handler.php(839): Illuminate\\Foundation\\Exceptions\\Handler->toIlluminateResponse(Object(Symfony\\Component\\HttpFoundation\\Response), Object(Illuminate\\Contracts\\Container\\BindingResolutionException))
#16 Z:\\laragon\\www\\Praktikum_SIWEB_WEEK8\\vendor\\laravel\\framework\\src\\Illuminate\\Foundation\\Exceptions\\Handler.php(738): Illuminate\\Foundation\\Exceptions\\Handler->prepareResponse(Object(Illuminate\\Http\\Request), Object(Illuminate\\Contracts\\Container\\BindingResolutionException))
#17 Z:\\laragon\\www\\Praktikum_SIWEB_WEEK8\\vendor\\laravel\\framework\\src\\Illuminate\\Foundation\\Exceptions\\Handler.php(626): Illuminate\\Foundation\\Exceptions\\Handler->renderExceptionResponse(Object(Illuminate\\Http\\Request), Object(Illuminate\\Contracts\\Container\\BindingResolutionException))
#18 Z:\\laragon\\www\\Praktikum_SIWEB_WEEK8\\vendor\\laravel\\framework\\src\\Illuminate\\Foundation\\Bootstrap\\HandleExceptions.php(221): Illuminate\\Foundation\\Exceptions\\Handler->render(Object(Illuminate\\Http\\Request), Object(Illuminate\\Contracts\\Container\\BindingResolutionException))
#19 Z:\\laragon\\www\\Praktikum_SIWEB_WEEK8\\vendor\\laravel\\framework\\src\\Illuminate\\Foundation\\Bootstrap\\HandleExceptions.php(198): Illuminate\\Foundation\\Bootstrap\\HandleExceptions->renderHttpResponse(Object(Illuminate\\Contracts\\Container\\BindingResolutionException))
#20 Z:\\laragon\\www\\Praktikum_SIWEB_WEEK8\\vendor\\laravel\\framework\\src\\Illuminate\\Foundation\\Bootstrap\\HandleExceptions.php(258): Illuminate\\Foundation\\Bootstrap\\HandleExceptions->handleException(Object(Illuminate\\Contracts\\Container\\BindingResolutionException))
#21 [internal function]: Illuminate\\Foundation\\Bootstrap\\HandleExceptions->{closure:Illuminate\\Foundation\\Bootstrap\\HandleExceptions::forwardsTo():257}(Object(Illuminate\\Contracts\\Container\\BindingResolutionException))
#22 {main}

Next Illuminate\\Contracts\\Container\\BindingResolutionException: Target class [view] does not exist. in Z:\\laragon\\www\\Praktikum_SIWEB_WEEK8\\vendor\\laravel\\framework\\src\\Illuminate\\Container\\Container.php:1124
Stack trace:
#0 Z:\\laragon\\www\\Praktikum_SIWEB_WEEK8\\vendor\\laravel\\framework\\src\\Illuminate\\Container\\Container.php(933): Illuminate\\Container\\Container->build('view')
#1 Z:\\laragon\\www\\Praktikum_SIWEB_WEEK8\\vendor\\laravel\\framework\\src\\Illuminate\\Foundation\\Application.php(1078): Illuminate\\Container\\Container->resolve('view', Array, true)
#2 Z:\\laragon\\www\\Praktikum_SIWEB_WEEK8\\vendor\\laravel\\framework\\src\\Illuminate\\Container\\Container.php(864): Illuminate\\Foundation\\Application->resolve('view', Array)
#3 Z:\\laragon\\www\\Praktikum_SIWEB_WEEK8\\vendor\\laravel\\framework\\src\\Illuminate\\Foundation\\Application.php(1058): Illuminate\\Container\\Container->make('view', Array)
#4 Z:\\laragon\\www\\Praktikum_SIWEB_WEEK8\\vendor\\laravel\\framework\\src\\Illuminate\\Container\\Container.php(1805): Illuminate\\Foundation\\Application->make('view')
#5 Z:\\laragon\\www\\Praktikum_SIWEB_WEEK8\\vendor\\laravel\\framework\\src\\Illuminate\\Routing\\RoutingServiceProvider.php(177): Illuminate\\Container\\Container->offsetGet('Illuminate\\\\Cont...')
#6 Z:\\laragon\\www\\Praktikum_SIWEB_WEEK8\\vendor\\laravel\\framework\\src\\Illuminate\\Container\\Container.php(1115): Illuminate\\Routing\\RoutingServiceProvider->{closure:Illuminate\\Routing\\RoutingServiceProvider::registerResponseFactory():176}(Object(Illuminate\\Foundation\\Application), Array)
#7 Z:\\laragon\\www\\Praktikum_SIWEB_WEEK8\\vendor\\laravel\\framework\\src\\Illuminate\\Container\\Container.php(933): Illuminate\\Container\\Container->build(Object(Closure))
#8 Z:\\laragon\\www\\Praktikum_SIWEB_WEEK8\\vendor\\laravel\\framework\\src\\Illuminate\\Foundation\\Application.php(1078): Illuminate\\Container\\Container->resolve('Illuminate\\\\Cont...', Array, true)
#9 Z:\\laragon\\www\\Praktikum_SIWEB_WEEK8\\vendor\\laravel\\framework\\src\\Illuminate\\Container\\Container.php(864): Illuminate\\Foundation\\Application->resolve('Illuminate\\\\Cont...', Array)
#10 Z:\\laragon\\www\\Praktikum_SIWEB_WEEK8\\vendor\\laravel\\framework\\src\\Illuminate\\Foundation\\Application.php(1058): Illuminate\\Container\\Container->make('Illuminate\\\\Cont...', Array)
#11 Z:\\laragon\\www\\Praktikum_SIWEB_WEEK8\\vendor\\laravel\\framework\\src\\Illuminate\\Foundation\\helpers.php(138): Illuminate\\Foundation\\Application->make('Illuminate\\\\Cont...', Array)
#12 Z:\\laragon\\www\\Praktikum_SIWEB_WEEK8\\vendor\\laravel\\framework\\src\\Illuminate\\Foundation\\helpers.php(850): app('Illuminate\\\\Cont...')
#13 Z:\\laragon\\www\\Praktikum_SIWEB_WEEK8\\vendor\\laravel\\framework\\src\\Illuminate\\Foundation\\Exceptions\\Handler.php(987): response('<!-- Target cla...', 500, Array)
#14 Z:\\laragon\\www\\Praktikum_SIWEB_WEEK8\\vendor\\laravel\\framework\\src\\Illuminate\\Foundation\\Exceptions\\Handler.php(839): Illuminate\\Foundation\\Exceptions\\Handler->toIlluminateResponse(Object(Symfony\\Component\\HttpFoundation\\Response), Object(Illuminate\\Contracts\\Container\\BindingResolutionException))
#15 Z:\\laragon\\www\\Praktikum_SIWEB_WEEK8\\vendor\\laravel\\framework\\src\\Illuminate\\Foundation\\Exceptions\\Handler.php(738): Illuminate\\Foundation\\Exceptions\\Handler->prepareResponse(Object(Illuminate\\Http\\Request), Object(Illuminate\\Contracts\\Container\\BindingResolutionException))
#16 Z:\\laragon\\www\\Praktikum_SIWEB_WEEK8\\vendor\\laravel\\framework\\src\\Illuminate\\Foundation\\Exceptions\\Handler.php(626): Illuminate\\Foundation\\Exceptions\\Handler->renderExceptionResponse(Object(Illuminate\\Http\\Request), Object(Illuminate\\Contracts\\Container\\BindingResolutionException))
#17 Z:\\laragon\\www\\Praktikum_SIWEB_WEEK8\\vendor\\laravel\\framework\\src\\Illuminate\\Foundation\\Bootstrap\\HandleExceptions.php(221): Illuminate\\Foundation\\Exceptions\\Handler->render(Object(Illuminate\\Http\\Request), Object(Illuminate\\Contracts\\Container\\BindingResolutionException))
#18 Z:\\laragon\\www\\Praktikum_SIWEB_WEEK8\\vendor\\laravel\\framework\\src\\Illuminate\\Foundation\\Bootstrap\\HandleExceptions.php(198): Illuminate\\Foundation\\Bootstrap\\HandleExceptions->renderHttpResponse(Object(Illuminate\\Contracts\\Container\\BindingResolutionException))
#19 Z:\\laragon\\www\\Praktikum_SIWEB_WEEK8\\vendor\\laravel\\framework\\src\\Illuminate\\Foundation\\Bootstrap\\HandleExceptions.php(258): Illuminate\\Foundation\\Bootstrap\\HandleExceptions->handleException(Object(Illuminate\\Contracts\\Container\\BindingResolutionException))
#20 [internal function]: Illuminate\\Foundation\\Bootstrap\\HandleExceptions->{closure:Illuminate\\Foundation\\Bootstrap\\HandleExceptions::forwardsTo():257}(Object(Illuminate\\Contracts\\Container\\BindingResolutionException))
#21 {main}
  thrown at Z:/laragon/www/Praktikum_SIWEB_WEEK8/vendor/laravel/framework/src/Illuminate/Container/Container.php:1124)
[stacktrace]
#0 {main}
"} 
[2026-05-13 08:21:44] local.ERROR: Class "Laravel\Socialite\SocialiteServiceProvider" not found {"exception":"[object] (Error(code: 0): Class \"Laravel\\Socialite\\SocialiteServiceProvider\" not found at Z:/laragon/www/Praktikum_SIWEB_WEEK8/vendor/laravel/framework/src/Illuminate/Foundation/ProviderRepository.php:205)
[stacktrace]
#0 Z:/laragon/www/Praktikum_SIWEB_WEEK8/vendor/laravel/framework/src/Illuminate/Foundation/ProviderRepository.php(141): Illuminate/Foundation/ProviderRepository->createProvider('Laravel//Sociali...')
#1 Z:/laragon/www/Praktikum_SIWEB_WEEK8/vendor/laravel/framework/src/Illuminate/Foundation/ProviderRepository.php(60): Illuminate/Foundation/ProviderRepository->compileManifest(Array)
#2 Z:/laragon/www/Praktikum_SIWEB_WEEK8/vendor/laravel/framework/src/Illuminate/Foundation/Application.php(871): Illuminate/Foundation/ProviderRepository->load(Array)
#3 Z:/laragon/www/Praktikum_SIWEB_WEEK8/vendor/laravel/framework/src/Illuminate/Foundation/Bootstrap/RegisterProviders.php(37): Illuminate/Foundation/Application->registerConfiguredProviders()
#4 Z:/laragon/www/Praktikum_SIWEB_WEEK8/vendor/laravel/framework/src/Illuminate/Foundation/Application.php(342): Illuminate/Foundation/Bootstrap/RegisterProviders->bootstrap(Object(Illuminate/Foundation/Application))
#5 Z:/laragon/www/Praktikum_SIWEB_WEEK8/vendor/laravel/framework/src/Illuminate/Foundation/Http/Kernel.php(186): Illuminate/Foundation/Application->bootstrapWith(Array)
#6 Z:/laragon/www/Praktikum_SIWEB_WEEK8/vendor/laravel/framework/src/Illuminate/Foundation/Http/Kernel.php(170): Illuminate/Foundation/Http/Kernel->bootstrap()
#7 Z:/laragon/www/Praktikum_SIWEB_WEEK8/vendor/laravel/framework/src/Illuminate/Foundation/Http/Kernel.php(144): Illuminate/Foundation/Http/Kernel->sendRequestThroughRouter(Object(Illuminate/Http/Request))
#8 Z:/laragon/www/Praktikum_SIWEB_WEEK8/vendor/laravel/framework/src/Illuminate/Foundation/Application.php(1220): Illuminate/Foundation/Http/Kernel->handle(Object(Illuminate/Http/Request))
#9 Z:/laragon/www/Praktikum_SIWEB_WEEK8/public/index.php(20): Illuminate/Foundation/Application->handleRequest(Object(Illuminate/Http/Request))
#10 {main}
"} 
[2026-05-13 08:21:44] local.ERROR: Target class [view] does not exist. {"exception":"[object] (Illuminate\\Contracts\\Container\\BindingResolutionException(code: 0): Target class [view] does not exist. at Z:/laragon/www/Praktikum_SIWEB_WEEK8/vendor/laravel/framework/src/Illuminate/Container/Container.php:1124)
[stacktrace]
#0 Z:/laragon/www/Praktikum_SIWEB_WEEK8/vendor/laravel/framework/src/Illuminate/Container/Container.php(933): Illuminate/Container/Container->build('view')
#1 Z:/laragon/www/Praktikum_SIWEB_WEEK8/vendor/laravel/framework/src/Illuminate/Foundation/Application.php(1078): Illuminate/Container/Container->resolve('view', Array, true)
#2 Z:/laragon/www/Praktikum_SIWEB_WEEK8/vendor/laravel/framework/src/Illuminate/Container/Container.php(864): Illuminate/Foundation/Application->resolve('view', Array)
#3 Z:/laragon/www/Praktikum_SIWEB_WEEK8/vendor/laravel/framework/src/Illuminate/Foundation/Application.php(1058): Illuminate/Container/Container->make('view', Array)
#4 Z:/laragon/www/Praktikum_SIWEB_WEEK8/vendor/laravel/framework/src/Illuminate/Container/Container.php(1805): Illuminate/Foundation/Application->make('view')
#5 Z:/laragon/www/Praktikum_SIWEB_WEEK8/vendor/laravel/framework/src/Illuminate/Routing/RoutingServiceProvider.php(177): Illuminate/Container/Container->offsetGet('Illuminate//Cont...')
#6 Z:/laragon/www/Praktikum_SIWEB_WEEK8/vendor/laravel/framework/src/Illuminate/Container/Container.php(1115): Illuminate/Routing/RoutingServiceProvider->{closure:Illuminate/Routing/RoutingServiceProvider::registerResponseFactory():176}(Object(Illuminate/Foundation/Application), Array)
#7 Z:/laragon/www/Praktikum_SIWEB_WEEK8/vendor/laravel/framework/src/Illuminate/Container/Container.php(933): Illuminate/Container/Container->build(Object(Closure))
#8 Z:/laragon/www/Praktikum_SIWEB_WEEK8/vendor/laravel/framework/src/Illuminate/Foundation/Application.php(1078): Illuminate/Container/Container->resolve('Illuminate//Cont...', Array, true)
#9 Z:/laragon/www/Praktikum_SIWEB_WEEK8/vendor/laravel/framework/src/Illuminate/Container/Container.php(864): Illuminate/Foundation/Application->resolve('Illuminate//Cont...', Array)
#10 Z:/laragon/www/Praktikum_SIWEB_WEEK8/vendor/laravel/framework/src/Illuminate/Foundation/Application.php(1058): Illuminate/Container/Container->make('Illuminate//Cont...', Array)
#11 Z:/laragon/www/Praktikum_SIWEB_WEEK8/vendor/laravel/framework/src/Illuminate/Foundation/helpers.php(138): Illuminate/Foundation/Application->make('Illuminate//Cont...', Array)
#12 Z:/laragon/www/Praktikum_SIWEB_WEEK8/vendor/laravel/framework/src/Illuminate/Foundation/helpers.php(850): app('Illuminate//Cont...')
#13 Z:/laragon/www/Praktikum_SIWEB_WEEK8/vendor/laravel/framework/src/Illuminate/Foundation/Exceptions/Handler.php(987): response('<!-- Class &quo...', 500, Array)
#14 Z:/laragon/www/Praktikum_SIWEB_WEEK8/vendor/laravel/framework/src/Illuminate/Foundation/Exceptions/Handler.php(839): Illuminate/Foundation/Exceptions/Handler->toIlluminateResponse(Object(Symfony/Component/HttpFoundation/Response), Object(Error))
#15 Z:/laragon/www/Praktikum_SIWEB_WEEK8/vendor/laravel/framework/src/Illuminate/Foundation/Exceptions/Handler.php(738): Illuminate/Foundation/Exceptions/Handler->prepareResponse(Object(Illuminate/Http/Request), Object(Error))
#16 Z:/laragon/www/Praktikum_SIWEB_WEEK8/vendor/laravel/framework/src/Illuminate/Foundation/Exceptions/Handler.php(626): Illuminate/Foundation/Exceptions/Handler->renderExceptionResponse(Object(Illuminate/Http/Request), Object(Error))
#17 Z:/laragon/www/Praktikum_SIWEB_WEEK8/vendor/laravel/framework/src/Illuminate/Foundation/Http/Kernel.php(574): Illuminate/Foundation/Exceptions/Handler->render(Object(Illuminate/Http/Request), Object(Error))
#18 Z:/laragon/www/Praktikum_SIWEB_WEEK8/vendor/laravel/framework/src/Illuminate/Foundation/Http/Kernel.php(148): Illuminate/Foundation/Http/Kernel->renderException(Object(Illuminate/Http/Request), Object(Error))
#19 Z:/laragon/www/Praktikum_SIWEB_WEEK8/vendor/laravel/framework/src/Illuminate/Foundation/Application.php(1220): Illuminate/Foundation/Http/Kernel->handle(Object(Illuminate/Http/Request))
#20 Z:/laragon/www/Praktikum_SIWEB_WEEK8/public/index.php(20): Illuminate/Foundation/Application->handleRequest(Object(Illuminate/Http/Request))
#21 {main}

[previous exception] [object] (ReflectionException(code: -1): Class \"view\" does not exist at Z:/laragon/www/Praktikum_SIWEB_WEEK8/vendor/laravel/framework/src/Illuminate/Container/Container.php:1122)
[stacktrace]
#0 Z:/laragon/www/Praktikum_SIWEB_WEEK8/vendor/laravel/framework/src/Illuminate/Container/Container.php(1122): ReflectionClass->__construct('view')
#1 Z:/laragon/www/Praktikum_SIWEB_WEEK8/vendor/laravel/framework/src/Illuminate/Container/Container.php(933): Illuminate/Container/Container->build('view')
#2 Z:/laragon/www/Praktikum_SIWEB_WEEK8/vendor/laravel/framework/src/Illuminate/Foundation/Application.php(1078): Illuminate/Container/Container->resolve('view', Array, true)
#3 Z:/laragon/www/Praktikum_SIWEB_WEEK8/vendor/laravel/framework/src/Illuminate/Container/Container.php(864): Illuminate/Foundation/Application->resolve('view', Array)
#4 Z:/laragon/www/Praktikum_SIWEB_WEEK8/vendor/laravel/framework/src/Illuminate/Foundation/Application.php(1058): Illuminate/Container/Container->make('view', Array)
#5 Z:/laragon/www/Praktikum_SIWEB_WEEK8/vendor/laravel/framework/src/Illuminate/Container/Container.php(1805): Illuminate/Foundation/Application->make('view')
#6 Z:/laragon/www/Praktikum_SIWEB_WEEK8/vendor/laravel/framework/src/Illuminate/Routing/RoutingServiceProvider.php(177): Illuminate/Container/Container->offsetGet('Illuminate//Cont...')
#7 Z:/laragon/www/Praktikum_SIWEB_WEEK8/vendor/laravel/framework/src/Illuminate/Container/Container.php(1115): Illuminate/Routing/RoutingServiceProvider->{closure:Illuminate/Routing/RoutingServiceProvider::registerResponseFactory():176}(Object(Illuminate/Foundation/Application), Array)
#8 Z:/laragon/www/Praktikum_SIWEB_WEEK8/vendor/laravel/framework/src/Illuminate/Container/Container.php(933): Illuminate/Container/Container->build(Object(Closure))
#9 Z:/laragon/www/Praktikum_SIWEB_WEEK8/vendor/laravel/framework/src/Illuminate/Foundation/Application.php(1078): Illuminate/Container/Container->resolve('Illuminate//Cont...', Array, true)
#10 Z:/laragon/www/Praktikum_SIWEB_WEEK8/vendor/laravel/framework/src/Illuminate/Container/Container.php(864): Illuminate/Foundation/Application->resolve('Illuminate//Cont...', Array)
#11 Z:/laragon/www/Praktikum_SIWEB_WEEK8/vendor/laravel/framework/src/Illuminate/Foundation/Application.php(1058): Illuminate/Container/Container->make('Illuminate//Cont...', Array)
#12 Z:/laragon/www/Praktikum_SIWEB_WEEK8/vendor/laravel/framework/src/Illuminate/Foundation/helpers.php(138): Illuminate/Foundation/Application->make('Illuminate//Cont...', Array)
#13 Z:/laragon/www/Praktikum_SIWEB_WEEK8/vendor/laravel/framework/src/Illuminate/Foundation/helpers.php(850): app('Illuminate//Cont...')
#14 Z:/laragon/www/Praktikum_SIWEB_WEEK8/vendor/laravel/framework/src/Illuminate/Foundation/Exceptions/Handler.php(987): response('<!-- Class &quo...', 500, Array)
#15 Z:/laragon/www/Praktikum_SIWEB_WEEK8/vendor/laravel/framework/src/Illuminate/Foundation/Exceptions/Handler.php(839): Illuminate/Foundation/Exceptions/Handler->toIlluminateResponse(Object(Symfony/Component/HttpFoundation/Response), Object(Error))
#16 Z:/laragon/www/Praktikum_SIWEB_WEEK8/vendor/laravel/framework/src/Illuminate/Foundation/Exceptions/Handler.php(738): Illuminate/Foundation/Exceptions/Handler->prepareResponse(Object(Illuminate/Http/Request), Object(Error))
#17 Z:/laragon/www/Praktikum_SIWEB_WEEK8/vendor/laravel/framework/src/Illuminate/Foundation/Exceptions/Handler.php(626): Illuminate/Foundation/Exceptions/Handler->renderExceptionResponse(Object(Illuminate/Http/Request), Object(Error))
#18 Z:/laragon/www/Praktikum_SIWEB_WEEK8/vendor/laravel/framework/src/Illuminate/Foundation/Http/Kernel.php(574): Illuminate/Foundation/Exceptions/Handler->render(Object(Illuminate/Http/Request), Object(Error))
#19 Z:/laragon/www/Praktikum_SIWEB_WEEK8/vendor/laravel/framework/src/Illuminate/Foundation/Http/Kernel.php(148): Illuminate/Foundation/Http/Kernel->renderException(Object(Illuminate/Http/Request), Object(Error))
#20 Z:/laragon/www/Praktikum_SIWEB_WEEK8/vendor/laravel/framework/src/Illuminate/Foundation/Application.php(1220): Illuminate/Foundation/Http/Kernel->handle(Object(Illuminate/Http/Request))
#21 Z:/laragon/www/Praktikum_SIWEB_WEEK8/public/index.php(20): Illuminate/Foundation/Application->handleRequest(Object(Illuminate/Http/Request))
#22 {main}
"} 
[2026-05-13 08:21:44] local.ERROR: Uncaught ReflectionException: Class "view" does not exist in Z:\laragon\www\Praktikum_SIWEB_WEEK8\vendor\laravel\framework\src\Illuminate\Container\Container.php:1122
Stack trace:
#0 Z:\laragon\www\Praktikum_SIWEB_WEEK8\vendor\laravel\framework\src\Illuminate\Container\Container.php(1122): ReflectionClass->__construct('view')
#1 Z:\laragon\www\Praktikum_SIWEB_WEEK8\vendor\laravel\framework\src\Illuminate\Container\Container.php(933): Illuminate\Container\Container->build('view')
#2 Z:\laragon\www\Praktikum_SIWEB_WEEK8\vendor\laravel\framework\src\Illuminate\Foundation\Application.php(1078): Illuminate\Container\Container->resolve('view', Array, true)
#3 Z:\laragon\www\Praktikum_SIWEB_WEEK8\vendor\laravel\framework\src\Illuminate\Container\Container.php(864): Illuminate\Foundation\Application->resolve('view', Array)
#4 Z:\laragon\www\Praktikum_SIWEB_WEEK8\vendor\laravel\framework\src\Illuminate\Foundation\Application.php(1058): Illuminate\Container\Container->make('view', Array)
#5 Z:\laragon\www\Praktikum_SIWEB_WEEK8\vendor\laravel\framework\src\Illuminate\Container\Container.php(1805): Illuminate\Foundation\Application->make('view')
#6 Z:\laragon\www\Praktikum_SIWEB_WEEK8\vendor\laravel\framework\src\Illuminate\Routing\RoutingServiceProvider.php(177): Illuminate\Container\Container->offsetGet('Illuminate\\Cont...')
#7 Z:\laragon\www\Praktikum_SIWEB_WEEK8\vendor\laravel\framework\src\Illuminate\Container\Container.php(1115): Illuminate\Routing\RoutingServiceProvider->{closure:Illuminate\Routing\RoutingServiceProvider::registerResponseFactory():176}(Object(Illuminate\Foundation\Application), Array)
#8 Z:\laragon\www\Praktikum_SIWEB_WEEK8\vendor\laravel\framework\src\Illuminate\Container\Container.php(933): Illuminate\Container\Container->build(Object(Closure))
#9 Z:\laragon\www\Praktikum_SIWEB_WEEK8\vendor\laravel\framework\src\Illuminate\Foundation\Application.php(1078): Illuminate\Container\Container->resolve('Illuminate\\Cont...', Array, true)
#10 Z:\laragon\www\Praktikum_SIWEB_WEEK8\vendor\laravel\framework\src\Illuminate\Container\Container.php(864): Illuminate\Foundation\Application->resolve('Illuminate\\Cont...', Array)
#11 Z:\laragon\www\Praktikum_SIWEB_WEEK8\vendor\laravel\framework\src\Illuminate\Foundation\Application.php(1058): Illuminate\Container\Container->make('Illuminate\\Cont...', Array)
#12 Z:\laragon\www\Praktikum_SIWEB_WEEK8\vendor\laravel\framework\src\Illuminate\Foundation\helpers.php(138): Illuminate\Foundation\Application->make('Illuminate\\Cont...', Array)
#13 Z:\laragon\www\Praktikum_SIWEB_WEEK8\vendor\laravel\framework\src\Illuminate\Foundation\helpers.php(850): app('Illuminate\\Cont...')
#14 Z:\laragon\www\Praktikum_SIWEB_WEEK8\vendor\laravel\framework\src\Illuminate\Foundation\Exceptions\Handler.php(987): response('<!-- Target cla...', 500, Array)
#15 Z:\laragon\www\Praktikum_SIWEB_WEEK8\vendor\laravel\framework\src\Illuminate\Foundation\Exceptions\Handler.php(839): Illuminate\Foundation\Exceptions\Handler->toIlluminateResponse(Object(Symfony\Component\HttpFoundation\Response), Object(Illuminate\Contracts\Container\BindingResolutionException))
#16 Z:\laragon\www\Praktikum_SIWEB_WEEK8\vendor\laravel\framework\src\Illuminate\Foundation\Exceptions\Handler.php(738): Illuminate\Foundation\Exceptions\Handler->prepareResponse(Object(Illuminate\Http\Request), Object(Illuminate\Contracts\Container\BindingResolutionException))
#17 Z:\laragon\www\Praktikum_SIWEB_WEEK8\vendor\laravel\framework\src\Illuminate\Foundation\Exceptions\Handler.php(626): Illuminate\Foundation\Exceptions\Handler->renderExceptionResponse(Object(Illuminate\Http\Request), Object(Illuminate\Contracts\Container\BindingResolutionException))
#18 Z:\laragon\www\Praktikum_SIWEB_WEEK8\vendor\laravel\framework\src\Illuminate\Foundation\Bootstrap\HandleExceptions.php(221): Illuminate\Foundation\Exceptions\Handler->render(Object(Illuminate\Http\Request), Object(Illuminate\Contracts\Container\BindingResolutionException))
#19 Z:\laragon\www\Praktikum_SIWEB_WEEK8\vendor\laravel\framework\src\Illuminate\Foundation\Bootstrap\HandleExceptions.php(198): Illuminate\Foundation\Bootstrap\HandleExceptions->renderHttpResponse(Object(Illuminate\Contracts\Container\BindingResolutionException))
#20 Z:\laragon\www\Praktikum_SIWEB_WEEK8\vendor\laravel\framework\src\Illuminate\Foundation\Bootstrap\HandleExceptions.php(258): Illuminate\Foundation\Bootstrap\HandleExceptions->handleException(Object(Illuminate\Contracts\Container\BindingResolutionException))
#21 [internal function]: Illuminate\Foundation\Bootstrap\HandleExceptions->{closure:Illuminate\Foundation\Bootstrap\HandleExceptions::forwardsTo():257}(Object(Illuminate\Contracts\Container\BindingResolutionException))
#22 {main}

Next Illuminate\Contracts\Container\BindingResolutionException: Target class [view] does not exist. in Z:\laragon\www\Praktikum_SIWEB_WEEK8\vendor\laravel\framework\src\Illuminate\Container\Container.php:1124
Stack trace:
#0 Z:\laragon\www\Praktikum_SIWEB_WEEK8\vendor\laravel\framework\src\Illuminate\Container\Container.php(933): Illuminate\Container\Container->build('view')
#1 Z:\laragon\www\Praktikum_SIWEB_WEEK8\vendor\laravel\framework\src\Illuminate\Foundation\Application.php(1078): Illuminate\Container\Container->resolve('view', Array, true)
#2 Z:\laragon\www\Praktikum_SIWEB_WEEK8\vendor\laravel\framework\src\Illuminate\Container\Container.php(864): Illuminate\Foundation\Application->resolve('view', Array)
#3 Z:\laragon\www\Praktikum_SIWEB_WEEK8\vendor\laravel\framework\src\Illuminate\Foundation\Application.php(1058): Illuminate\Container\Container->make('view', Array)
#4 Z:\laragon\www\Praktikum_SIWEB_WEEK8\vendor\laravel\framework\src\Illuminate\Container\Container.php(1805): Illuminate\Foundation\Application->make('view')
#5 Z:\laragon\www\Praktikum_SIWEB_WEEK8\vendor\laravel\framework\src\Illuminate\Routing\RoutingServiceProvider.php(177): Illuminate\Container\Container->offsetGet('Illuminate\\Cont...')
#6 Z:\laragon\www\Praktikum_SIWEB_WEEK8\vendor\laravel\framework\src\Illuminate\Container\Container.php(1115): Illuminate\Routing\RoutingServiceProvider->{closure:Illuminate\Routing\RoutingServiceProvider::registerResponseFactory():176}(Object(Illuminate\Foundation\Application), Array)
#7 Z:\laragon\www\Praktikum_SIWEB_WEEK8\vendor\laravel\framework\src\Illuminate\Container\Container.php(933): Illuminate\Container\Container->build(Object(Closure))
#8 Z:\laragon\www\Praktikum_SIWEB_WEEK8\vendor\laravel\framework\src\Illuminate\Foundation\Application.php(1078): Illuminate\Container\Container->resolve('Illuminate\\Cont...', Array, true)
#9 Z:\laragon\www\Praktikum_SIWEB_WEEK8\vendor\laravel\framework\src\Illuminate\Container\Container.php(864): Illuminate\Foundation\Application->resolve('Illuminate\\Cont...', Array)
#10 Z:\laragon\www\Praktikum_SIWEB_WEEK8\vendor\laravel\framework\src\Illuminate\Foundation\Application.php(1058): Illuminate\Container\Container->make('Illuminate\\Cont...', Array)
#11 Z:\laragon\www\Praktikum_SIWEB_WEEK8\vendor\laravel\framework\src\Illuminate\Foundation\helpers.php(138): Illuminate\Foundation\Application->make('Illuminate\\Cont...', Array)
#12 Z:\laragon\www\Praktikum_SIWEB_WEEK8\vendor\laravel\framework\src\Illuminate\Foundation\helpers.php(850): app('Illuminate\\Cont...')
#13 Z:\laragon\www\Praktikum_SIWEB_WEEK8\vendor\laravel\framework\src\Illuminate\Foundation\Exceptions\Handler.php(987): response('<!-- Target cla...', 500, Array)
#14 Z:\laragon\www\Praktikum_SIWEB_WEEK8\vendor\laravel\framework\src\Illuminate\Foundation\Exceptions\Handler.php(839): Illuminate\Foundation\Exceptions\Handler->toIlluminateResponse(Object(Symfony\Component\HttpFoundation\Response), Object(Illuminate\Contracts\Container\BindingResolutionException))
#15 Z:\laragon\www\Praktikum_SIWEB_WEEK8\vendor\laravel\framework\src\Illuminate\Foundation\Exceptions\Handler.php(738): Illuminate\Foundation\Exceptions\Handler->prepareResponse(Object(Illuminate\Http\Request), Object(Illuminate\Contracts\Container\BindingResolutionException))
#16 Z:\laragon\www\Praktikum_SIWEB_WEEK8\vendor\laravel\framework\src\Illuminate\Foundation\Exceptions\Handler.php(626): Illuminate\Foundation\Exceptions\Handler->renderExceptionResponse(Object(Illuminate\Http\Request), Object(Illuminate\Contracts\Container\BindingResolutionException))
#17 Z:\laragon\www\Praktikum_SIWEB_WEEK8\vendor\laravel\framework\src\Illuminate\Foundation\Bootstrap\HandleExceptions.php(221): Illuminate\Foundation\Exceptions\Handler->render(Object(Illuminate\Http\Request), Object(Illuminate\Contracts\Container\BindingResolutionException))
#18 Z:\laragon\www\Praktikum_SIWEB_WEEK8\vendor\laravel\framework\src\Illuminate\Foundation\Bootstrap\HandleExceptions.php(198): Illuminate\Foundation\Bootstrap\HandleExceptions->renderHttpResponse(Object(Illuminate\Contracts\Container\BindingResolutionException))
#19 Z:\laragon\www\Praktikum_SIWEB_WEEK8\vendor\laravel\framework\src\Illuminate\Foundation\Bootstrap\HandleExceptions.php(258): Illuminate\Foundation\Bootstrap\HandleExceptions->handleException(Object(Illuminate\Contracts\Container\BindingResolutionException))
#20 [internal function]: Illuminate\Foundation\Bootstrap\HandleExceptions->{closure:Illuminate\Foundation\Bootstrap\HandleExceptions::forwardsTo():257}(Object(Illuminate\Contracts\Container\BindingResolutionException))
#21 {main}
  thrown {"exception":"[object] (Symfony\\Component\\ErrorHandler\\Error\\FatalError(code: 0): Uncaught ReflectionException: Class \"view\" does not exist in Z:\\laragon\\www\\Praktikum_SIWEB_WEEK8\\vendor\\laravel\\framework\\src\\Illuminate\\Container\\Container.php:1122
Stack trace:
#0 Z:\\laragon\\www\\Praktikum_SIWEB_WEEK8\\vendor\\laravel\\framework\\src\\Illuminate\\Container\\Container.php(1122): ReflectionClass->__construct('view')
#1 Z:\\laragon\\www\\Praktikum_SIWEB_WEEK8\\vendor\\laravel\\framework\\src\\Illuminate\\Container\\Container.php(933): Illuminate\\Container\\Container->build('view')
#2 Z:\\laragon\\www\\Praktikum_SIWEB_WEEK8\\vendor\\laravel\\framework\\src\\Illuminate\\Foundation\\Application.php(1078): Illuminate\\Container\\Container->resolve('view', Array, true)
#3 Z:\\laragon\\www\\Praktikum_SIWEB_WEEK8\\vendor\\laravel\\framework\\src\\Illuminate\\Container\\Container.php(864): Illuminate\\Foundation\\Application->resolve('view', Array)
#4 Z:\\laragon\\www\\Praktikum_SIWEB_WEEK8\\vendor\\laravel\\framework\\src\\Illuminate\\Foundation\\Application.php(1058): Illuminate\\Container\\Container->make('view', Array)
#5 Z:\\laragon\\www\\Praktikum_SIWEB_WEEK8\\vendor\\laravel\\framework\\src\\Illuminate\\Container\\Container.php(1805): Illuminate\\Foundation\\Application->make('view')
#6 Z:\\laragon\\www\\Praktikum_SIWEB_WEEK8\\vendor\\laravel\\framework\\src\\Illuminate\\Routing\\RoutingServiceProvider.php(177): Illuminate\\Container\\Container->offsetGet('Illuminate\\\\Cont...')
#7 Z:\\laragon\\www\\Praktikum_SIWEB_WEEK8\\vendor\\laravel\\framework\\src\\Illuminate\\Container\\Container.php(1115): Illuminate\\Routing\\RoutingServiceProvider->{closure:Illuminate\\Routing\\RoutingServiceProvider::registerResponseFactory():176}(Object(Illuminate\\Foundation\\Application), Array)
#8 Z:\\laragon\\www\\Praktikum_SIWEB_WEEK8\\vendor\\laravel\\framework\\src\\Illuminate\\Container\\Container.php(933): Illuminate\\Container\\Container->build(Object(Closure))
#9 Z:\\laragon\\www\\Praktikum_SIWEB_WEEK8\\vendor\\laravel\\framework\\src\\Illuminate\\Foundation\\Application.php(1078): Illuminate\\Container\\Container->resolve('Illuminate\\\\Cont...', Array, true)
#10 Z:\\laragon\\www\\Praktikum_SIWEB_WEEK8\\vendor\\laravel\\framework\\src\\Illuminate\\Container\\Container.php(864): Illuminate\\Foundation\\Application->resolve('Illuminate\\\\Cont...', Array)
#11 Z:\\laragon\\www\\Praktikum_SIWEB_WEEK8\\vendor\\laravel\\framework\\src\\Illuminate\\Foundation\\Application.php(1058): Illuminate\\Container\\Container->make('Illuminate\\\\Cont...', Array)
#12 Z:\\laragon\\www\\Praktikum_SIWEB_WEEK8\\vendor\\laravel\\framework\\src\\Illuminate\\Foundation\\helpers.php(138): Illuminate\\Foundation\\Application->make('Illuminate\\\\Cont...', Array)
#13 Z:\\laragon\\www\\Praktikum_SIWEB_WEEK8\\vendor\\laravel\\framework\\src\\Illuminate\\Foundation\\helpers.php(850): app('Illuminate\\\\Cont...')
#14 Z:\\laragon\\www\\Praktikum_SIWEB_WEEK8\\vendor\\laravel\\framework\\src\\Illuminate\\Foundation\\Exceptions\\Handler.php(987): response('<!-- Target cla...', 500, Array)
#15 Z:\\laragon\\www\\Praktikum_SIWEB_WEEK8\\vendor\\laravel\\framework\\src\\Illuminate\\Foundation\\Exceptions\\Handler.php(839): Illuminate\\Foundation\\Exceptions\\Handler->toIlluminateResponse(Object(Symfony\\Component\\HttpFoundation\\Response), Object(Illuminate\\Contracts\\Container\\BindingResolutionException))
#16 Z:\\laragon\\www\\Praktikum_SIWEB_WEEK8\\vendor\\laravel\\framework\\src\\Illuminate\\Foundation\\Exceptions\\Handler.php(738): Illuminate\\Foundation\\Exceptions\\Handler->prepareResponse(Object(Illuminate\\Http\\Request), Object(Illuminate\\Contracts\\Container\\BindingResolutionException))
#17 Z:\\laragon\\www\\Praktikum_SIWEB_WEEK8\\vendor\\laravel\\framework\\src\\Illuminate\\Foundation\\Exceptions\\Handler.php(626): Illuminate\\Foundation\\Exceptions\\Handler->renderExceptionResponse(Object(Illuminate\\Http\\Request), Object(Illuminate\\Contracts\\Container\\BindingResolutionException))
#18 Z:\\laragon\\www\\Praktikum_SIWEB_WEEK8\\vendor\\laravel\\framework\\src\\Illuminate\\Foundation\\Bootstrap\\HandleExceptions.php(221): Illuminate\\Foundation\\Exceptions\\Handler->render(Object(Illuminate\\Http\\Request), Object(Illuminate\\Contracts\\Container\\BindingResolutionException))
#19 Z:\\laragon\\www\\Praktikum_SIWEB_WEEK8\\vendor\\laravel\\framework\\src\\Illuminate\\Foundation\\Bootstrap\\HandleExceptions.php(198): Illuminate\\Foundation\\Bootstrap\\HandleExceptions->renderHttpResponse(Object(Illuminate\\Contracts\\Container\\BindingResolutionException))
#20 Z:\\laragon\\www\\Praktikum_SIWEB_WEEK8\\vendor\\laravel\\framework\\src\\Illuminate\\Foundation\\Bootstrap\\HandleExceptions.php(258): Illuminate\\Foundation\\Bootstrap\\HandleExceptions->handleException(Object(Illuminate\\Contracts\\Container\\BindingResolutionException))
#21 [internal function]: Illuminate\\Foundation\\Bootstrap\\HandleExceptions->{closure:Illuminate\\Foundation\\Bootstrap\\HandleExceptions::forwardsTo():257}(Object(Illuminate\\Contracts\\Container\\BindingResolutionException))
#22 {main}

Next Illuminate\\Contracts\\Container\\BindingResolutionException: Target class [view] does not exist. in Z:\\laragon\\www\\Praktikum_SIWEB_WEEK8\\vendor\\laravel\\framework\\src\\Illuminate\\Container\\Container.php:1124
Stack trace:
#0 Z:\\laragon\\www\\Praktikum_SIWEB_WEEK8\\vendor\\laravel\\framework\\src\\Illuminate\\Container\\Container.php(933): Illuminate\\Container\\Container->build('view')
#1 Z:\\laragon\\www\\Praktikum_SIWEB_WEEK8\\vendor\\laravel\\framework\\src\\Illuminate\\Foundation\\Application.php(1078): Illuminate\\Container\\Container->resolve('view', Array, true)
#2 Z:\\laragon\\www\\Praktikum_SIWEB_WEEK8\\vendor\\laravel\\framework\\src\\Illuminate\\Container\\Container.php(864): Illuminate\\Foundation\\Application->resolve('view', Array)
#3 Z:\\laragon\\www\\Praktikum_SIWEB_WEEK8\\vendor\\laravel\\framework\\src\\Illuminate\\Foundation\\Application.php(1058): Illuminate\\Container\\Container->make('view', Array)
#4 Z:\\laragon\\www\\Praktikum_SIWEB_WEEK8\\vendor\\laravel\\framework\\src\\Illuminate\\Container\\Container.php(1805): Illuminate\\Foundation\\Application->make('view')
#5 Z:\\laragon\\www\\Praktikum_SIWEB_WEEK8\\vendor\\laravel\\framework\\src\\Illuminate\\Routing\\RoutingServiceProvider.php(177): Illuminate\\Container\\Container->offsetGet('Illuminate\\\\Cont...')
#6 Z:\\laragon\\www\\Praktikum_SIWEB_WEEK8\\vendor\\laravel\\framework\\src\\Illuminate\\Container\\Container.php(1115): Illuminate\\Routing\\RoutingServiceProvider->{closure:Illuminate\\Routing\\RoutingServiceProvider::registerResponseFactory():176}(Object(Illuminate\\Foundation\\Application), Array)
#7 Z:\\laragon\\www\\Praktikum_SIWEB_WEEK8\\vendor\\laravel\\framework\\src\\Illuminate\\Container\\Container.php(933): Illuminate\\Container\\Container->build(Object(Closure))
#8 Z:\\laragon\\www\\Praktikum_SIWEB_WEEK8\\vendor\\laravel\\framework\\src\\Illuminate\\Foundation\\Application.php(1078): Illuminate\\Container\\Container->resolve('Illuminate\\\\Cont...', Array, true)
#9 Z:\\laragon\\www\\Praktikum_SIWEB_WEEK8\\vendor\\laravel\\framework\\src\\Illuminate\\Container\\Container.php(864): Illuminate\\Foundation\\Application->resolve('Illuminate\\\\Cont...', Array)
#10 Z:\\laragon\\www\\Praktikum_SIWEB_WEEK8\\vendor\\laravel\\framework\\src\\Illuminate\\Foundation\\Application.php(1058): Illuminate\\Container\\Container->make('Illuminate\\\\Cont...', Array)
#11 Z:\\laragon\\www\\Praktikum_SIWEB_WEEK8\\vendor\\laravel\\framework\\src\\Illuminate\\Foundation\\helpers.php(138): Illuminate\\Foundation\\Application->make('Illuminate\\\\Cont...', Array)
#12 Z:\\laragon\\www\\Praktikum_SIWEB_WEEK8\\vendor\\laravel\\framework\\src\\Illuminate\\Foundation\\helpers.php(850): app('Illuminate\\\\Cont...')
#13 Z:\\laragon\\www\\Praktikum_SIWEB_WEEK8\\vendor\\laravel\\framework\\src\\Illuminate\\Foundation\\Exceptions\\Handler.php(987): response('<!-- Target cla...', 500, Array)
#14 Z:\\laragon\\www\\Praktikum_SIWEB_WEEK8\\vendor\\laravel\\framework\\src\\Illuminate\\Foundation\\Exceptions\\Handler.php(839): Illuminate\\Foundation\\Exceptions\\Handler->toIlluminateResponse(Object(Symfony\\Component\\HttpFoundation\\Response), Object(Illuminate\\Contracts\\Container\\BindingResolutionException))
#15 Z:\\laragon\\www\\Praktikum_SIWEB_WEEK8\\vendor\\laravel\\framework\\src\\Illuminate\\Foundation\\Exceptions\\Handler.php(738): Illuminate\\Foundation\\Exceptions\\Handler->prepareResponse(Object(Illuminate\\Http\\Request), Object(Illuminate\\Contracts\\Container\\BindingResolutionException))
#16 Z:\\laragon\\www\\Praktikum_SIWEB_WEEK8\\vendor\\laravel\\framework\\src\\Illuminate\\Foundation\\Exceptions\\Handler.php(626): Illuminate\\Foundation\\Exceptions\\Handler->renderExceptionResponse(Object(Illuminate\\Http\\Request), Object(Illuminate\\Contracts\\Container\\BindingResolutionException))
#17 Z:\\laragon\\www\\Praktikum_SIWEB_WEEK8\\vendor\\laravel\\framework\\src\\Illuminate\\Foundation\\Bootstrap\\HandleExceptions.php(221): Illuminate\\Foundation\\Exceptions\\Handler->render(Object(Illuminate\\Http\\Request), Object(Illuminate\\Contracts\\Container\\BindingResolutionException))
#18 Z:\\laragon\\www\\Praktikum_SIWEB_WEEK8\\vendor\\laravel\\framework\\src\\Illuminate\\Foundation\\Bootstrap\\HandleExceptions.php(198): Illuminate\\Foundation\\Bootstrap\\HandleExceptions->renderHttpResponse(Object(Illuminate\\Contracts\\Container\\BindingResolutionException))
#19 Z:\\laragon\\www\\Praktikum_SIWEB_WEEK8\\vendor\\laravel\\framework\\src\\Illuminate\\Foundation\\Bootstrap\\HandleExceptions.php(258): Illuminate\\Foundation\\Bootstrap\\HandleExceptions->handleException(Object(Illuminate\\Contracts\\Container\\BindingResolutionException))
#20 [internal function]: Illuminate\\Foundation\\Bootstrap\\HandleExceptions->{closure:Illuminate\\Foundation\\Bootstrap\\HandleExceptions::forwardsTo():257}(Object(Illuminate\\Contracts\\Container\\BindingResolutionException))
#21 {main}
  thrown at Z:/laragon/www/Praktikum_SIWEB_WEEK8/vendor/laravel/framework/src/Illuminate/Container/Container.php:1124)
[stacktrace]
#0 {main}
"} 
[2026-05-13 08:21:52] local.ERROR: Class "Laravel\Socialite\SocialiteServiceProvider" not found {"exception":"[object] (Error(code: 0): Class \"Laravel\\Socialite\\SocialiteServiceProvider\" not found at Z:/laragon/www/Praktikum_SIWEB_WEEK8/vendor/laravel/framework/src/Illuminate/Foundation/ProviderRepository.php:205)
[stacktrace]
#0 Z:/laragon/www/Praktikum_SIWEB_WEEK8/vendor/laravel/framework/src/Illuminate/Foundation/ProviderRepository.php(141): Illuminate/Foundation/ProviderRepository->createProvider('Laravel//Sociali...')
#1 Z:/laragon/www/Praktikum_SIWEB_WEEK8/vendor/laravel/framework/src/Illuminate/Foundation/ProviderRepository.php(60): Illuminate/Foundation/ProviderRepository->compileManifest(Array)
#2 Z:/laragon/www/Praktikum_SIWEB_WEEK8/vendor/laravel/framework/src/Illuminate/Foundation/Application.php(871): Illuminate/Foundation/ProviderRepository->load(Array)
#3 Z:/laragon/www/Praktikum_SIWEB_WEEK8/vendor/laravel/framework/src/Illuminate/Foundation/Bootstrap/RegisterProviders.php(37): Illuminate/Foundation/Application->registerConfiguredProviders()
#4 Z:/laragon/www/Praktikum_SIWEB_WEEK8/vendor/laravel/framework/src/Illuminate/Foundation/Application.php(342): Illuminate/Foundation/Bootstrap/RegisterProviders->bootstrap(Object(Illuminate/Foundation/Application))
#5 Z:/laragon/www/Praktikum_SIWEB_WEEK8/vendor/laravel/framework/src/Illuminate/Foundation/Console/Kernel.php(494): Illuminate/Foundation/Application->bootstrapWith(Array)
#6 Z:/laragon/www/Praktikum_SIWEB_WEEK8/vendor/laravel/framework/src/Illuminate/Foundation/Console/Kernel.php(196): Illuminate/Foundation/Console/Kernel->bootstrap()
#7 Z:/laragon/www/Praktikum_SIWEB_WEEK8/vendor/laravel/framework/src/Illuminate/Foundation/Application.php(1235): Illuminate/Foundation/Console/Kernel->handle(Object(Symfony/Component/Console/Input/ArgvInput), Object(Symfony/Component/Console/Output/ConsoleOutput))
#8 Z:/laragon/www/Praktikum_SIWEB_WEEK8/artisan(16): Illuminate/Foundation/Application->handleCommand(Object(Symfony/Component/Console/Input/ArgvInput))
#9 {main}
"} 
[2026-05-13 08:22:21] local.ERROR: Class "Laravel\Socialite\SocialiteServiceProvider" not found {"exception":"[object] (Error(code: 0): Class \"Laravel\\Socialite\\SocialiteServiceProvider\" not found at Z:/laragon/www/Praktikum_SIWEB_WEEK8/vendor/laravel/framework/src/Illuminate/Foundation/ProviderRepository.php:205)
[stacktrace]
#0 Z:/laragon/www/Praktikum_SIWEB_WEEK8/vendor/laravel/framework/src/Illuminate/Foundation/ProviderRepository.php(141): Illuminate/Foundation/ProviderRepository->createProvider('Laravel//Sociali...')
#1 Z:/laragon/www/Praktikum_SIWEB_WEEK8/vendor/laravel/framework/src/Illuminate/Foundation/ProviderRepository.php(60): Illuminate/Foundation/ProviderRepository->compileManifest(Array)
#2 Z:/laragon/www/Praktikum_SIWEB_WEEK8/vendor/laravel/framework/src/Illuminate/Foundation/Application.php(871): Illuminate/Foundation/ProviderRepository->load(Array)
#3 Z:/laragon/www/Praktikum_SIWEB_WEEK8/vendor/laravel/framework/src/Illuminate/Foundation/Bootstrap/RegisterProviders.php(37): Illuminate/Foundation/Application->registerConfiguredProviders()
#4 Z:/laragon/www/Praktikum_SIWEB_WEEK8/vendor/laravel/framework/src/Illuminate/Foundation/Application.php(342): Illuminate/Foundation/Bootstrap/RegisterProviders->bootstrap(Object(Illuminate/Foundation/Application))
#5 Z:/laragon/www/Praktikum_SIWEB_WEEK8/vendor/laravel/framework/src/Illuminate/Foundation/Http/Kernel.php(186): Illuminate/Foundation/Application->bootstrapWith(Array)
#6 Z:/laragon/www/Praktikum_SIWEB_WEEK8/vendor/laravel/framework/src/Illuminate/Foundation/Http/Kernel.php(170): Illuminate/Foundation/Http/Kernel->bootstrap()
#7 Z:/laragon/www/Praktikum_SIWEB_WEEK8/vendor/laravel/framework/src/Illuminate/Foundation/Http/Kernel.php(144): Illuminate/Foundation/Http/Kernel->sendRequestThroughRouter(Object(Illuminate/Http/Request))
#8 Z:/laragon/www/Praktikum_SIWEB_WEEK8/vendor/laravel/framework/src/Illuminate/Foundation/Application.php(1220): Illuminate/Foundation/Http/Kernel->handle(Object(Illuminate/Http/Request))
#9 Z:/laragon/www/Praktikum_SIWEB_WEEK8/public/index.php(20): Illuminate/Foundation/Application->handleRequest(Object(Illuminate/Http/Request))
#10 {main}
"} 
[2026-05-13 08:22:21] local.ERROR: Target class [view] does not exist. {"exception":"[object] (Illuminate\\Contracts\\Container\\BindingResolutionException(code: 0): Target class [view] does not exist. at Z:/laragon/www/Praktikum_SIWEB_WEEK8/vendor/laravel/framework/src/Illuminate/Container/Container.php:1124)
[stacktrace]
#0 Z:/laragon/www/Praktikum_SIWEB_WEEK8/vendor/laravel/framework/src/Illuminate/Container/Container.php(933): Illuminate/Container/Container->build('view')
#1 Z:/laragon/www/Praktikum_SIWEB_WEEK8/vendor/laravel/framework/src/Illuminate/Foundation/Application.php(1078): Illuminate/Container/Container->resolve('view', Array, true)
#2 Z:/laragon/www/Praktikum_SIWEB_WEEK8/vendor/laravel/framework/src/Illuminate/Container/Container.php(864): Illuminate/Foundation/Application->resolve('view', Array)
#3 Z:/laragon/www/Praktikum_SIWEB_WEEK8/vendor/laravel/framework/src/Illuminate/Foundation/Application.php(1058): Illuminate/Container/Container->make('view', Array)
#4 Z:/laragon/www/Praktikum_SIWEB_WEEK8/vendor/laravel/framework/src/Illuminate/Container/Container.php(1805): Illuminate/Foundation/Application->make('view')
#5 Z:/laragon/www/Praktikum_SIWEB_WEEK8/vendor/laravel/framework/src/Illuminate/Routing/RoutingServiceProvider.php(177): Illuminate/Container/Container->offsetGet('Illuminate//Cont...')
#6 Z:/laragon/www/Praktikum_SIWEB_WEEK8/vendor/laravel/framework/src/Illuminate/Container/Container.php(1115): Illuminate/Routing/RoutingServiceProvider->{closure:Illuminate/Routing/RoutingServiceProvider::registerResponseFactory():176}(Object(Illuminate/Foundation/Application), Array)
#7 Z:/laragon/www/Praktikum_SIWEB_WEEK8/vendor/laravel/framework/src/Illuminate/Container/Container.php(933): Illuminate/Container/Container->build(Object(Closure))
#8 Z:/laragon/www/Praktikum_SIWEB_WEEK8/vendor/laravel/framework/src/Illuminate/Foundation/Application.php(1078): Illuminate/Container/Container->resolve('Illuminate//Cont...', Array, true)
#9 Z:/laragon/www/Praktikum_SIWEB_WEEK8/vendor/laravel/framework/src/Illuminate/Container/Container.php(864): Illuminate/Foundation/Application->resolve('Illuminate//Cont...', Array)
#10 Z:/laragon/www/Praktikum_SIWEB_WEEK8/vendor/laravel/framework/src/Illuminate/Foundation/Application.php(1058): Illuminate/Container/Container->make('Illuminate//Cont...', Array)
#11 Z:/laragon/www/Praktikum_SIWEB_WEEK8/vendor/laravel/framework/src/Illuminate/Foundation/helpers.php(138): Illuminate/Foundation/Application->make('Illuminate//Cont...', Array)
#12 Z:/laragon/www/Praktikum_SIWEB_WEEK8/vendor/laravel/framework/src/Illuminate/Foundation/helpers.php(850): app('Illuminate//Cont...')
#13 Z:/laragon/www/Praktikum_SIWEB_WEEK8/vendor/laravel/framework/src/Illuminate/Foundation/Exceptions/Handler.php(987): response('<!-- Class &quo...', 500, Array)
#14 Z:/laragon/www/Praktikum_SIWEB_WEEK8/vendor/laravel/framework/src/Illuminate/Foundation/Exceptions/Handler.php(839): Illuminate/Foundation/Exceptions/Handler->toIlluminateResponse(Object(Symfony/Component/HttpFoundation/Response), Object(Error))
#15 Z:/laragon/www/Praktikum_SIWEB_WEEK8/vendor/laravel/framework/src/Illuminate/Foundation/Exceptions/Handler.php(738): Illuminate/Foundation/Exceptions/Handler->prepareResponse(Object(Illuminate/Http/Request), Object(Error))
#16 Z:/laragon/www/Praktikum_SIWEB_WEEK8/vendor/laravel/framework/src/Illuminate/Foundation/Exceptions/Handler.php(626): Illuminate/Foundation/Exceptions/Handler->renderExceptionResponse(Object(Illuminate/Http/Request), Object(Error))
#17 Z:/laragon/www/Praktikum_SIWEB_WEEK8/vendor/laravel/framework/src/Illuminate/Foundation/Http/Kernel.php(574): Illuminate/Foundation/Exceptions/Handler->render(Object(Illuminate/Http/Request), Object(Error))
#18 Z:/laragon/www/Praktikum_SIWEB_WEEK8/vendor/laravel/framework/src/Illuminate/Foundation/Http/Kernel.php(148): Illuminate/Foundation/Http/Kernel->renderException(Object(Illuminate/Http/Request), Object(Error))
#19 Z:/laragon/www/Praktikum_SIWEB_WEEK8/vendor/laravel/framework/src/Illuminate/Foundation/Application.php(1220): Illuminate/Foundation/Http/Kernel->handle(Object(Illuminate/Http/Request))
#20 Z:/laragon/www/Praktikum_SIWEB_WEEK8/public/index.php(20): Illuminate/Foundation/Application->handleRequest(Object(Illuminate/Http/Request))
#21 {main}

[previous exception] [object] (ReflectionException(code: -1): Class \"view\" does not exist at Z:/laragon/www/Praktikum_SIWEB_WEEK8/vendor/laravel/framework/src/Illuminate/Container/Container.php:1122)
[stacktrace]
#0 Z:/laragon/www/Praktikum_SIWEB_WEEK8/vendor/laravel/framework/src/Illuminate/Container/Container.php(1122): ReflectionClass->__construct('view')
#1 Z:/laragon/www/Praktikum_SIWEB_WEEK8/vendor/laravel/framework/src/Illuminate/Container/Container.php(933): Illuminate/Container/Container->build('view')
#2 Z:/laragon/www/Praktikum_SIWEB_WEEK8/vendor/laravel/framework/src/Illuminate/Foundation/Application.php(1078): Illuminate/Container/Container->resolve('view', Array, true)
#3 Z:/laragon/www/Praktikum_SIWEB_WEEK8/vendor/laravel/framework/src/Illuminate/Container/Container.php(864): Illuminate/Foundation/Application->resolve('view', Array)
#4 Z:/laragon/www/Praktikum_SIWEB_WEEK8/vendor/laravel/framework/src/Illuminate/Foundation/Application.php(1058): Illuminate/Container/Container->make('view', Array)
#5 Z:/laragon/www/Praktikum_SIWEB_WEEK8/vendor/laravel/framework/src/Illuminate/Container/Container.php(1805): Illuminate/Foundation/Application->make('view')
#6 Z:/laragon/www/Praktikum_SIWEB_WEEK8/vendor/laravel/framework/src/Illuminate/Routing/RoutingServiceProvider.php(177): Illuminate/Container/Container->offsetGet('Illuminate//Cont...')
#7 Z:/laragon/www/Praktikum_SIWEB_WEEK8/vendor/laravel/framework/src/Illuminate/Container/Container.php(1115): Illuminate/Routing/RoutingServiceProvider->{closure:Illuminate/Routing/RoutingServiceProvider::registerResponseFactory():176}(Object(Illuminate/Foundation/Application), Array)
#8 Z:/laragon/www/Praktikum_SIWEB_WEEK8/vendor/laravel/framework/src/Illuminate/Container/Container.php(933): Illuminate/Container/Container->build(Object(Closure))
#9 Z:/laragon/www/Praktikum_SIWEB_WEEK8/vendor/laravel/framework/src/Illuminate/Foundation/Application.php(1078): Illuminate/Container/Container->resolve('Illuminate//Cont...', Array, true)
#10 Z:/laragon/www/Praktikum_SIWEB_WEEK8/vendor/laravel/framework/src/Illuminate/Container/Container.php(864): Illuminate/Foundation/Application->resolve('Illuminate//Cont...', Array)
#11 Z:/laragon/www/Praktikum_SIWEB_WEEK8/vendor/laravel/framework/src/Illuminate/Foundation/Application.php(1058): Illuminate/Container/Container->make('Illuminate//Cont...', Array)
#12 Z:/laragon/www/Praktikum_SIWEB_WEEK8/vendor/laravel/framework/src/Illuminate/Foundation/helpers.php(138): Illuminate/Foundation/Application->make('Illuminate//Cont...', Array)
#13 Z:/laragon/www/Praktikum_SIWEB_WEEK8/vendor/laravel/framework/src/Illuminate/Foundation/helpers.php(850): app('Illuminate//Cont...')
#14 Z:/laragon/www/Praktikum_SIWEB_WEEK8/vendor/laravel/framework/src/Illuminate/Foundation/Exceptions/Handler.php(987): response('<!-- Class &quo...', 500, Array)
#15 Z:/laragon/www/Praktikum_SIWEB_WEEK8/vendor/laravel/framework/src/Illuminate/Foundation/Exceptions/Handler.php(839): Illuminate/Foundation/Exceptions/Handler->toIlluminateResponse(Object(Symfony/Component/HttpFoundation/Response), Object(Error))
#16 Z:/laragon/www/Praktikum_SIWEB_WEEK8/vendor/laravel/framework/src/Illuminate/Foundation/Exceptions/Handler.php(738): Illuminate/Foundation/Exceptions/Handler->prepareResponse(Object(Illuminate/Http/Request), Object(Error))
#17 Z:/laragon/www/Praktikum_SIWEB_WEEK8/vendor/laravel/framework/src/Illuminate/Foundation/Exceptions/Handler.php(626): Illuminate/Foundation/Exceptions/Handler->renderExceptionResponse(Object(Illuminate/Http/Request), Object(Error))
#18 Z:/laragon/www/Praktikum_SIWEB_WEEK8/vendor/laravel/framework/src/Illuminate/Foundation/Http/Kernel.php(574): Illuminate/Foundation/Exceptions/Handler->render(Object(Illuminate/Http/Request), Object(Error))
#19 Z:/laragon/www/Praktikum_SIWEB_WEEK8/vendor/laravel/framework/src/Illuminate/Foundation/Http/Kernel.php(148): Illuminate/Foundation/Http/Kernel->renderException(Object(Illuminate/Http/Request), Object(Error))
#20 Z:/laragon/www/Praktikum_SIWEB_WEEK8/vendor/laravel/framework/src/Illuminate/Foundation/Application.php(1220): Illuminate/Foundation/Http/Kernel->handle(Object(Illuminate/Http/Request))
#21 Z:/laragon/www/Praktikum_SIWEB_WEEK8/public/index.php(20): Illuminate/Foundation/Application->handleRequest(Object(Illuminate/Http/Request))
#22 {main}
"} 
[2026-05-13 08:22:21] local.ERROR: Uncaught ReflectionException: Class "view" does not exist in Z:\laragon\www\Praktikum_SIWEB_WEEK8\vendor\laravel\framework\src\Illuminate\Container\Container.php:1122
Stack trace:
#0 Z:\laragon\www\Praktikum_SIWEB_WEEK8\vendor\laravel\framework\src\Illuminate\Container\Container.php(1122): ReflectionClass->__construct('view')
#1 Z:\laragon\www\Praktikum_SIWEB_WEEK8\vendor\laravel\framework\src\Illuminate\Container\Container.php(933): Illuminate\Container\Container->build('view')
#2 Z:\laragon\www\Praktikum_SIWEB_WEEK8\vendor\laravel\framework\src\Illuminate\Foundation\Application.php(1078): Illuminate\Container\Container->resolve('view', Array, true)
#3 Z:\laragon\www\Praktikum_SIWEB_WEEK8\vendor\laravel\framework\src\Illuminate\Container\Container.php(864): Illuminate\Foundation\Application->resolve('view', Array)
#4 Z:\laragon\www\Praktikum_SIWEB_WEEK8\vendor\laravel\framework\src\Illuminate\Foundation\Application.php(1058): Illuminate\Container\Container->make('view', Array)
#5 Z:\laragon\www\Praktikum_SIWEB_WEEK8\vendor\laravel\framework\src\Illuminate\Container\Container.php(1805): Illuminate\Foundation\Application->make('view')
#6 Z:\laragon\www\Praktikum_SIWEB_WEEK8\vendor\laravel\framework\src\Illuminate\Routing\RoutingServiceProvider.php(177): Illuminate\Container\Container->offsetGet('Illuminate\\Cont...')
#7 Z:\laragon\www\Praktikum_SIWEB_WEEK8\vendor\laravel\framework\src\Illuminate\Container\Container.php(1115): Illuminate\Routing\RoutingServiceProvider->{closure:Illuminate\Routing\RoutingServiceProvider::registerResponseFactory():176}(Object(Illuminate\Foundation\Application), Array)
#8 Z:\laragon\www\Praktikum_SIWEB_WEEK8\vendor\laravel\framework\src\Illuminate\Container\Container.php(933): Illuminate\Container\Container->build(Object(Closure))
#9 Z:\laragon\www\Praktikum_SIWEB_WEEK8\vendor\laravel\framework\src\Illuminate\Foundation\Application.php(1078): Illuminate\Container\Container->resolve('Illuminate\\Cont...', Array, true)
#10 Z:\laragon\www\Praktikum_SIWEB_WEEK8\vendor\laravel\framework\src\Illuminate\Container\Container.php(864): Illuminate\Foundation\Application->resolve('Illuminate\\Cont...', Array)
#11 Z:\laragon\www\Praktikum_SIWEB_WEEK8\vendor\laravel\framework\src\Illuminate\Foundation\Application.php(1058): Illuminate\Container\Container->make('Illuminate\\Cont...', Array)
#12 Z:\laragon\www\Praktikum_SIWEB_WEEK8\vendor\laravel\framework\src\Illuminate\Foundation\helpers.php(138): Illuminate\Foundation\Application->make('Illuminate\\Cont...', Array)
#13 Z:\laragon\www\Praktikum_SIWEB_WEEK8\vendor\laravel\framework\src\Illuminate\Foundation\helpers.php(850): app('Illuminate\\Cont...')
#14 Z:\laragon\www\Praktikum_SIWEB_WEEK8\vendor\laravel\framework\src\Illuminate\Foundation\Exceptions\Handler.php(987): response('<!-- Target cla...', 500, Array)
#15 Z:\laragon\www\Praktikum_SIWEB_WEEK8\vendor\laravel\framework\src\Illuminate\Foundation\Exceptions\Handler.php(839): Illuminate\Foundation\Exceptions\Handler->toIlluminateResponse(Object(Symfony\Component\HttpFoundation\Response), Object(Illuminate\Contracts\Container\BindingResolutionException))
#16 Z:\laragon\www\Praktikum_SIWEB_WEEK8\vendor\laravel\framework\src\Illuminate\Foundation\Exceptions\Handler.php(738): Illuminate\Foundation\Exceptions\Handler->prepareResponse(Object(Illuminate\Http\Request), Object(Illuminate\Contracts\Container\BindingResolutionException))
#17 Z:\laragon\www\Praktikum_SIWEB_WEEK8\vendor\laravel\framework\src\Illuminate\Foundation\Exceptions\Handler.php(626): Illuminate\Foundation\Exceptions\Handler->renderExceptionResponse(Object(Illuminate\Http\Request), Object(Illuminate\Contracts\Container\BindingResolutionException))
#18 Z:\laragon\www\Praktikum_SIWEB_WEEK8\vendor\laravel\framework\src\Illuminate\Foundation\Bootstrap\HandleExceptions.php(221): Illuminate\Foundation\Exceptions\Handler->render(Object(Illuminate\Http\Request), Object(Illuminate\Contracts\Container\BindingResolutionException))
#19 Z:\laragon\www\Praktikum_SIWEB_WEEK8\vendor\laravel\framework\src\Illuminate\Foundation\Bootstrap\HandleExceptions.php(198): Illuminate\Foundation\Bootstrap\HandleExceptions->renderHttpResponse(Object(Illuminate\Contracts\Container\BindingResolutionException))
#20 Z:\laragon\www\Praktikum_SIWEB_WEEK8\vendor\laravel\framework\src\Illuminate\Foundation\Bootstrap\HandleExceptions.php(258): Illuminate\Foundation\Bootstrap\HandleExceptions->handleException(Object(Illuminate\Contracts\Container\BindingResolutionException))
#21 [internal function]: Illuminate\Foundation\Bootstrap\HandleExceptions->{closure:Illuminate\Foundation\Bootstrap\HandleExceptions::forwardsTo():257}(Object(Illuminate\Contracts\Container\BindingResolutionException))
#22 {main}

Next Illuminate\Contracts\Container\BindingResolutionException: Target class [view] does not exist. in Z:\laragon\www\Praktikum_SIWEB_WEEK8\vendor\laravel\framework\src\Illuminate\Container\Container.php:1124
Stack trace:
#0 Z:\laragon\www\Praktikum_SIWEB_WEEK8\vendor\laravel\framework\src\Illuminate\Container\Container.php(933): Illuminate\Container\Container->build('view')
#1 Z:\laragon\www\Praktikum_SIWEB_WEEK8\vendor\laravel\framework\src\Illuminate\Foundation\Application.php(1078): Illuminate\Container\Container->resolve('view', Array, true)
#2 Z:\laragon\www\Praktikum_SIWEB_WEEK8\vendor\laravel\framework\src\Illuminate\Container\Container.php(864): Illuminate\Foundation\Application->resolve('view', Array)
#3 Z:\laragon\www\Praktikum_SIWEB_WEEK8\vendor\laravel\framework\src\Illuminate\Foundation\Application.php(1058): Illuminate\Container\Container->make('view', Array)
#4 Z:\laragon\www\Praktikum_SIWEB_WEEK8\vendor\laravel\framework\src\Illuminate\Container\Container.php(1805): Illuminate\Foundation\Application->make('view')
#5 Z:\laragon\www\Praktikum_SIWEB_WEEK8\vendor\laravel\framework\src\Illuminate\Routing\RoutingServiceProvider.php(177): Illuminate\Container\Container->offsetGet('Illuminate\\Cont...')
#6 Z:\laragon\www\Praktikum_SIWEB_WEEK8\vendor\laravel\framework\src\Illuminate\Container\Container.php(1115): Illuminate\Routing\RoutingServiceProvider->{closure:Illuminate\Routing\RoutingServiceProvider::registerResponseFactory():176}(Object(Illuminate\Foundation\Application), Array)
#7 Z:\laragon\www\Praktikum_SIWEB_WEEK8\vendor\laravel\framework\src\Illuminate\Container\Container.php(933): Illuminate\Container\Container->build(Object(Closure))
#8 Z:\laragon\www\Praktikum_SIWEB_WEEK8\vendor\laravel\framework\src\Illuminate\Foundation\Application.php(1078): Illuminate\Container\Container->resolve('Illuminate\\Cont...', Array, true)
#9 Z:\laragon\www\Praktikum_SIWEB_WEEK8\vendor\laravel\framework\src\Illuminate\Container\Container.php(864): Illuminate\Foundation\Application->resolve('Illuminate\\Cont...', Array)
#10 Z:\laragon\www\Praktikum_SIWEB_WEEK8\vendor\laravel\framework\src\Illuminate\Foundation\Application.php(1058): Illuminate\Container\Container->make('Illuminate\\Cont...', Array)
#11 Z:\laragon\www\Praktikum_SIWEB_WEEK8\vendor\laravel\framework\src\Illuminate\Foundation\helpers.php(138): Illuminate\Foundation\Application->make('Illuminate\\Cont...', Array)
#12 Z:\laragon\www\Praktikum_SIWEB_WEEK8\vendor\laravel\framework\src\Illuminate\Foundation\helpers.php(850): app('Illuminate\\Cont...')
#13 Z:\laragon\www\Praktikum_SIWEB_WEEK8\vendor\laravel\framework\src\Illuminate\Foundation\Exceptions\Handler.php(987): response('<!-- Target cla...', 500, Array)
#14 Z:\laragon\www\Praktikum_SIWEB_WEEK8\vendor\laravel\framework\src\Illuminate\Foundation\Exceptions\Handler.php(839): Illuminate\Foundation\Exceptions\Handler->toIlluminateResponse(Object(Symfony\Component\HttpFoundation\Response), Object(Illuminate\Contracts\Container\BindingResolutionException))
#15 Z:\laragon\www\Praktikum_SIWEB_WEEK8\vendor\laravel\framework\src\Illuminate\Foundation\Exceptions\Handler.php(738): Illuminate\Foundation\Exceptions\Handler->prepareResponse(Object(Illuminate\Http\Request), Object(Illuminate\Contracts\Container\BindingResolutionException))
#16 Z:\laragon\www\Praktikum_SIWEB_WEEK8\vendor\laravel\framework\src\Illuminate\Foundation\Exceptions\Handler.php(626): Illuminate\Foundation\Exceptions\Handler->renderExceptionResponse(Object(Illuminate\Http\Request), Object(Illuminate\Contracts\Container\BindingResolutionException))
#17 Z:\laragon\www\Praktikum_SIWEB_WEEK8\vendor\laravel\framework\src\Illuminate\Foundation\Bootstrap\HandleExceptions.php(221): Illuminate\Foundation\Exceptions\Handler->render(Object(Illuminate\Http\Request), Object(Illuminate\Contracts\Container\BindingResolutionException))
#18 Z:\laragon\www\Praktikum_SIWEB_WEEK8\vendor\laravel\framework\src\Illuminate\Foundation\Bootstrap\HandleExceptions.php(198): Illuminate\Foundation\Bootstrap\HandleExceptions->renderHttpResponse(Object(Illuminate\Contracts\Container\BindingResolutionException))
#19 Z:\laragon\www\Praktikum_SIWEB_WEEK8\vendor\laravel\framework\src\Illuminate\Foundation\Bootstrap\HandleExceptions.php(258): Illuminate\Foundation\Bootstrap\HandleExceptions->handleException(Object(Illuminate\Contracts\Container\BindingResolutionException))
#20 [internal function]: Illuminate\Foundation\Bootstrap\HandleExceptions->{closure:Illuminate\Foundation\Bootstrap\HandleExceptions::forwardsTo():257}(Object(Illuminate\Contracts\Container\BindingResolutionException))
#21 {main}
  thrown {"exception":"[object] (Symfony\\Component\\ErrorHandler\\Error\\FatalError(code: 0): Uncaught ReflectionException: Class \"view\" does not exist in Z:\\laragon\\www\\Praktikum_SIWEB_WEEK8\\vendor\\laravel\\framework\\src\\Illuminate\\Container\\Container.php:1122
Stack trace:
#0 Z:\\laragon\\www\\Praktikum_SIWEB_WEEK8\\vendor\\laravel\\framework\\src\\Illuminate\\Container\\Container.php(1122): ReflectionClass->__construct('view')
#1 Z:\\laragon\\www\\Praktikum_SIWEB_WEEK8\\vendor\\laravel\\framework\\src\\Illuminate\\Container\\Container.php(933): Illuminate\\Container\\Container->build('view')
#2 Z:\\laragon\\www\\Praktikum_SIWEB_WEEK8\\vendor\\laravel\\framework\\src\\Illuminate\\Foundation\\Application.php(1078): Illuminate\\Container\\Container->resolve('view', Array, true)
#3 Z:\\laragon\\www\\Praktikum_SIWEB_WEEK8\\vendor\\laravel\\framework\\src\\Illuminate\\Container\\Container.php(864): Illuminate\\Foundation\\Application->resolve('view', Array)
#4 Z:\\laragon\\www\\Praktikum_SIWEB_WEEK8\\vendor\\laravel\\framework\\src\\Illuminate\\Foundation\\Application.php(1058): Illuminate\\Container\\Container->make('view', Array)
#5 Z:\\laragon\\www\\Praktikum_SIWEB_WEEK8\\vendor\\laravel\\framework\\src\\Illuminate\\Container\\Container.php(1805): Illuminate\\Foundation\\Application->make('view')
#6 Z:\\laragon\\www\\Praktikum_SIWEB_WEEK8\\vendor\\laravel\\framework\\src\\Illuminate\\Routing\\RoutingServiceProvider.php(177): Illuminate\\Container\\Container->offsetGet('Illuminate\\\\Cont...')
#7 Z:\\laragon\\www\\Praktikum_SIWEB_WEEK8\\vendor\\laravel\\framework\\src\\Illuminate\\Container\\Container.php(1115): Illuminate\\Routing\\RoutingServiceProvider->{closure:Illuminate\\Routing\\RoutingServiceProvider::registerResponseFactory():176}(Object(Illuminate\\Foundation\\Application), Array)
#8 Z:\\laragon\\www\\Praktikum_SIWEB_WEEK8\\vendor\\laravel\\framework\\src\\Illuminate\\Container\\Container.php(933): Illuminate\\Container\\Container->build(Object(Closure))
#9 Z:\\laragon\\www\\Praktikum_SIWEB_WEEK8\\vendor\\laravel\\framework\\src\\Illuminate\\Foundation\\Application.php(1078): Illuminate\\Container\\Container->resolve('Illuminate\\\\Cont...', Array, true)
#10 Z:\\laragon\\www\\Praktikum_SIWEB_WEEK8\\vendor\\laravel\\framework\\src\\Illuminate\\Container\\Container.php(864): Illuminate\\Foundation\\Application->resolve('Illuminate\\\\Cont...', Array)
#11 Z:\\laragon\\www\\Praktikum_SIWEB_WEEK8\\vendor\\laravel\\framework\\src\\Illuminate\\Foundation\\Application.php(1058): Illuminate\\Container\\Container->make('Illuminate\\\\Cont...', Array)
#12 Z:\\laragon\\www\\Praktikum_SIWEB_WEEK8\\vendor\\laravel\\framework\\src\\Illuminate\\Foundation\\helpers.php(138): Illuminate\\Foundation\\Application->make('Illuminate\\\\Cont...', Array)
#13 Z:\\laragon\\www\\Praktikum_SIWEB_WEEK8\\vendor\\laravel\\framework\\src\\Illuminate\\Foundation\\helpers.php(850): app('Illuminate\\\\Cont...')
#14 Z:\\laragon\\www\\Praktikum_SIWEB_WEEK8\\vendor\\laravel\\framework\\src\\Illuminate\\Foundation\\Exceptions\\Handler.php(987): response('<!-- Target cla...', 500, Array)
#15 Z:\\laragon\\www\\Praktikum_SIWEB_WEEK8\\vendor\\laravel\\framework\\src\\Illuminate\\Foundation\\Exceptions\\Handler.php(839): Illuminate\\Foundation\\Exceptions\\Handler->toIlluminateResponse(Object(Symfony\\Component\\HttpFoundation\\Response), Object(Illuminate\\Contracts\\Container\\BindingResolutionException))
#16 Z:\\laragon\\www\\Praktikum_SIWEB_WEEK8\\vendor\\laravel\\framework\\src\\Illuminate\\Foundation\\Exceptions\\Handler.php(738): Illuminate\\Foundation\\Exceptions\\Handler->prepareResponse(Object(Illuminate\\Http\\Request), Object(Illuminate\\Contracts\\Container\\BindingResolutionException))
#17 Z:\\laragon\\www\\Praktikum_SIWEB_WEEK8\\vendor\\laravel\\framework\\src\\Illuminate\\Foundation\\Exceptions\\Handler.php(626): Illuminate\\Foundation\\Exceptions\\Handler->renderExceptionResponse(Object(Illuminate\\Http\\Request), Object(Illuminate\\Contracts\\Container\\BindingResolutionException))
#18 Z:\\laragon\\www\\Praktikum_SIWEB_WEEK8\\vendor\\laravel\\framework\\src\\Illuminate\\Foundation\\Bootstrap\\HandleExceptions.php(221): Illuminate\\Foundation\\Exceptions\\Handler->render(Object(Illuminate\\Http\\Request), Object(Illuminate\\Contracts\\Container\\BindingResolutionException))
#19 Z:\\laragon\\www\\Praktikum_SIWEB_WEEK8\\vendor\\laravel\\framework\\src\\Illuminate\\Foundation\\Bootstrap\\HandleExceptions.php(198): Illuminate\\Foundation\\Bootstrap\\HandleExceptions->renderHttpResponse(Object(Illuminate\\Contracts\\Container\\BindingResolutionException))
#20 Z:\\laragon\\www\\Praktikum_SIWEB_WEEK8\\vendor\\laravel\\framework\\src\\Illuminate\\Foundation\\Bootstrap\\HandleExceptions.php(258): Illuminate\\Foundation\\Bootstrap\\HandleExceptions->handleException(Object(Illuminate\\Contracts\\Container\\BindingResolutionException))
#21 [internal function]: Illuminate\\Foundation\\Bootstrap\\HandleExceptions->{closure:Illuminate\\Foundation\\Bootstrap\\HandleExceptions::forwardsTo():257}(Object(Illuminate\\Contracts\\Container\\BindingResolutionException))
#22 {main}

Next Illuminate\\Contracts\\Container\\BindingResolutionException: Target class [view] does not exist. in Z:\\laragon\\www\\Praktikum_SIWEB_WEEK8\\vendor\\laravel\\framework\\src\\Illuminate\\Container\\Container.php:1124
Stack trace:
#0 Z:\\laragon\\www\\Praktikum_SIWEB_WEEK8\\vendor\\laravel\\framework\\src\\Illuminate\\Container\\Container.php(933): Illuminate\\Container\\Container->build('view')
#1 Z:\\laragon\\www\\Praktikum_SIWEB_WEEK8\\vendor\\laravel\\framework\\src\\Illuminate\\Foundation\\Application.php(1078): Illuminate\\Container\\Container->resolve('view', Array, true)
#2 Z:\\laragon\\www\\Praktikum_SIWEB_WEEK8\\vendor\\laravel\\framework\\src\\Illuminate\\Container\\Container.php(864): Illuminate\\Foundation\\Application->resolve('view', Array)
#3 Z:\\laragon\\www\\Praktikum_SIWEB_WEEK8\\vendor\\laravel\\framework\\src\\Illuminate\\Foundation\\Application.php(1058): Illuminate\\Container\\Container->make('view', Array)
#4 Z:\\laragon\\www\\Praktikum_SIWEB_WEEK8\\vendor\\laravel\\framework\\src\\Illuminate\\Container\\Container.php(1805): Illuminate\\Foundation\\Application->make('view')
#5 Z:\\laragon\\www\\Praktikum_SIWEB_WEEK8\\vendor\\laravel\\framework\\src\\Illuminate\\Routing\\RoutingServiceProvider.php(177): Illuminate\\Container\\Container->offsetGet('Illuminate\\\\Cont...')
#6 Z:\\laragon\\www\\Praktikum_SIWEB_WEEK8\\vendor\\laravel\\framework\\src\\Illuminate\\Container\\Container.php(1115): Illuminate\\Routing\\RoutingServiceProvider->{closure:Illuminate\\Routing\\RoutingServiceProvider::registerResponseFactory():176}(Object(Illuminate\\Foundation\\Application), Array)
#7 Z:\\laragon\\www\\Praktikum_SIWEB_WEEK8\\vendor\\laravel\\framework\\src\\Illuminate\\Container\\Container.php(933): Illuminate\\Container\\Container->build(Object(Closure))
#8 Z:\\laragon\\www\\Praktikum_SIWEB_WEEK8\\vendor\\laravel\\framework\\src\\Illuminate\\Foundation\\Application.php(1078): Illuminate\\Container\\Container->resolve('Illuminate\\\\Cont...', Array, true)
#9 Z:\\laragon\\www\\Praktikum_SIWEB_WEEK8\\vendor\\laravel\\framework\\src\\Illuminate\\Container\\Container.php(864): Illuminate\\Foundation\\Application->resolve('Illuminate\\\\Cont...', Array)
#10 Z:\\laragon\\www\\Praktikum_SIWEB_WEEK8\\vendor\\laravel\\framework\\src\\Illuminate\\Foundation\\Application.php(1058): Illuminate\\Container\\Container->make('Illuminate\\\\Cont...', Array)
#11 Z:\\laragon\\www\\Praktikum_SIWEB_WEEK8\\vendor\\laravel\\framework\\src\\Illuminate\\Foundation\\helpers.php(138): Illuminate\\Foundation\\Application->make('Illuminate\\\\Cont...', Array)
#12 Z:\\laragon\\www\\Praktikum_SIWEB_WEEK8\\vendor\\laravel\\framework\\src\\Illuminate\\Foundation\\helpers.php(850): app('Illuminate\\\\Cont...')
#13 Z:\\laragon\\www\\Praktikum_SIWEB_WEEK8\\vendor\\laravel\\framework\\src\\Illuminate\\Foundation\\Exceptions\\Handler.php(987): response('<!-- Target cla...', 500, Array)
#14 Z:\\laragon\\www\\Praktikum_SIWEB_WEEK8\\vendor\\laravel\\framework\\src\\Illuminate\\Foundation\\Exceptions\\Handler.php(839): Illuminate\\Foundation\\Exceptions\\Handler->toIlluminateResponse(Object(Symfony\\Component\\HttpFoundation\\Response), Object(Illuminate\\Contracts\\Container\\BindingResolutionException))
#15 Z:\\laragon\\www\\Praktikum_SIWEB_WEEK8\\vendor\\laravel\\framework\\src\\Illuminate\\Foundation\\Exceptions\\Handler.php(738): Illuminate\\Foundation\\Exceptions\\Handler->prepareResponse(Object(Illuminate\\Http\\Request), Object(Illuminate\\Contracts\\Container\\BindingResolutionException))
#16 Z:\\laragon\\www\\Praktikum_SIWEB_WEEK8\\vendor\\laravel\\framework\\src\\Illuminate\\Foundation\\Exceptions\\Handler.php(626): Illuminate\\Foundation\\Exceptions\\Handler->renderExceptionResponse(Object(Illuminate\\Http\\Request), Object(Illuminate\\Contracts\\Container\\BindingResolutionException))
#17 Z:\\laragon\\www\\Praktikum_SIWEB_WEEK8\\vendor\\laravel\\framework\\src\\Illuminate\\Foundation\\Bootstrap\\HandleExceptions.php(221): Illuminate\\Foundation\\Exceptions\\Handler->render(Object(Illuminate\\Http\\Request), Object(Illuminate\\Contracts\\Container\\BindingResolutionException))
#18 Z:\\laragon\\www\\Praktikum_SIWEB_WEEK8\\vendor\\laravel\\framework\\src\\Illuminate\\Foundation\\Bootstrap\\HandleExceptions.php(198): Illuminate\\Foundation\\Bootstrap\\HandleExceptions->renderHttpResponse(Object(Illuminate\\Contracts\\Container\\BindingResolutionException))
#19 Z:\\laragon\\www\\Praktikum_SIWEB_WEEK8\\vendor\\laravel\\framework\\src\\Illuminate\\Foundation\\Bootstrap\\HandleExceptions.php(258): Illuminate\\Foundation\\Bootstrap\\HandleExceptions->handleException(Object(Illuminate\\Contracts\\Container\\BindingResolutionException))
#20 [internal function]: Illuminate\\Foundation\\Bootstrap\\HandleExceptions->{closure:Illuminate\\Foundation\\Bootstrap\\HandleExceptions::forwardsTo():257}(Object(Illuminate\\Contracts\\Container\\BindingResolutionException))
#21 {main}
  thrown at Z:/laragon/www/Praktikum_SIWEB_WEEK8/vendor/laravel/framework/src/Illuminate/Container/Container.php:1124)
[stacktrace]
#0 {main}
"} 
[2026-05-13 08:22:22] local.ERROR: Class "Laravel\Socialite\SocialiteServiceProvider" not found {"exception":"[object] (Error(code: 0): Class \"Laravel\\Socialite\\SocialiteServiceProvider\" not found at Z:/laragon/www/Praktikum_SIWEB_WEEK8/vendor/laravel/framework/src/Illuminate/Foundation/ProviderRepository.php:205)
[stacktrace]
#0 Z:/laragon/www/Praktikum_SIWEB_WEEK8/vendor/laravel/framework/src/Illuminate/Foundation/ProviderRepository.php(141): Illuminate/Foundation/ProviderRepository->createProvider('Laravel//Sociali...')
#1 Z:/laragon/www/Praktikum_SIWEB_WEEK8/vendor/laravel/framework/src/Illuminate/Foundation/ProviderRepository.php(60): Illuminate/Foundation/ProviderRepository->compileManifest(Array)
#2 Z:/laragon/www/Praktikum_SIWEB_WEEK8/vendor/laravel/framework/src/Illuminate/Foundation/Application.php(871): Illuminate/Foundation/ProviderRepository->load(Array)
#3 Z:/laragon/www/Praktikum_SIWEB_WEEK8/vendor/laravel/framework/src/Illuminate/Foundation/Bootstrap/RegisterProviders.php(37): Illuminate/Foundation/Application->registerConfiguredProviders()
#4 Z:/laragon/www/Praktikum_SIWEB_WEEK8/vendor/laravel/framework/src/Illuminate/Foundation/Application.php(342): Illuminate/Foundation/Bootstrap/RegisterProviders->bootstrap(Object(Illuminate/Foundation/Application))
#5 Z:/laragon/www/Praktikum_SIWEB_WEEK8/vendor/laravel/framework/src/Illuminate/Foundation/Http/Kernel.php(186): Illuminate/Foundation/Application->bootstrapWith(Array)
#6 Z:/laragon/www/Praktikum_SIWEB_WEEK8/vendor/laravel/framework/src/Illuminate/Foundation/Http/Kernel.php(170): Illuminate/Foundation/Http/Kernel->bootstrap()
#7 Z:/laragon/www/Praktikum_SIWEB_WEEK8/vendor/laravel/framework/src/Illuminate/Foundation/Http/Kernel.php(144): Illuminate/Foundation/Http/Kernel->sendRequestThroughRouter(Object(Illuminate/Http/Request))
#8 Z:/laragon/www/Praktikum_SIWEB_WEEK8/vendor/laravel/framework/src/Illuminate/Foundation/Application.php(1220): Illuminate/Foundation/Http/Kernel->handle(Object(Illuminate/Http/Request))
#9 Z:/laragon/www/Praktikum_SIWEB_WEEK8/public/index.php(20): Illuminate/Foundation/Application->handleRequest(Object(Illuminate/Http/Request))
#10 {main}
"} 
[2026-05-13 08:22:23] local.ERROR: Target class [view] does not exist. {"exception":"[object] (Illuminate\\Contracts\\Container\\BindingResolutionException(code: 0): Target class [view] does not exist. at Z:/laragon/www/Praktikum_SIWEB_WEEK8/vendor/laravel/framework/src/Illuminate/Container/Container.php:1124)
[stacktrace]
#0 Z:/laragon/www/Praktikum_SIWEB_WEEK8/vendor/laravel/framework/src/Illuminate/Container/Container.php(933): Illuminate/Container/Container->build('view')
#1 Z:/laragon/www/Praktikum_SIWEB_WEEK8/vendor/laravel/framework/src/Illuminate/Foundation/Application.php(1078): Illuminate/Container/Container->resolve('view', Array, true)
#2 Z:/laragon/www/Praktikum_SIWEB_WEEK8/vendor/laravel/framework/src/Illuminate/Container/Container.php(864): Illuminate/Foundation/Application->resolve('view', Array)
#3 Z:/laragon/www/Praktikum_SIWEB_WEEK8/vendor/laravel/framework/src/Illuminate/Foundation/Application.php(1058): Illuminate/Container/Container->make('view', Array)
#4 Z:/laragon/www/Praktikum_SIWEB_WEEK8/vendor/laravel/framework/src/Illuminate/Container/Container.php(1805): Illuminate/Foundation/Application->make('view')
#5 Z:/laragon/www/Praktikum_SIWEB_WEEK8/vendor/laravel/framework/src/Illuminate/Routing/RoutingServiceProvider.php(177): Illuminate/Container/Container->offsetGet('Illuminate//Cont...')
#6 Z:/laragon/www/Praktikum_SIWEB_WEEK8/vendor/laravel/framework/src/Illuminate/Container/Container.php(1115): Illuminate/Routing/RoutingServiceProvider->{closure:Illuminate/Routing/RoutingServiceProvider::registerResponseFactory():176}(Object(Illuminate/Foundation/Application), Array)
#7 Z:/laragon/www/Praktikum_SIWEB_WEEK8/vendor/laravel/framework/src/Illuminate/Container/Container.php(933): Illuminate/Container/Container->build(Object(Closure))
#8 Z:/laragon/www/Praktikum_SIWEB_WEEK8/vendor/laravel/framework/src/Illuminate/Foundation/Application.php(1078): Illuminate/Container/Container->resolve('Illuminate//Cont...', Array, true)
#9 Z:/laragon/www/Praktikum_SIWEB_WEEK8/vendor/laravel/framework/src/Illuminate/Container/Container.php(864): Illuminate/Foundation/Application->resolve('Illuminate//Cont...', Array)
#10 Z:/laragon/www/Praktikum_SIWEB_WEEK8/vendor/laravel/framework/src/Illuminate/Foundation/Application.php(1058): Illuminate/Container/Container->make('Illuminate//Cont...', Array)
#11 Z:/laragon/www/Praktikum_SIWEB_WEEK8/vendor/laravel/framework/src/Illuminate/Foundation/helpers.php(138): Illuminate/Foundation/Application->make('Illuminate//Cont...', Array)
#12 Z:/laragon/www/Praktikum_SIWEB_WEEK8/vendor/laravel/framework/src/Illuminate/Foundation/helpers.php(850): app('Illuminate//Cont...')
#13 Z:/laragon/www/Praktikum_SIWEB_WEEK8/vendor/laravel/framework/src/Illuminate/Foundation/Exceptions/Handler.php(987): response('<!-- Class &quo...', 500, Array)
#14 Z:/laragon/www/Praktikum_SIWEB_WEEK8/vendor/laravel/framework/src/Illuminate/Foundation/Exceptions/Handler.php(839): Illuminate/Foundation/Exceptions/Handler->toIlluminateResponse(Object(Symfony/Component/HttpFoundation/Response), Object(Error))
#15 Z:/laragon/www/Praktikum_SIWEB_WEEK8/vendor/laravel/framework/src/Illuminate/Foundation/Exceptions/Handler.php(738): Illuminate/Foundation/Exceptions/Handler->prepareResponse(Object(Illuminate/Http/Request), Object(Error))
#16 Z:/laragon/www/Praktikum_SIWEB_WEEK8/vendor/laravel/framework/src/Illuminate/Foundation/Exceptions/Handler.php(626): Illuminate/Foundation/Exceptions/Handler->renderExceptionResponse(Object(Illuminate/Http/Request), Object(Error))
#17 Z:/laragon/www/Praktikum_SIWEB_WEEK8/vendor/laravel/framework/src/Illuminate/Foundation/Http/Kernel.php(574): Illuminate/Foundation/Exceptions/Handler->render(Object(Illuminate/Http/Request), Object(Error))
#18 Z:/laragon/www/Praktikum_SIWEB_WEEK8/vendor/laravel/framework/src/Illuminate/Foundation/Http/Kernel.php(148): Illuminate/Foundation/Http/Kernel->renderException(Object(Illuminate/Http/Request), Object(Error))
#19 Z:/laragon/www/Praktikum_SIWEB_WEEK8/vendor/laravel/framework/src/Illuminate/Foundation/Application.php(1220): Illuminate/Foundation/Http/Kernel->handle(Object(Illuminate/Http/Request))
#20 Z:/laragon/www/Praktikum_SIWEB_WEEK8/public/index.php(20): Illuminate/Foundation/Application->handleRequest(Object(Illuminate/Http/Request))
#21 {main}

[previous exception] [object] (ReflectionException(code: -1): Class \"view\" does not exist at Z:/laragon/www/Praktikum_SIWEB_WEEK8/vendor/laravel/framework/src/Illuminate/Container/Container.php:1122)
[stacktrace]
#0 Z:/laragon/www/Praktikum_SIWEB_WEEK8/vendor/laravel/framework/src/Illuminate/Container/Container.php(1122): ReflectionClass->__construct('view')
#1 Z:/laragon/www/Praktikum_SIWEB_WEEK8/vendor/laravel/framework/src/Illuminate/Container/Container.php(933): Illuminate/Container/Container->build('view')
#2 Z:/laragon/www/Praktikum_SIWEB_WEEK8/vendor/laravel/framework/src/Illuminate/Foundation/Application.php(1078): Illuminate/Container/Container->resolve('view', Array, true)
#3 Z:/laragon/www/Praktikum_SIWEB_WEEK8/vendor/laravel/framework/src/Illuminate/Container/Container.php(864): Illuminate/Foundation/Application->resolve('view', Array)
#4 Z:/laragon/www/Praktikum_SIWEB_WEEK8/vendor/laravel/framework/src/Illuminate/Foundation/Application.php(1058): Illuminate/Container/Container->make('view', Array)
#5 Z:/laragon/www/Praktikum_SIWEB_WEEK8/vendor/laravel/framework/src/Illuminate/Container/Container.php(1805): Illuminate/Foundation/Application->make('view')
#6 Z:/laragon/www/Praktikum_SIWEB_WEEK8/vendor/laravel/framework/src/Illuminate/Routing/RoutingServiceProvider.php(177): Illuminate/Container/Container->offsetGet('Illuminate//Cont...')
#7 Z:/laragon/www/Praktikum_SIWEB_WEEK8/vendor/laravel/framework/src/Illuminate/Container/Container.php(1115): Illuminate/Routing/RoutingServiceProvider->{closure:Illuminate/Routing/RoutingServiceProvider::registerResponseFactory():176}(Object(Illuminate/Foundation/Application), Array)
#8 Z:/laragon/www/Praktikum_SIWEB_WEEK8/vendor/laravel/framework/src/Illuminate/Container/Container.php(933): Illuminate/Container/Container->build(Object(Closure))
#9 Z:/laragon/www/Praktikum_SIWEB_WEEK8/vendor/laravel/framework/src/Illuminate/Foundation/Application.php(1078): Illuminate/Container/Container->resolve('Illuminate//Cont...', Array, true)
#10 Z:/laragon/www/Praktikum_SIWEB_WEEK8/vendor/laravel/framework/src/Illuminate/Container/Container.php(864): Illuminate/Foundation/Application->resolve('Illuminate//Cont...', Array)
#11 Z:/laragon/www/Praktikum_SIWEB_WEEK8/vendor/laravel/framework/src/Illuminate/Foundation/Application.php(1058): Illuminate/Container/Container->make('Illuminate//Cont...', Array)
#12 Z:/laragon/www/Praktikum_SIWEB_WEEK8/vendor/laravel/framework/src/Illuminate/Foundation/helpers.php(138): Illuminate/Foundation/Application->make('Illuminate//Cont...', Array)
#13 Z:/laragon/www/Praktikum_SIWEB_WEEK8/vendor/laravel/framework/src/Illuminate/Foundation/helpers.php(850): app('Illuminate//Cont...')
#14 Z:/laragon/www/Praktikum_SIWEB_WEEK8/vendor/laravel/framework/src/Illuminate/Foundation/Exceptions/Handler.php(987): response('<!-- Class &quo...', 500, Array)
#15 Z:/laragon/www/Praktikum_SIWEB_WEEK8/vendor/laravel/framework/src/Illuminate/Foundation/Exceptions/Handler.php(839): Illuminate/Foundation/Exceptions/Handler->toIlluminateResponse(Object(Symfony/Component/HttpFoundation/Response), Object(Error))
#16 Z:/laragon/www/Praktikum_SIWEB_WEEK8/vendor/laravel/framework/src/Illuminate/Foundation/Exceptions/Handler.php(738): Illuminate/Foundation/Exceptions/Handler->prepareResponse(Object(Illuminate/Http/Request), Object(Error))
#17 Z:/laragon/www/Praktikum_SIWEB_WEEK8/vendor/laravel/framework/src/Illuminate/Foundation/Exceptions/Handler.php(626): Illuminate/Foundation/Exceptions/Handler->renderExceptionResponse(Object(Illuminate/Http/Request), Object(Error))
#18 Z:/laragon/www/Praktikum_SIWEB_WEEK8/vendor/laravel/framework/src/Illuminate/Foundation/Http/Kernel.php(574): Illuminate/Foundation/Exceptions/Handler->render(Object(Illuminate/Http/Request), Object(Error))
#19 Z:/laragon/www/Praktikum_SIWEB_WEEK8/vendor/laravel/framework/src/Illuminate/Foundation/Http/Kernel.php(148): Illuminate/Foundation/Http/Kernel->renderException(Object(Illuminate/Http/Request), Object(Error))
#20 Z:/laragon/www/Praktikum_SIWEB_WEEK8/vendor/laravel/framework/src/Illuminate/Foundation/Application.php(1220): Illuminate/Foundation/Http/Kernel->handle(Object(Illuminate/Http/Request))
#21 Z:/laragon/www/Praktikum_SIWEB_WEEK8/public/index.php(20): Illuminate/Foundation/Application->handleRequest(Object(Illuminate/Http/Request))
#22 {main}
"} 
[2026-05-13 08:22:23] local.ERROR: Uncaught ReflectionException: Class "view" does not exist in Z:\laragon\www\Praktikum_SIWEB_WEEK8\vendor\laravel\framework\src\Illuminate\Container\Container.php:1122
Stack trace:
#0 Z:\laragon\www\Praktikum_SIWEB_WEEK8\vendor\laravel\framework\src\Illuminate\Container\Container.php(1122): ReflectionClass->__construct('view')
#1 Z:\laragon\www\Praktikum_SIWEB_WEEK8\vendor\laravel\framework\src\Illuminate\Container\Container.php(933): Illuminate\Container\Container->build('view')
#2 Z:\laragon\www\Praktikum_SIWEB_WEEK8\vendor\laravel\framework\src\Illuminate\Foundation\Application.php(1078): Illuminate\Container\Container->resolve('view', Array, true)
#3 Z:\laragon\www\Praktikum_SIWEB_WEEK8\vendor\laravel\framework\src\Illuminate\Container\Container.php(864): Illuminate\Foundation\Application->resolve('view', Array)
#4 Z:\laragon\www\Praktikum_SIWEB_WEEK8\vendor\laravel\framework\src\Illuminate\Foundation\Application.php(1058): Illuminate\Container\Container->make('view', Array)
#5 Z:\laragon\www\Praktikum_SIWEB_WEEK8\vendor\laravel\framework\src\Illuminate\Container\Container.php(1805): Illuminate\Foundation\Application->make('view')
#6 Z:\laragon\www\Praktikum_SIWEB_WEEK8\vendor\laravel\framework\src\Illuminate\Routing\RoutingServiceProvider.php(177): Illuminate\Container\Container->offsetGet('Illuminate\\Cont...')
#7 Z:\laragon\www\Praktikum_SIWEB_WEEK8\vendor\laravel\framework\src\Illuminate\Container\Container.php(1115): Illuminate\Routing\RoutingServiceProvider->{closure:Illuminate\Routing\RoutingServiceProvider::registerResponseFactory():176}(Object(Illuminate\Foundation\Application), Array)
#8 Z:\laragon\www\Praktikum_SIWEB_WEEK8\vendor\laravel\framework\src\Illuminate\Container\Container.php(933): Illuminate\Container\Container->build(Object(Closure))
#9 Z:\laragon\www\Praktikum_SIWEB_WEEK8\vendor\laravel\framework\src\Illuminate\Foundation\Application.php(1078): Illuminate\Container\Container->resolve('Illuminate\\Cont...', Array, true)
#10 Z:\laragon\www\Praktikum_SIWEB_WEEK8\vendor\laravel\framework\src\Illuminate\Container\Container.php(864): Illuminate\Foundation\Application->resolve('Illuminate\\Cont...', Array)
#11 Z:\laragon\www\Praktikum_SIWEB_WEEK8\vendor\laravel\framework\src\Illuminate\Foundation\Application.php(1058): Illuminate\Container\Container->make('Illuminate\\Cont...', Array)
#12 Z:\laragon\www\Praktikum_SIWEB_WEEK8\vendor\laravel\framework\src\Illuminate\Foundation\helpers.php(138): Illuminate\Foundation\Application->make('Illuminate\\Cont...', Array)
#13 Z:\laragon\www\Praktikum_SIWEB_WEEK8\vendor\laravel\framework\src\Illuminate\Foundation\helpers.php(850): app('Illuminate\\Cont...')
#14 Z:\laragon\www\Praktikum_SIWEB_WEEK8\vendor\laravel\framework\src\Illuminate\Foundation\Exceptions\Handler.php(987): response('<!-- Target cla...', 500, Array)
#15 Z:\laragon\www\Praktikum_SIWEB_WEEK8\vendor\laravel\framework\src\Illuminate\Foundation\Exceptions\Handler.php(839): Illuminate\Foundation\Exceptions\Handler->toIlluminateResponse(Object(Symfony\Component\HttpFoundation\Response), Object(Illuminate\Contracts\Container\BindingResolutionException))
#16 Z:\laragon\www\Praktikum_SIWEB_WEEK8\vendor\laravel\framework\src\Illuminate\Foundation\Exceptions\Handler.php(738): Illuminate\Foundation\Exceptions\Handler->prepareResponse(Object(Illuminate\Http\Request), Object(Illuminate\Contracts\Container\BindingResolutionException))
#17 Z:\laragon\www\Praktikum_SIWEB_WEEK8\vendor\laravel\framework\src\Illuminate\Foundation\Exceptions\Handler.php(626): Illuminate\Foundation\Exceptions\Handler->renderExceptionResponse(Object(Illuminate\Http\Request), Object(Illuminate\Contracts\Container\BindingResolutionException))
#18 Z:\laragon\www\Praktikum_SIWEB_WEEK8\vendor\laravel\framework\src\Illuminate\Foundation\Bootstrap\HandleExceptions.php(221): Illuminate\Foundation\Exceptions\Handler->render(Object(Illuminate\Http\Request), Object(Illuminate\Contracts\Container\BindingResolutionException))
#19 Z:\laragon\www\Praktikum_SIWEB_WEEK8\vendor\laravel\framework\src\Illuminate\Foundation\Bootstrap\HandleExceptions.php(198): Illuminate\Foundation\Bootstrap\HandleExceptions->renderHttpResponse(Object(Illuminate\Contracts\Container\BindingResolutionException))
#20 Z:\laragon\www\Praktikum_SIWEB_WEEK8\vendor\laravel\framework\src\Illuminate\Foundation\Bootstrap\HandleExceptions.php(258): Illuminate\Foundation\Bootstrap\HandleExceptions->handleException(Object(Illuminate\Contracts\Container\BindingResolutionException))
#21 [internal function]: Illuminate\Foundation\Bootstrap\HandleExceptions->{closure:Illuminate\Foundation\Bootstrap\HandleExceptions::forwardsTo():257}(Object(Illuminate\Contracts\Container\BindingResolutionException))
#22 {main}

Next Illuminate\Contracts\Container\BindingResolutionException: Target class [view] does not exist. in Z:\laragon\www\Praktikum_SIWEB_WEEK8\vendor\laravel\framework\src\Illuminate\Container\Container.php:1124
Stack trace:
#0 Z:\laragon\www\Praktikum_SIWEB_WEEK8\vendor\laravel\framework\src\Illuminate\Container\Container.php(933): Illuminate\Container\Container->build('view')
#1 Z:\laragon\www\Praktikum_SIWEB_WEEK8\vendor\laravel\framework\src\Illuminate\Foundation\Application.php(1078): Illuminate\Container\Container->resolve('view', Array, true)
#2 Z:\laragon\www\Praktikum_SIWEB_WEEK8\vendor\laravel\framework\src\Illuminate\Container\Container.php(864): Illuminate\Foundation\Application->resolve('view', Array)
#3 Z:\laragon\www\Praktikum_SIWEB_WEEK8\vendor\laravel\framework\src\Illuminate\Foundation\Application.php(1058): Illuminate\Container\Container->make('view', Array)
#4 Z:\laragon\www\Praktikum_SIWEB_WEEK8\vendor\laravel\framework\src\Illuminate\Container\Container.php(1805): Illuminate\Foundation\Application->make('view')
#5 Z:\laragon\www\Praktikum_SIWEB_WEEK8\vendor\laravel\framework\src\Illuminate\Routing\RoutingServiceProvider.php(177): Illuminate\Container\Container->offsetGet('Illuminate\\Cont...')
#6 Z:\laragon\www\Praktikum_SIWEB_WEEK8\vendor\laravel\framework\src\Illuminate\Container\Container.php(1115): Illuminate\Routing\RoutingServiceProvider->{closure:Illuminate\Routing\RoutingServiceProvider::registerResponseFactory():176}(Object(Illuminate\Foundation\Application), Array)
#7 Z:\laragon\www\Praktikum_SIWEB_WEEK8\vendor\laravel\framework\src\Illuminate\Container\Container.php(933): Illuminate\Container\Container->build(Object(Closure))
#8 Z:\laragon\www\Praktikum_SIWEB_WEEK8\vendor\laravel\framework\src\Illuminate\Foundation\Application.php(1078): Illuminate\Container\Container->resolve('Illuminate\\Cont...', Array, true)
#9 Z:\laragon\www\Praktikum_SIWEB_WEEK8\vendor\laravel\framework\src\Illuminate\Container\Container.php(864): Illuminate\Foundation\Application->resolve('Illuminate\\Cont...', Array)
#10 Z:\laragon\www\Praktikum_SIWEB_WEEK8\vendor\laravel\framework\src\Illuminate\Foundation\Application.php(1058): Illuminate\Container\Container->make('Illuminate\\Cont...', Array)
#11 Z:\laragon\www\Praktikum_SIWEB_WEEK8\vendor\laravel\framework\src\Illuminate\Foundation\helpers.php(138): Illuminate\Foundation\Application->make('Illuminate\\Cont...', Array)
#12 Z:\laragon\www\Praktikum_SIWEB_WEEK8\vendor\laravel\framework\src\Illuminate\Foundation\helpers.php(850): app('Illuminate\\Cont...')
#13 Z:\laragon\www\Praktikum_SIWEB_WEEK8\vendor\laravel\framework\src\Illuminate\Foundation\Exceptions\Handler.php(987): response('<!-- Target cla...', 500, Array)
#14 Z:\laragon\www\Praktikum_SIWEB_WEEK8\vendor\laravel\framework\src\Illuminate\Foundation\Exceptions\Handler.php(839): Illuminate\Foundation\Exceptions\Handler->toIlluminateResponse(Object(Symfony\Component\HttpFoundation\Response), Object(Illuminate\Contracts\Container\BindingResolutionException))
#15 Z:\laragon\www\Praktikum_SIWEB_WEEK8\vendor\laravel\framework\src\Illuminate\Foundation\Exceptions\Handler.php(738): Illuminate\Foundation\Exceptions\Handler->prepareResponse(Object(Illuminate\Http\Request), Object(Illuminate\Contracts\Container\BindingResolutionException))
#16 Z:\laragon\www\Praktikum_SIWEB_WEEK8\vendor\laravel\framework\src\Illuminate\Foundation\Exceptions\Handler.php(626): Illuminate\Foundation\Exceptions\Handler->renderExceptionResponse(Object(Illuminate\Http\Request), Object(Illuminate\Contracts\Container\BindingResolutionException))
#17 Z:\laragon\www\Praktikum_SIWEB_WEEK8\vendor\laravel\framework\src\Illuminate\Foundation\Bootstrap\HandleExceptions.php(221): Illuminate\Foundation\Exceptions\Handler->render(Object(Illuminate\Http\Request), Object(Illuminate\Contracts\Container\BindingResolutionException))
#18 Z:\laragon\www\Praktikum_SIWEB_WEEK8\vendor\laravel\framework\src\Illuminate\Foundation\Bootstrap\HandleExceptions.php(198): Illuminate\Foundation\Bootstrap\HandleExceptions->renderHttpResponse(Object(Illuminate\Contracts\Container\BindingResolutionException))
#19 Z:\laragon\www\Praktikum_SIWEB_WEEK8\vendor\laravel\framework\src\Illuminate\Foundation\Bootstrap\HandleExceptions.php(258): Illuminate\Foundation\Bootstrap\HandleExceptions->handleException(Object(Illuminate\Contracts\Container\BindingResolutionException))
#20 [internal function]: Illuminate\Foundation\Bootstrap\HandleExceptions->{closure:Illuminate\Foundation\Bootstrap\HandleExceptions::forwardsTo():257}(Object(Illuminate\Contracts\Container\BindingResolutionException))
#21 {main}
  thrown {"exception":"[object] (Symfony\\Component\\ErrorHandler\\Error\\FatalError(code: 0): Uncaught ReflectionException: Class \"view\" does not exist in Z:\\laragon\\www\\Praktikum_SIWEB_WEEK8\\vendor\\laravel\\framework\\src\\Illuminate\\Container\\Container.php:1122
Stack trace:
#0 Z:\\laragon\\www\\Praktikum_SIWEB_WEEK8\\vendor\\laravel\\framework\\src\\Illuminate\\Container\\Container.php(1122): ReflectionClass->__construct('view')
#1 Z:\\laragon\\www\\Praktikum_SIWEB_WEEK8\\vendor\\laravel\\framework\\src\\Illuminate\\Container\\Container.php(933): Illuminate\\Container\\Container->build('view')
#2 Z:\\laragon\\www\\Praktikum_SIWEB_WEEK8\\vendor\\laravel\\framework\\src\\Illuminate\\Foundation\\Application.php(1078): Illuminate\\Container\\Container->resolve('view', Array, true)
#3 Z:\\laragon\\www\\Praktikum_SIWEB_WEEK8\\vendor\\laravel\\framework\\src\\Illuminate\\Container\\Container.php(864): Illuminate\\Foundation\\Application->resolve('view', Array)
#4 Z:\\laragon\\www\\Praktikum_SIWEB_WEEK8\\vendor\\laravel\\framework\\src\\Illuminate\\Foundation\\Application.php(1058): Illuminate\\Container\\Container->make('view', Array)
#5 Z:\\laragon\\www\\Praktikum_SIWEB_WEEK8\\vendor\\laravel\\framework\\src\\Illuminate\\Container\\Container.php(1805): Illuminate\\Foundation\\Application->make('view')
#6 Z:\\laragon\\www\\Praktikum_SIWEB_WEEK8\\vendor\\laravel\\framework\\src\\Illuminate\\Routing\\RoutingServiceProvider.php(177): Illuminate\\Container\\Container->offsetGet('Illuminate\\\\Cont...')
#7 Z:\\laragon\\www\\Praktikum_SIWEB_WEEK8\\vendor\\laravel\\framework\\src\\Illuminate\\Container\\Container.php(1115): Illuminate\\Routing\\RoutingServiceProvider->{closure:Illuminate\\Routing\\RoutingServiceProvider::registerResponseFactory():176}(Object(Illuminate\\Foundation\\Application), Array)
#8 Z:\\laragon\\www\\Praktikum_SIWEB_WEEK8\\vendor\\laravel\\framework\\src\\Illuminate\\Container\\Container.php(933): Illuminate\\Container\\Container->build(Object(Closure))
#9 Z:\\laragon\\www\\Praktikum_SIWEB_WEEK8\\vendor\\laravel\\framework\\src\\Illuminate\\Foundation\\Application.php(1078): Illuminate\\Container\\Container->resolve('Illuminate\\\\Cont...', Array, true)
#10 Z:\\laragon\\www\\Praktikum_SIWEB_WEEK8\\vendor\\laravel\\framework\\src\\Illuminate\\Container\\Container.php(864): Illuminate\\Foundation\\Application->resolve('Illuminate\\\\Cont...', Array)
#11 Z:\\laragon\\www\\Praktikum_SIWEB_WEEK8\\vendor\\laravel\\framework\\src\\Illuminate\\Foundation\\Application.php(1058): Illuminate\\Container\\Container->make('Illuminate\\\\Cont...', Array)
#12 Z:\\laragon\\www\\Praktikum_SIWEB_WEEK8\\vendor\\laravel\\framework\\src\\Illuminate\\Foundation\\helpers.php(138): Illuminate\\Foundation\\Application->make('Illuminate\\\\Cont...', Array)
#13 Z:\\laragon\\www\\Praktikum_SIWEB_WEEK8\\vendor\\laravel\\framework\\src\\Illuminate\\Foundation\\helpers.php(850): app('Illuminate\\\\Cont...')
#14 Z:\\laragon\\www\\Praktikum_SIWEB_WEEK8\\vendor\\laravel\\framework\\src\\Illuminate\\Foundation\\Exceptions\\Handler.php(987): response('<!-- Target cla...', 500, Array)
#15 Z:\\laragon\\www\\Praktikum_SIWEB_WEEK8\\vendor\\laravel\\framework\\src\\Illuminate\\Foundation\\Exceptions\\Handler.php(839): Illuminate\\Foundation\\Exceptions\\Handler->toIlluminateResponse(Object(Symfony\\Component\\HttpFoundation\\Response), Object(Illuminate\\Contracts\\Container\\BindingResolutionException))
#16 Z:\\laragon\\www\\Praktikum_SIWEB_WEEK8\\vendor\\laravel\\framework\\src\\Illuminate\\Foundation\\Exceptions\\Handler.php(738): Illuminate\\Foundation\\Exceptions\\Handler->prepareResponse(Object(Illuminate\\Http\\Request), Object(Illuminate\\Contracts\\Container\\BindingResolutionException))
#17 Z:\\laragon\\www\\Praktikum_SIWEB_WEEK8\\vendor\\laravel\\framework\\src\\Illuminate\\Foundation\\Exceptions\\Handler.php(626): Illuminate\\Foundation\\Exceptions\\Handler->renderExceptionResponse(Object(Illuminate\\Http\\Request), Object(Illuminate\\Contracts\\Container\\BindingResolutionException))
#18 Z:\\laragon\\www\\Praktikum_SIWEB_WEEK8\\vendor\\laravel\\framework\\src\\Illuminate\\Foundation\\Bootstrap\\HandleExceptions.php(221): Illuminate\\Foundation\\Exceptions\\Handler->render(Object(Illuminate\\Http\\Request), Object(Illuminate\\Contracts\\Container\\BindingResolutionException))
#19 Z:\\laragon\\www\\Praktikum_SIWEB_WEEK8\\vendor\\laravel\\framework\\src\\Illuminate\\Foundation\\Bootstrap\\HandleExceptions.php(198): Illuminate\\Foundation\\Bootstrap\\HandleExceptions->renderHttpResponse(Object(Illuminate\\Contracts\\Container\\BindingResolutionException))
#20 Z:\\laragon\\www\\Praktikum_SIWEB_WEEK8\\vendor\\laravel\\framework\\src\\Illuminate\\Foundation\\Bootstrap\\HandleExceptions.php(258): Illuminate\\Foundation\\Bootstrap\\HandleExceptions->handleException(Object(Illuminate\\Contracts\\Container\\BindingResolutionException))
#21 [internal function]: Illuminate\\Foundation\\Bootstrap\\HandleExceptions->{closure:Illuminate\\Foundation\\Bootstrap\\HandleExceptions::forwardsTo():257}(Object(Illuminate\\Contracts\\Container\\BindingResolutionException))
#22 {main}

Next Illuminate\\Contracts\\Container\\BindingResolutionException: Target class [view] does not exist. in Z:\\laragon\\www\\Praktikum_SIWEB_WEEK8\\vendor\\laravel\\framework\\src\\Illuminate\\Container\\Container.php:1124
Stack trace:
#0 Z:\\laragon\\www\\Praktikum_SIWEB_WEEK8\\vendor\\laravel\\framework\\src\\Illuminate\\Container\\Container.php(933): Illuminate\\Container\\Container->build('view')
#1 Z:\\laragon\\www\\Praktikum_SIWEB_WEEK8\\vendor\\laravel\\framework\\src\\Illuminate\\Foundation\\Application.php(1078): Illuminate\\Container\\Container->resolve('view', Array, true)
#2 Z:\\laragon\\www\\Praktikum_SIWEB_WEEK8\\vendor\\laravel\\framework\\src\\Illuminate\\Container\\Container.php(864): Illuminate\\Foundation\\Application->resolve('view', Array)
#3 Z:\\laragon\\www\\Praktikum_SIWEB_WEEK8\\vendor\\laravel\\framework\\src\\Illuminate\\Foundation\\Application.php(1058): Illuminate\\Container\\Container->make('view', Array)
#4 Z:\\laragon\\www\\Praktikum_SIWEB_WEEK8\\vendor\\laravel\\framework\\src\\Illuminate\\Container\\Container.php(1805): Illuminate\\Foundation\\Application->make('view')
#5 Z:\\laragon\\www\\Praktikum_SIWEB_WEEK8\\vendor\\laravel\\framework\\src\\Illuminate\\Routing\\RoutingServiceProvider.php(177): Illuminate\\Container\\Container->offsetGet('Illuminate\\\\Cont...')
#6 Z:\\laragon\\www\\Praktikum_SIWEB_WEEK8\\vendor\\laravel\\framework\\src\\Illuminate\\Container\\Container.php(1115): Illuminate\\Routing\\RoutingServiceProvider->{closure:Illuminate\\Routing\\RoutingServiceProvider::registerResponseFactory():176}(Object(Illuminate\\Foundation\\Application), Array)
#7 Z:\\laragon\\www\\Praktikum_SIWEB_WEEK8\\vendor\\laravel\\framework\\src\\Illuminate\\Container\\Container.php(933): Illuminate\\Container\\Container->build(Object(Closure))
#8 Z:\\laragon\\www\\Praktikum_SIWEB_WEEK8\\vendor\\laravel\\framework\\src\\Illuminate\\Foundation\\Application.php(1078): Illuminate\\Container\\Container->resolve('Illuminate\\\\Cont...', Array, true)
#9 Z:\\laragon\\www\\Praktikum_SIWEB_WEEK8\\vendor\\laravel\\framework\\src\\Illuminate\\Container\\Container.php(864): Illuminate\\Foundation\\Application->resolve('Illuminate\\\\Cont...', Array)
#10 Z:\\laragon\\www\\Praktikum_SIWEB_WEEK8\\vendor\\laravel\\framework\\src\\Illuminate\\Foundation\\Application.php(1058): Illuminate\\Container\\Container->make('Illuminate\\\\Cont...', Array)
#11 Z:\\laragon\\www\\Praktikum_SIWEB_WEEK8\\vendor\\laravel\\framework\\src\\Illuminate\\Foundation\\helpers.php(138): Illuminate\\Foundation\\Application->make('Illuminate\\\\Cont...', Array)
#12 Z:\\laragon\\www\\Praktikum_SIWEB_WEEK8\\vendor\\laravel\\framework\\src\\Illuminate\\Foundation\\helpers.php(850): app('Illuminate\\\\Cont...')
#13 Z:\\laragon\\www\\Praktikum_SIWEB_WEEK8\\vendor\\laravel\\framework\\src\\Illuminate\\Foundation\\Exceptions\\Handler.php(987): response('<!-- Target cla...', 500, Array)
#14 Z:\\laragon\\www\\Praktikum_SIWEB_WEEK8\\vendor\\laravel\\framework\\src\\Illuminate\\Foundation\\Exceptions\\Handler.php(839): Illuminate\\Foundation\\Exceptions\\Handler->toIlluminateResponse(Object(Symfony\\Component\\HttpFoundation\\Response), Object(Illuminate\\Contracts\\Container\\BindingResolutionException))
#15 Z:\\laragon\\www\\Praktikum_SIWEB_WEEK8\\vendor\\laravel\\framework\\src\\Illuminate\\Foundation\\Exceptions\\Handler.php(738): Illuminate\\Foundation\\Exceptions\\Handler->prepareResponse(Object(Illuminate\\Http\\Request), Object(Illuminate\\Contracts\\Container\\BindingResolutionException))
#16 Z:\\laragon\\www\\Praktikum_SIWEB_WEEK8\\vendor\\laravel\\framework\\src\\Illuminate\\Foundation\\Exceptions\\Handler.php(626): Illuminate\\Foundation\\Exceptions\\Handler->renderExceptionResponse(Object(Illuminate\\Http\\Request), Object(Illuminate\\Contracts\\Container\\BindingResolutionException))
#17 Z:\\laragon\\www\\Praktikum_SIWEB_WEEK8\\vendor\\laravel\\framework\\src\\Illuminate\\Foundation\\Bootstrap\\HandleExceptions.php(221): Illuminate\\Foundation\\Exceptions\\Handler->render(Object(Illuminate\\Http\\Request), Object(Illuminate\\Contracts\\Container\\BindingResolutionException))
#18 Z:\\laragon\\www\\Praktikum_SIWEB_WEEK8\\vendor\\laravel\\framework\\src\\Illuminate\\Foundation\\Bootstrap\\HandleExceptions.php(198): Illuminate\\Foundation\\Bootstrap\\HandleExceptions->renderHttpResponse(Object(Illuminate\\Contracts\\Container\\BindingResolutionException))
#19 Z:\\laragon\\www\\Praktikum_SIWEB_WEEK8\\vendor\\laravel\\framework\\src\\Illuminate\\Foundation\\Bootstrap\\HandleExceptions.php(258): Illuminate\\Foundation\\Bootstrap\\HandleExceptions->handleException(Object(Illuminate\\Contracts\\Container\\BindingResolutionException))
#20 [internal function]: Illuminate\\Foundation\\Bootstrap\\HandleExceptions->{closure:Illuminate\\Foundation\\Bootstrap\\HandleExceptions::forwardsTo():257}(Object(Illuminate\\Contracts\\Container\\BindingResolutionException))
#21 {main}
  thrown at Z:/laragon/www/Praktikum_SIWEB_WEEK8/vendor/laravel/framework/src/Illuminate/Container/Container.php:1124)
[stacktrace]
#0 {main}
"} 
[2026-05-13 08:23:14] local.ERROR: __VSCODE_LARAVEL_STARTUP_ERROR__: rename(Z:\laragon\www\Praktikum_SIWEB_WEEK8\bootstrap\cache\serB7F.tmp,Z:\laragon\www\Praktikum_SIWEB_WEEK8\bootstrap\cache\services.php): Access is denied (code: 5) {"exception":"[object] (Error(code: 0): __VSCODE_LARAVEL_STARTUP_ERROR__: rename(Z:\\laragon\\www\\Praktikum_SIWEB_WEEK8\\bootstrap\\cache\\serB7F.tmp,Z:\\laragon\\www\\Praktikum_SIWEB_WEEK8\\bootstrap\\cache\\services.php): Access is denied (code: 5) at Z:/laragon/www/Praktikum_SIWEB_WEEK8/vendor/_laravel_ide/discover-6d96201ad95cad12367117063c707ebf.php:33)
[stacktrace]
#0 Z:/laragon/www/Praktikum_SIWEB_WEEK8/vendor/_laravel_ide/discover-6d96201ad95cad12367117063c707ebf.php(62): LaravelVsCode::startupError(Object(ErrorException))
#1 {main}
"} 
[2026-05-13 09:16:56] local.ERROR: Google social login error {"message":""} 
[2026-05-13 09:17:13] local.ERROR: SQLSTATE[42S22]: Column not found: 1054 Unknown column 'google_id' in 'field list' (Connection: mysql, Host: 127.0.0.1, Port: 3306, Database: testw8, SQL: insert into `users` (`email`, `name`, `google_id`, `password`, `updated_at`, `created_at`) values (alifibakhsi89@gmail.com, Alifi A.B, 110389624144303694483, $2y$12$/fYJsngwxW67e56Bdmjm0ebjKN0Rbp9mccKtWjJ78/cdi0RDhRTxe, 2026-05-13 09:17:13, 2026-05-13 09:17:13)) {"exception":"[object] (Illuminate\\Database\\QueryException(code: 42S22): SQLSTATE[42S22]: Column not found: 1054 Unknown column 'google_id' in 'field list' (Connection: mysql, Host: 127.0.0.1, Port: 3306, Database: testw8, SQL: insert into `users` (`email`, `name`, `google_id`, `password`, `updated_at`, `created_at`) values (alifibakhsi89@gmail.com, Alifi A.B, 110389624144303694483, $2y$12$/fYJsngwxW67e56Bdmjm0ebjKN0Rbp9mccKtWjJ78/cdi0RDhRTxe, 2026-05-13 09:17:13, 2026-05-13 09:17:13)) at Z:/laragon/www/Praktikum_SIWEB_WEEK8/vendor/laravel/framework/src/Illuminate/Database/Connection.php:838)
[stacktrace]
#0 Z:/laragon/www/Praktikum_SIWEB_WEEK8/vendor/laravel/framework/src/Illuminate/Database/Connection.php(794): Illuminate/Database/Connection->runQueryCallback('insert into `us...', Array, Object(Closure))
#1 Z:/laragon/www/Praktikum_SIWEB_WEEK8/vendor/laravel/framework/src/Illuminate/Database/MySqlConnection.php(42): Illuminate/Database/Connection->run('insert into `us...', Array, Object(Closure))
#2 Z:/laragon/www/Praktikum_SIWEB_WEEK8/vendor/laravel/framework/src/Illuminate/Database/Query/Processors/MySqlProcessor.php(35): Illuminate/Database/MySqlConnection->insert('insert into `us...', Array, 'id')
#3 Z:/laragon/www/Praktikum_SIWEB_WEEK8/vendor/laravel/framework/src/Illuminate/Database/Query/Builder.php(4140): Illuminate/Database/Query/Processors/MySqlProcessor->processInsertGetId(Object(Illuminate/Database/Query/Builder), 'insert into `us...', Array, 'id')
#4 Z:/laragon/www/Praktikum_SIWEB_WEEK8/vendor/laravel/framework/src/Illuminate/Database/Eloquent/Builder.php(2235): Illuminate/Database/Query/Builder->insertGetId(Array, 'id')
#5 Z:/laragon/www/Praktikum_SIWEB_WEEK8/vendor/laravel/framework/src/Illuminate/Database/Eloquent/Model.php(1436): Illuminate/Database/Eloquent/Builder->__call('insertGetId', Array)
#6 Z:/laragon/www/Praktikum_SIWEB_WEEK8/vendor/laravel/framework/src/Illuminate/Database/Eloquent/Model.php(1401): Illuminate/Database/Eloquent/Model->insertAndSetId(Object(Illuminate/Database/Eloquent/Builder), Array)
#7 Z:/laragon/www/Praktikum_SIWEB_WEEK8/vendor/laravel/framework/src/Illuminate/Database/Eloquent/Model.php(1240): Illuminate/Database/Eloquent/Model->performInsert(Object(Illuminate/Database/Eloquent/Builder))
#8 Z:/laragon/www/Praktikum_SIWEB_WEEK8/vendor/laravel/framework/src/Illuminate/Database/Eloquent/Builder.php(1219): Illuminate/Database/Eloquent/Model->save()
#9 Z:/laragon/www/Praktikum_SIWEB_WEEK8/vendor/laravel/framework/src/Illuminate/Support/helpers.php(388): Illuminate/Database/Eloquent/Builder->{closure:Illuminate/Database/Eloquent/Builder::create():1218}(Object(App/Models/User))
#10 Z:/laragon/www/Praktikum_SIWEB_WEEK8/vendor/laravel/framework/src/Illuminate/Database/Eloquent/Builder.php(1218): tap(Object(App/Models/User), Object(Closure))
#11 Z:/laragon/www/Praktikum_SIWEB_WEEK8/vendor/laravel/framework/src/Illuminate/Database/Eloquent/Builder.php(725): Illuminate/Database/Eloquent/Builder->create(Array)
#12 Z:/laragon/www/Praktikum_SIWEB_WEEK8/vendor/laravel/framework/src/Illuminate/Database/Eloquent/Builder.php(1959): Illuminate/Database/Eloquent/Builder->{closure:Illuminate/Database/Eloquent/Builder::createOrFirst():725}()
#13 Z:/laragon/www/Praktikum_SIWEB_WEEK8/vendor/laravel/framework/src/Illuminate/Database/Eloquent/Builder.php(725): Illuminate/Database/Eloquent/Builder->withSavepointIfNeeded(Object(Closure))
#14 Z:/laragon/www/Praktikum_SIWEB_WEEK8/vendor/laravel/framework/src/Illuminate/Database/Eloquent/Builder.php(712): Illuminate/Database/Eloquent/Builder->createOrFirst(Array, Array)
#15 Z:/laragon/www/Praktikum_SIWEB_WEEK8/vendor/laravel/framework/src/Illuminate/Database/Eloquent/Builder.php(740): Illuminate/Database/Eloquent/Builder->firstOrCreate(Array, Array)
#16 Z:/laragon/www/Praktikum_SIWEB_WEEK8/vendor/laravel/framework/src/Illuminate/Support/Traits/ForwardsCalls.php(23): Illuminate/Database/Eloquent/Builder->updateOrCreate(Array, Array)
#17 Z:/laragon/www/Praktikum_SIWEB_WEEK8/vendor/laravel/framework/src/Illuminate/Database/Eloquent/Model.php(2540): Illuminate/Database/Eloquent/Model->forwardCallTo(Object(Illuminate/Database/Eloquent/Builder), 'updateOrCreate', Array)
#18 Z:/laragon/www/Praktikum_SIWEB_WEEK8/vendor/laravel/framework/src/Illuminate/Database/Eloquent/Model.php(2556): Illuminate/Database/Eloquent/Model->__call('updateOrCreate', Array)
#19 Z:/laragon/www/Praktikum_SIWEB_WEEK8/app/Http/Controllers/Auth/GoogleAuthController.php(31): Illuminate/Database/Eloquent/Model::__callStatic('updateOrCreate', Array)
#20 Z:/laragon/www/Praktikum_SIWEB_WEEK8/vendor/laravel/framework/src/Illuminate/Routing/ControllerDispatcher.php(46): App/Http/Controllers/Auth/GoogleAuthController->callback()
#21 Z:/laragon/www/Praktikum_SIWEB_WEEK8/vendor/laravel/framework/src/Illuminate/Routing/Route.php(265): Illuminate/Routing/ControllerDispatcher->dispatch(Object(Illuminate/Routing/Route), Object(App/Http/Controllers/Auth/GoogleAuthController), 'callback')
#22 Z:/laragon/www/Praktikum_SIWEB_WEEK8/vendor/laravel/framework/src/Illuminate/Routing/Route.php(211): Illuminate/Routing/Route->runController()
#23 Z:/laragon/www/Praktikum_SIWEB_WEEK8/vendor/laravel/framework/src/Illuminate/Routing/Router.php(822): Illuminate/Routing/Route->run()
#24 Z:/laragon/www/Praktikum_SIWEB_WEEK8/vendor/laravel/framework/src/Illuminate/Pipeline/Pipeline.php(180): Illuminate/Routing/Router->{closure:Illuminate/Routing/Router::runRouteWithinStack():821}(Object(Illuminate/Http/Request))
#25 Z:/laragon/www/Praktikum_SIWEB_WEEK8/vendor/laravel/framework/src/Illuminate/Routing/Middleware/SubstituteBindings.php(50): Illuminate/Pipeline/Pipeline->{closure:Illuminate/Pipeline/Pipeline::prepareDestination():178}(Object(Illuminate/Http/Request))
#26 Z:/laragon/www/Praktikum_SIWEB_WEEK8/vendor/laravel/framework/src/Illuminate/Pipeline/Pipeline.php(219): Illuminate/Routing/Middleware/SubstituteBindings->handle(Object(Illuminate/Http/Request), Object(Closure))
#27 Z:/laragon/www/Praktikum_SIWEB_WEEK8/vendor/laravel/framework/src/Illuminate/Foundation/Http/Middleware/VerifyCsrfToken.php(87): Illuminate/Pipeline/Pipeline->{closure:{closure:Illuminate/Pipeline/Pipeline::carry():194}:195}(Object(Illuminate/Http/Request))
#28 Z:/laragon/www/Praktikum_SIWEB_WEEK8/vendor/laravel/framework/src/Illuminate/Pipeline/Pipeline.php(219): Illuminate/Foundation/Http/Middleware/VerifyCsrfToken->handle(Object(Illuminate/Http/Request), Object(Closure))
#29 Z:/laragon/www/Praktikum_SIWEB_WEEK8/vendor/laravel/framework/src/Illuminate/View/Middleware/ShareErrorsFromSession.php(48): Illuminate/Pipeline/Pipeline->{closure:{closure:Illuminate/Pipeline/Pipeline::carry():194}:195}(Object(Illuminate/Http/Request))
#30 Z:/laragon/www/Praktikum_SIWEB_WEEK8/vendor/laravel/framework/src/Illuminate/Pipeline/Pipeline.php(219): Illuminate/View/Middleware/ShareErrorsFromSession->handle(Object(Illuminate/Http/Request), Object(Closure))
#31 Z:/laragon/www/Praktikum_SIWEB_WEEK8/vendor/laravel/framework/src/Illuminate/Session/Middleware/StartSession.php(120): Illuminate/Pipeline/Pipeline->{closure:{closure:Illuminate/Pipeline/Pipeline::carry():194}:195}(Object(Illuminate/Http/Request))
#32 Z:/laragon/www/Praktikum_SIWEB_WEEK8/vendor/laravel/framework/src/Illuminate/Session/Middleware/StartSession.php(63): Illuminate/Session/Middleware/StartSession->handleStatefulRequest(Object(Illuminate/Http/Request), Object(Illuminate/Session/Store), Object(Closure))
#33 Z:/laragon/www/Praktikum_SIWEB_WEEK8/vendor/laravel/framework/src/Illuminate/Pipeline/Pipeline.php(219): Illuminate/Session/Middleware/StartSession->handle(Object(Illuminate/Http/Request), Object(Closure))
#34 Z:/laragon/www/Praktikum_SIWEB_WEEK8/vendor/laravel/framework/src/Illuminate/Cookie/Middleware/AddQueuedCookiesToResponse.php(36): Illuminate/Pipeline/Pipeline->{closure:{closure:Illuminate/Pipeline/Pipeline::carry():194}:195}(Object(Illuminate/Http/Request))
#35 Z:/laragon/www/Praktikum_SIWEB_WEEK8/vendor/laravel/framework/src/Illuminate/Pipeline/Pipeline.php(219): Illuminate/Cookie/Middleware/AddQueuedCookiesToResponse->handle(Object(Illuminate/Http/Request), Object(Closure))
#36 Z:/laragon/www/Praktikum_SIWEB_WEEK8/vendor/laravel/framework/src/Illuminate/Cookie/Middleware/EncryptCookies.php(74): Illuminate/Pipeline/Pipeline->{closure:{closure:Illuminate/Pipeline/Pipeline::carry():194}:195}(Object(Illuminate/Http/Request))
#37 Z:/laragon/www/Praktikum_SIWEB_WEEK8/vendor/laravel/framework/src/Illuminate/Pipeline/Pipeline.php(219): Illuminate/Cookie/Middleware/EncryptCookies->handle(Object(Illuminate/Http/Request), Object(Closure))
#38 Z:/laragon/www/Praktikum_SIWEB_WEEK8/vendor/laravel/framework/src/Illuminate/Pipeline/Pipeline.php(137): Illuminate/Pipeline/Pipeline->{closure:{closure:Illuminate/Pipeline/Pipeline::carry():194}:195}(Object(Illuminate/Http/Request))
#39 Z:/laragon/www/Praktikum_SIWEB_WEEK8/vendor/laravel/framework/src/Illuminate/Routing/Router.php(821): Illuminate/Pipeline/Pipeline->then(Object(Closure))
#40 Z:/laragon/www/Praktikum_SIWEB_WEEK8/vendor/laravel/framework/src/Illuminate/Routing/Router.php(800): Illuminate/Routing/Router->runRouteWithinStack(Object(Illuminate/Routing/Route), Object(Illuminate/Http/Request))
#41 Z:/laragon/www/Praktikum_SIWEB_WEEK8/vendor/laravel/framework/src/Illuminate/Routing/Router.php(764): Illuminate/Routing/Router->runRoute(Object(Illuminate/Http/Request), Object(Illuminate/Routing/Route))
#42 Z:/laragon/www/Praktikum_SIWEB_WEEK8/vendor/laravel/framework/src/Illuminate/Routing/Router.php(753): Illuminate/Routing/Router->dispatchToRoute(Object(Illuminate/Http/Request))
#43 Z:/laragon/www/Praktikum_SIWEB_WEEK8/vendor/laravel/framework/src/Illuminate/Foundation/Http/Kernel.php(200): Illuminate/Routing/Router->dispatch(Object(Illuminate/Http/Request))
#44 Z:/laragon/www/Praktikum_SIWEB_WEEK8/vendor/laravel/framework/src/Illuminate/Pipeline/Pipeline.php(180): Illuminate/Foundation/Http/Kernel->{closure:Illuminate/Foundation/Http/Kernel::dispatchToRouter():197}(Object(Illuminate/Http/Request))
#45 Z:/laragon/www/Praktikum_SIWEB_WEEK8/vendor/laravel/framework/src/Illuminate/Foundation/Http/Middleware/TransformsRequest.php(21): Illuminate/Pipeline/Pipeline->{closure:Illuminate/Pipeline/Pipeline::prepareDestination():178}(Object(Illuminate/Http/Request))
#46 Z:/laragon/www/Praktikum_SIWEB_WEEK8/vendor/laravel/framework/src/Illuminate/Foundation/Http/Middleware/ConvertEmptyStringsToNull.php(31): Illuminate/Foundation/Http/Middleware/TransformsRequest->handle(Object(Illuminate/Http/Request), Object(Closure))
#47 Z:/laragon/www/Praktikum_SIWEB_WEEK8/vendor/laravel/framework/src/Illuminate/Pipeline/Pipeline.php(219): Illuminate/Foundation/Http/Middleware/ConvertEmptyStringsToNull->handle(Object(Illuminate/Http/Request), Object(Closure))
#48 Z:/laragon/www/Praktikum_SIWEB_WEEK8/vendor/laravel/framework/src/Illuminate/Foundation/Http/Middleware/TransformsRequest.php(21): Illuminate/Pipeline/Pipeline->{closure:{closure:Illuminate/Pipeline/Pipeline::carry():194}:195}(Object(Illuminate/Http/Request))
#49 Z:/laragon/www/Praktikum_SIWEB_WEEK8/vendor/laravel/framework/src/Illuminate/Foundation/Http/Middleware/TrimStrings.php(51): Illuminate/Foundation/Http/Middleware/TransformsRequest->handle(Object(Illuminate/Http/Request), Object(Closure))
#50 Z:/laragon/www/Praktikum_SIWEB_WEEK8/vendor/laravel/framework/src/Illuminate/Pipeline/Pipeline.php(219): Illuminate/Foundation/Http/Middleware/TrimStrings->handle(Object(Illuminate/Http/Request), Object(Closure))
#51 Z:/laragon/www/Praktikum_SIWEB_WEEK8/vendor/laravel/framework/src/Illuminate/Http/Middleware/ValidatePostSize.php(27): Illuminate/Pipeline/Pipeline->{closure:{closure:Illuminate/Pipeline/Pipeline::carry():194}:195}(Object(Illuminate/Http/Request))
#52 Z:/laragon/www/Praktikum_SIWEB_WEEK8/vendor/laravel/framework/src/Illuminate/Pipeline/Pipeline.php(219): Illuminate/Http/Middleware/ValidatePostSize->handle(Object(Illuminate/Http/Request), Object(Closure))
#53 Z:/laragon/www/Praktikum_SIWEB_WEEK8/vendor/laravel/framework/src/Illuminate/Foundation/Http/Middleware/PreventRequestsDuringMaintenance.php(109): Illuminate/Pipeline/Pipeline->{closure:{closure:Illuminate/Pipeline/Pipeline::carry():194}:195}(Object(Illuminate/Http/Request))
#54 Z:/laragon/www/Praktikum_SIWEB_WEEK8/vendor/laravel/framework/src/Illuminate/Pipeline/Pipeline.php(219): Illuminate/Foundation/Http/Middleware/PreventRequestsDuringMaintenance->handle(Object(Illuminate/Http/Request), Object(Closure))
#55 Z:/laragon/www/Praktikum_SIWEB_WEEK8/vendor/laravel/framework/src/Illuminate/Http/Middleware/HandleCors.php(61): Illuminate/Pipeline/Pipeline->{closure:{closure:Illuminate/Pipeline/Pipeline::carry():194}:195}(Object(Illuminate/Http/Request))
#56 Z:/laragon/www/Praktikum_SIWEB_WEEK8/vendor/laravel/framework/src/Illuminate/Pipeline/Pipeline.php(219): Illuminate/Http/Middleware/HandleCors->handle(Object(Illuminate/Http/Request), Object(Closure))
#57 Z:/laragon/www/Praktikum_SIWEB_WEEK8/vendor/laravel/framework/src/Illuminate/Http/Middleware/TrustProxies.php(58): Illuminate/Pipeline/Pipeline->{closure:{closure:Illuminate/Pipeline/Pipeline::carry():194}:195}(Object(Illuminate/Http/Request))
#58 Z:/laragon/www/Praktikum_SIWEB_WEEK8/vendor/laravel/framework/src/Illuminate/Pipeline/Pipeline.php(219): Illuminate/Http/Middleware/TrustProxies->handle(Object(Illuminate/Http/Request), Object(Closure))
#59 Z:/laragon/www/Praktikum_SIWEB_WEEK8/vendor/laravel/framework/src/Illuminate/Foundation/Http/Middleware/InvokeDeferredCallbacks.php(22): Illuminate/Pipeline/Pipeline->{closure:{closure:Illuminate/Pipeline/Pipeline::carry():194}:195}(Object(Illuminate/Http/Request))
#60 Z:/laragon/www/Praktikum_SIWEB_WEEK8/vendor/laravel/framework/src/Illuminate/Pipeline/Pipeline.php(219): Illuminate/Foundation/Http/Middleware/InvokeDeferredCallbacks->handle(Object(Illuminate/Http/Request), Object(Closure))
#61 Z:/laragon/www/Praktikum_SIWEB_WEEK8/vendor/laravel/framework/src/Illuminate/Http/Middleware/ValidatePathEncoding.php(26): Illuminate/Pipeline/Pipeline->{closure:{closure:Illuminate/Pipeline/Pipeline::carry():194}:195}(Object(Illuminate/Http/Request))
#62 Z:/laragon/www/Praktikum_SIWEB_WEEK8/vendor/laravel/framework/src/Illuminate/Pipeline/Pipeline.php(219): Illuminate/Http/Middleware/ValidatePathEncoding->handle(Object(Illuminate/Http/Request), Object(Closure))
#63 Z:/laragon/www/Praktikum_SIWEB_WEEK8/vendor/laravel/framework/src/Illuminate/Pipeline/Pipeline.php(137): Illuminate/Pipeline/Pipeline->{closure:{closure:Illuminate/Pipeline/Pipeline::carry():194}:195}(Object(Illuminate/Http/Request))
#64 Z:/laragon/www/Praktikum_SIWEB_WEEK8/vendor/laravel/framework/src/Illuminate/Foundation/Http/Kernel.php(175): Illuminate/Pipeline/Pipeline->then(Object(Closure))
#65 Z:/laragon/www/Praktikum_SIWEB_WEEK8/vendor/laravel/framework/src/Illuminate/Foundation/Http/Kernel.php(144): Illuminate/Foundation/Http/Kernel->sendRequestThroughRouter(Object(Illuminate/Http/Request))
#66 Z:/laragon/www/Praktikum_SIWEB_WEEK8/vendor/laravel/framework/src/Illuminate/Foundation/Application.php(1220): Illuminate/Foundation/Http/Kernel->handle(Object(Illuminate/Http/Request))
#67 Z:/laragon/www/Praktikum_SIWEB_WEEK8/public/index.php(20): Illuminate/Foundation/Application->handleRequest(Object(Illuminate/Http/Request))
#68 Z:/laragon/www/Praktikum_SIWEB_WEEK8/vendor/laravel/framework/src/Illuminate/Foundation/resources/server.php(23): require_once('Z://laragon//www//...')
#69 {main}

[previous exception] [object] (PDOException(code: 42S22): SQLSTATE[42S22]: Column not found: 1054 Unknown column 'google_id' in 'field list' at Z:/laragon/www/Praktikum_SIWEB_WEEK8/vendor/laravel/framework/src/Illuminate/Database/MySqlConnection.php:47)
[stacktrace]
#0 Z:/laragon/www/Praktikum_SIWEB_WEEK8/vendor/laravel/framework/src/Illuminate/Database/MySqlConnection.php(47): PDO->prepare('insert into `us...')
#1 Z:/laragon/www/Praktikum_SIWEB_WEEK8/vendor/laravel/framework/src/Illuminate/Database/Connection.php(827): Illuminate/Database/MySqlConnection->{closure:Illuminate/Database/MySqlConnection::insert():42}('insert into `us...', Array)
#2 Z:/laragon/www/Praktikum_SIWEB_WEEK8/vendor/laravel/framework/src/Illuminate/Database/Connection.php(794): Illuminate/Database/Connection->runQueryCallback('insert into `us...', Array, Object(Closure))
#3 Z:/laragon/www/Praktikum_SIWEB_WEEK8/vendor/laravel/framework/src/Illuminate/Database/MySqlConnection.php(42): Illuminate/Database/Connection->run('insert into `us...', Array, Object(Closure))
#4 Z:/laragon/www/Praktikum_SIWEB_WEEK8/vendor/laravel/framework/src/Illuminate/Database/Query/Processors/MySqlProcessor.php(35): Illuminate/Database/MySqlConnection->insert('insert into `us...', Array, 'id')
#5 Z:/laragon/www/Praktikum_SIWEB_WEEK8/vendor/laravel/framework/src/Illuminate/Database/Query/Builder.php(4140): Illuminate/Database/Query/Processors/MySqlProcessor->processInsertGetId(Object(Illuminate/Database/Query/Builder), 'insert into `us...', Array, 'id')
#6 Z:/laragon/www/Praktikum_SIWEB_WEEK8/vendor/laravel/framework/src/Illuminate/Database/Eloquent/Builder.php(2235): Illuminate/Database/Query/Builder->insertGetId(Array, 'id')
#7 Z:/laragon/www/Praktikum_SIWEB_WEEK8/vendor/laravel/framework/src/Illuminate/Database/Eloquent/Model.php(1436): Illuminate/Database/Eloquent/Builder->__call('insertGetId', Array)
#8 Z:/laragon/www/Praktikum_SIWEB_WEEK8/vendor/laravel/framework/src/Illuminate/Database/Eloquent/Model.php(1401): Illuminate/Database/Eloquent/Model->insertAndSetId(Object(Illuminate/Database/Eloquent/Builder), Array)
#9 Z:/laragon/www/Praktikum_SIWEB_WEEK8/vendor/laravel/framework/src/Illuminate/Database/Eloquent/Model.php(1240): Illuminate/Database/Eloquent/Model->performInsert(Object(Illuminate/Database/Eloquent/Builder))
#10 Z:/laragon/www/Praktikum_SIWEB_WEEK8/vendor/laravel/framework/src/Illuminate/Database/Eloquent/Builder.php(1219): Illuminate/Database/Eloquent/Model->save()
#11 Z:/laragon/www/Praktikum_SIWEB_WEEK8/vendor/laravel/framework/src/Illuminate/Support/helpers.php(388): Illuminate/Database/Eloquent/Builder->{closure:Illuminate/Database/Eloquent/Builder::create():1218}(Object(App/Models/User))
#12 Z:/laragon/www/Praktikum_SIWEB_WEEK8/vendor/laravel/framework/src/Illuminate/Database/Eloquent/Builder.php(1218): tap(Object(App/Models/User), Object(Closure))
#13 Z:/laragon/www/Praktikum_SIWEB_WEEK8/vendor/laravel/framework/src/Illuminate/Database/Eloquent/Builder.php(725): Illuminate/Database/Eloquent/Builder->create(Array)
#14 Z:/laragon/www/Praktikum_SIWEB_WEEK8/vendor/laravel/framework/src/Illuminate/Database/Eloquent/Builder.php(1959): Illuminate/Database/Eloquent/Builder->{closure:Illuminate/Database/Eloquent/Builder::createOrFirst():725}()
#15 Z:/laragon/www/Praktikum_SIWEB_WEEK8/vendor/laravel/framework/src/Illuminate/Database/Eloquent/Builder.php(725): Illuminate/Database/Eloquent/Builder->withSavepointIfNeeded(Object(Closure))
#16 Z:/laragon/www/Praktikum_SIWEB_WEEK8/vendor/laravel/framework/src/Illuminate/Database/Eloquent/Builder.php(712): Illuminate/Database/Eloquent/Builder->createOrFirst(Array, Array)
#17 Z:/laragon/www/Praktikum_SIWEB_WEEK8/vendor/laravel/framework/src/Illuminate/Database/Eloquent/Builder.php(740): Illuminate/Database/Eloquent/Builder->firstOrCreate(Array, Array)
#18 Z:/laragon/www/Praktikum_SIWEB_WEEK8/vendor/laravel/framework/src/Illuminate/Support/Traits/ForwardsCalls.php(23): Illuminate/Database/Eloquent/Builder->updateOrCreate(Array, Array)
#19 Z:/laragon/www/Praktikum_SIWEB_WEEK8/vendor/laravel/framework/src/Illuminate/Database/Eloquent/Model.php(2540): Illuminate/Database/Eloquent/Model->forwardCallTo(Object(Illuminate/Database/Eloquent/Builder), 'updateOrCreate', Array)
#20 Z:/laragon/www/Praktikum_SIWEB_WEEK8/vendor/laravel/framework/src/Illuminate/Database/Eloquent/Model.php(2556): Illuminate/Database/Eloquent/Model->__call('updateOrCreate', Array)
#21 Z:/laragon/www/Praktikum_SIWEB_WEEK8/app/Http/Controllers/Auth/GoogleAuthController.php(31): Illuminate/Database/Eloquent/Model::__callStatic('updateOrCreate', Array)
#22 Z:/laragon/www/Praktikum_SIWEB_WEEK8/vendor/laravel/framework/src/Illuminate/Routing/ControllerDispatcher.php(46): App/Http/Controllers/Auth/GoogleAuthController->callback()
#23 Z:/laragon/www/Praktikum_SIWEB_WEEK8/vendor/laravel/framework/src/Illuminate/Routing/Route.php(265): Illuminate/Routing/ControllerDispatcher->dispatch(Object(Illuminate/Routing/Route), Object(App/Http/Controllers/Auth/GoogleAuthController), 'callback')
#24 Z:/laragon/www/Praktikum_SIWEB_WEEK8/vendor/laravel/framework/src/Illuminate/Routing/Route.php(211): Illuminate/Routing/Route->runController()
#25 Z:/laragon/www/Praktikum_SIWEB_WEEK8/vendor/laravel/framework/src/Illuminate/Routing/Router.php(822): Illuminate/Routing/Route->run()
#26 Z:/laragon/www/Praktikum_SIWEB_WEEK8/vendor/laravel/framework/src/Illuminate/Pipeline/Pipeline.php(180): Illuminate/Routing/Router->{closure:Illuminate/Routing/Router::runRouteWithinStack():821}(Object(Illuminate/Http/Request))
#27 Z:/laragon/www/Praktikum_SIWEB_WEEK8/vendor/laravel/framework/src/Illuminate/Routing/Middleware/SubstituteBindings.php(50): Illuminate/Pipeline/Pipeline->{closure:Illuminate/Pipeline/Pipeline::prepareDestination():178}(Object(Illuminate/Http/Request))
#28 Z:/laragon/www/Praktikum_SIWEB_WEEK8/vendor/laravel/framework/src/Illuminate/Pipeline/Pipeline.php(219): Illuminate/Routing/Middleware/SubstituteBindings->handle(Object(Illuminate/Http/Request), Object(Closure))
#29 Z:/laragon/www/Praktikum_SIWEB_WEEK8/vendor/laravel/framework/src/Illuminate/Foundation/Http/Middleware/VerifyCsrfToken.php(87): Illuminate/Pipeline/Pipeline->{closure:{closure:Illuminate/Pipeline/Pipeline::carry():194}:195}(Object(Illuminate/Http/Request))
#30 Z:/laragon/www/Praktikum_SIWEB_WEEK8/vendor/laravel/framework/src/Illuminate/Pipeline/Pipeline.php(219): Illuminate/Foundation/Http/Middleware/VerifyCsrfToken->handle(Object(Illuminate/Http/Request), Object(Closure))
#31 Z:/laragon/www/Praktikum_SIWEB_WEEK8/vendor/laravel/framework/src/Illuminate/View/Middleware/ShareErrorsFromSession.php(48): Illuminate/Pipeline/Pipeline->{closure:{closure:Illuminate/Pipeline/Pipeline::carry():194}:195}(Object(Illuminate/Http/Request))
#32 Z:/laragon/www/Praktikum_SIWEB_WEEK8/vendor/laravel/framework/src/Illuminate/Pipeline/Pipeline.php(219): Illuminate/View/Middleware/ShareErrorsFromSession->handle(Object(Illuminate/Http/Request), Object(Closure))
#33 Z:/laragon/www/Praktikum_SIWEB_WEEK8/vendor/laravel/framework/src/Illuminate/Session/Middleware/StartSession.php(120): Illuminate/Pipeline/Pipeline->{closure:{closure:Illuminate/Pipeline/Pipeline::carry():194}:195}(Object(Illuminate/Http/Request))
#34 Z:/laragon/www/Praktikum_SIWEB_WEEK8/vendor/laravel/framework/src/Illuminate/Session/Middleware/StartSession.php(63): Illuminate/Session/Middleware/StartSession->handleStatefulRequest(Object(Illuminate/Http/Request), Object(Illuminate/Session/Store), Object(Closure))
#35 Z:/laragon/www/Praktikum_SIWEB_WEEK8/vendor/laravel/framework/src/Illuminate/Pipeline/Pipeline.php(219): Illuminate/Session/Middleware/StartSession->handle(Object(Illuminate/Http/Request), Object(Closure))
#36 Z:/laragon/www/Praktikum_SIWEB_WEEK8/vendor/laravel/framework/src/Illuminate/Cookie/Middleware/AddQueuedCookiesToResponse.php(36): Illuminate/Pipeline/Pipeline->{closure:{closure:Illuminate/Pipeline/Pipeline::carry():194}:195}(Object(Illuminate/Http/Request))
#37 Z:/laragon/www/Praktikum_SIWEB_WEEK8/vendor/laravel/framework/src/Illuminate/Pipeline/Pipeline.php(219): Illuminate/Cookie/Middleware/AddQueuedCookiesToResponse->handle(Object(Illuminate/Http/Request), Object(Closure))
#38 Z:/laragon/www/Praktikum_SIWEB_WEEK8/vendor/laravel/framework/src/Illuminate/Cookie/Middleware/EncryptCookies.php(74): Illuminate/Pipeline/Pipeline->{closure:{closure:Illuminate/Pipeline/Pipeline::carry():194}:195}(Object(Illuminate/Http/Request))
#39 Z:/laragon/www/Praktikum_SIWEB_WEEK8/vendor/laravel/framework/src/Illuminate/Pipeline/Pipeline.php(219): Illuminate/Cookie/Middleware/EncryptCookies->handle(Object(Illuminate/Http/Request), Object(Closure))
#40 Z:/laragon/www/Praktikum_SIWEB_WEEK8/vendor/laravel/framework/src/Illuminate/Pipeline/Pipeline.php(137): Illuminate/Pipeline/Pipeline->{closure:{closure:Illuminate/Pipeline/Pipeline::carry():194}:195}(Object(Illuminate/Http/Request))
#41 Z:/laragon/www/Praktikum_SIWEB_WEEK8/vendor/laravel/framework/src/Illuminate/Routing/Router.php(821): Illuminate/Pipeline/Pipeline->then(Object(Closure))
#42 Z:/laragon/www/Praktikum_SIWEB_WEEK8/vendor/laravel/framework/src/Illuminate/Routing/Router.php(800): Illuminate/Routing/Router->runRouteWithinStack(Object(Illuminate/Routing/Route), Object(Illuminate/Http/Request))
#43 Z:/laragon/www/Praktikum_SIWEB_WEEK8/vendor/laravel/framework/src/Illuminate/Routing/Router.php(764): Illuminate/Routing/Router->runRoute(Object(Illuminate/Http/Request), Object(Illuminate/Routing/Route))
#44 Z:/laragon/www/Praktikum_SIWEB_WEEK8/vendor/laravel/framework/src/Illuminate/Routing/Router.php(753): Illuminate/Routing/Router->dispatchToRoute(Object(Illuminate/Http/Request))
#45 Z:/laragon/www/Praktikum_SIWEB_WEEK8/vendor/laravel/framework/src/Illuminate/Foundation/Http/Kernel.php(200): Illuminate/Routing/Router->dispatch(Object(Illuminate/Http/Request))
#46 Z:/laragon/www/Praktikum_SIWEB_WEEK8/vendor/laravel/framework/src/Illuminate/Pipeline/Pipeline.php(180): Illuminate/Foundation/Http/Kernel->{closure:Illuminate/Foundation/Http/Kernel::dispatchToRouter():197}(Object(Illuminate/Http/Request))
#47 Z:/laragon/www/Praktikum_SIWEB_WEEK8/vendor/laravel/framework/src/Illuminate/Foundation/Http/Middleware/TransformsRequest.php(21): Illuminate/Pipeline/Pipeline->{closure:Illuminate/Pipeline/Pipeline::prepareDestination():178}(Object(Illuminate/Http/Request))
#48 Z:/laragon/www/Praktikum_SIWEB_WEEK8/vendor/laravel/framework/src/Illuminate/Foundation/Http/Middleware/ConvertEmptyStringsToNull.php(31): Illuminate/Foundation/Http/Middleware/TransformsRequest->handle(Object(Illuminate/Http/Request), Object(Closure))
#49 Z:/laragon/www/Praktikum_SIWEB_WEEK8/vendor/laravel/framework/src/Illuminate/Pipeline/Pipeline.php(219): Illuminate/Foundation/Http/Middleware/ConvertEmptyStringsToNull->handle(Object(Illuminate/Http/Request), Object(Closure))
#50 Z:/laragon/www/Praktikum_SIWEB_WEEK8/vendor/laravel/framework/src/Illuminate/Foundation/Http/Middleware/TransformsRequest.php(21): Illuminate/Pipeline/Pipeline->{closure:{closure:Illuminate/Pipeline/Pipeline::carry():194}:195}(Object(Illuminate/Http/Request))
#51 Z:/laragon/www/Praktikum_SIWEB_WEEK8/vendor/laravel/framework/src/Illuminate/Foundation/Http/Middleware/TrimStrings.php(51): Illuminate/Foundation/Http/Middleware/TransformsRequest->handle(Object(Illuminate/Http/Request), Object(Closure))
#52 Z:/laragon/www/Praktikum_SIWEB_WEEK8/vendor/laravel/framework/src/Illuminate/Pipeline/Pipeline.php(219): Illuminate/Foundation/Http/Middleware/TrimStrings->handle(Object(Illuminate/Http/Request), Object(Closure))
#53 Z:/laragon/www/Praktikum_SIWEB_WEEK8/vendor/laravel/framework/src/Illuminate/Http/Middleware/ValidatePostSize.php(27): Illuminate/Pipeline/Pipeline->{closure:{closure:Illuminate/Pipeline/Pipeline::carry():194}:195}(Object(Illuminate/Http/Request))
#54 Z:/laragon/www/Praktikum_SIWEB_WEEK8/vendor/laravel/framework/src/Illuminate/Pipeline/Pipeline.php(219): Illuminate/Http/Middleware/ValidatePostSize->handle(Object(Illuminate/Http/Request), Object(Closure))
#55 Z:/laragon/www/Praktikum_SIWEB_WEEK8/vendor/laravel/framework/src/Illuminate/Foundation/Http/Middleware/PreventRequestsDuringMaintenance.php(109): Illuminate/Pipeline/Pipeline->{closure:{closure:Illuminate/Pipeline/Pipeline::carry():194}:195}(Object(Illuminate/Http/Request))
#56 Z:/laragon/www/Praktikum_SIWEB_WEEK8/vendor/laravel/framework/src/Illuminate/Pipeline/Pipeline.php(219): Illuminate/Foundation/Http/Middleware/PreventRequestsDuringMaintenance->handle(Object(Illuminate/Http/Request), Object(Closure))
#57 Z:/laragon/www/Praktikum_SIWEB_WEEK8/vendor/laravel/framework/src/Illuminate/Http/Middleware/HandleCors.php(61): Illuminate/Pipeline/Pipeline->{closure:{closure:Illuminate/Pipeline/Pipeline::carry():194}:195}(Object(Illuminate/Http/Request))
#58 Z:/laragon/www/Praktikum_SIWEB_WEEK8/vendor/laravel/framework/src/Illuminate/Pipeline/Pipeline.php(219): Illuminate/Http/Middleware/HandleCors->handle(Object(Illuminate/Http/Request), Object(Closure))
#59 Z:/laragon/www/Praktikum_SIWEB_WEEK8/vendor/laravel/framework/src/Illuminate/Http/Middleware/TrustProxies.php(58): Illuminate/Pipeline/Pipeline->{closure:{closure:Illuminate/Pipeline/Pipeline::carry():194}:195}(Object(Illuminate/Http/Request))
#60 Z:/laragon/www/Praktikum_SIWEB_WEEK8/vendor/laravel/framework/src/Illuminate/Pipeline/Pipeline.php(219): Illuminate/Http/Middleware/TrustProxies->handle(Object(Illuminate/Http/Request), Object(Closure))
#61 Z:/laragon/www/Praktikum_SIWEB_WEEK8/vendor/laravel/framework/src/Illuminate/Foundation/Http/Middleware/InvokeDeferredCallbacks.php(22): Illuminate/Pipeline/Pipeline->{closure:{closure:Illuminate/Pipeline/Pipeline::carry():194}:195}(Object(Illuminate/Http/Request))
#62 Z:/laragon/www/Praktikum_SIWEB_WEEK8/vendor/laravel/framework/src/Illuminate/Pipeline/Pipeline.php(219): Illuminate/Foundation/Http/Middleware/InvokeDeferredCallbacks->handle(Object(Illuminate/Http/Request), Object(Closure))
#63 Z:/laragon/www/Praktikum_SIWEB_WEEK8/vendor/laravel/framework/src/Illuminate/Http/Middleware/ValidatePathEncoding.php(26): Illuminate/Pipeline/Pipeline->{closure:{closure:Illuminate/Pipeline/Pipeline::carry():194}:195}(Object(Illuminate/Http/Request))
#64 Z:/laragon/www/Praktikum_SIWEB_WEEK8/vendor/laravel/framework/src/Illuminate/Pipeline/Pipeline.php(219): Illuminate/Http/Middleware/ValidatePathEncoding->handle(Object(Illuminate/Http/Request), Object(Closure))
#65 Z:/laragon/www/Praktikum_SIWEB_WEEK8/vendor/laravel/framework/src/Illuminate/Pipeline/Pipeline.php(137): Illuminate/Pipeline/Pipeline->{closure:{closure:Illuminate/Pipeline/Pipeline::carry():194}:195}(Object(Illuminate/Http/Request))
#66 Z:/laragon/www/Praktikum_SIWEB_WEEK8/vendor/laravel/framework/src/Illuminate/Foundation/Http/Kernel.php(175): Illuminate/Pipeline/Pipeline->then(Object(Closure))
#67 Z:/laragon/www/Praktikum_SIWEB_WEEK8/vendor/laravel/framework/src/Illuminate/Foundation/Http/Kernel.php(144): Illuminate/Foundation/Http/Kernel->sendRequestThroughRouter(Object(Illuminate/Http/Request))
#68 Z:/laragon/www/Praktikum_SIWEB_WEEK8/vendor/laravel/framework/src/Illuminate/Foundation/Application.php(1220): Illuminate/Foundation/Http/Kernel->handle(Object(Illuminate/Http/Request))
#69 Z:/laragon/www/Praktikum_SIWEB_WEEK8/public/index.php(20): Illuminate/Foundation/Application->handleRequest(Object(Illuminate/Http/Request))
#70 Z:/laragon/www/Praktikum_SIWEB_WEEK8/vendor/laravel/framework/src/Illuminate/Foundation/resources/server.php(23): require_once('Z://laragon//www//...')
#71 {main}
"} 
[2026-05-13 09:22:51] local.ERROR: Google social login error {"message":""} 
